,Unnamed: 0,rat,age,sex,gtyp,treatment,vessel_idx,activity_type,baseline,injected,change
0,0,20240814a,Young,M,fa/fa,empa,0,single,0.0287269461675708,0.0324191885640914,0.0036922423965206
1,1,20240814a,Young,M,fa/fa,empa,4,single,0.0261283486868833,,
2,2,20240814a,Young,M,fa/fa,empa,6,single,0.0273527666566339,0.0297277935860484,0.0023750269294144
3,3,20240814a,Young,M,fa/fa,vehicle,1,double,0.0266282282511057,0.0271337782537329,0.0005055500026272
4,4,20240814a,Young,M,fa/fa,vehicle,3,single,0.025573866473375,0.0247958368495016,-0.0007780296238734
5,5,20240814a,Young,M,fa/fa,vehicle,4,single,0.0265529668537741,0.0265914279965272,3.8461142753111466e-05
6,6,20240814a,Young,M,fa/fa,vehicle,5,single,0.0261086743757639,0.0267393929853379,0.000630718609574
7,7,20240814a,Young,M,fa/fa,vehicle,6,single,0.027132934474343,0.0271166058289978,-1.632864534520037e-05
8,8,20240814a,Young,M,fa/fa,vehicle,17,single,,0.0261954551059202,
9,9,20240814a,Young,M,fa/fa,vehicle,18,single,0.0250075738225879,0.0253451035614225,0.0003375297388346
10,10,20240815a,Young,F,fa/+,empa,0,single,0.0259217981051316,,
11,11,20240815a,Young,F,fa/+,empa,1,single,0.0262902997472402,,
12,12,20240815a,Young,F,fa/+,empa,2,single,0.0250489175076569,,
13,13,20240815a,Young,F,fa/+,empa,4,single,0.0260733984028837,,
14,14,20240815a,Young,F,fa/+,empa,5,single,0.0264978437789598,,
15,15,20240815a,Young,F,fa/+,empa,6,single,0.0251198461939482,,
16,16,20240815a,Young,F,fa/+,empa,7,single,0.0274185899507769,,
17,17,20240815a,Young,F,fa/+,empa,10,single,0.0268825034272717,,
18,18,20240815a,Young,F,fa/+,empa,11,single,0.0267469024933836,,
19,19,20240815a,Young,F,fa/+,empa,12,single,0.027440063122291,,
20,20,20240815a,Young,F,fa/+,empa,13,single,0.0262791975704268,,
21,21,20240815a,Young,F,fa/+,empa,14,single,0.0252961749678198,,
22,22,20240815a,Young,F,fa/+,empa,16,single,0.026834866972758,,
23,23,20240815a,Young,F,fa/+,empa,18,single,0.0263538254309826,,
24,24,20240815a,Young,F,fa/+,empa,19,single,0.0272147707227195,,
25,25,20240815a,Young,F,fa/+,empa,20,single,0.028186296411794,,
26,26,20240815a,Young,F,fa/+,empa,21,single,0.0269697022111251,,
27,27,20240815a,Young,F,fa/+,empa,22,single,0.0256758639244561,,
28,28,20240815a,Young,F,fa/+,empa,24,single,0.0240318931654293,,
29,29,20240815a,Young,F,fa/+,empa,27,single,0.0251391446447845,,
30,30,20240815a,Young,F,fa/+,empa,28,single,0.0267344467641056,,
31,31,20240815a,Young,F,fa/+,vehicle,0,single,0.0217959079736673,0.0236923146124052,0.0018964066387379
32,32,20240815a,Young,F,fa/+,vehicle,1,single,0.0225071260862055,0.023266165250028,0.0007590391638224
33,33,20240815a,Young,F,fa/+,vehicle,2,double,0.0230245188911444,0.0240076469765422,0.0009831280853977
34,34,20240815a,Young,F,fa/+,vehicle,3,double,0.0250037589150794,,
35,35,20240815a,Young,F,fa/+,vehicle,4,single,0.0239089707776544,0.0257017649180868,0.0017927941404324
36,36,20240815a,Young,F,fa/+,vehicle,5,single,0.0227109968166066,0.0246698066960729,0.0019588098794663
37,37,20240815a,Young,F,fa/+,vehicle,6,single,0.0213032639500977,0.0228917461330329,0.0015884821829352
38,38,20240815a,Young,F,fa/+,vehicle,7,single,0.022309834215181,0.0246087245742979,0.0022988903591168
39,39,20240815a,Young,F,fa/+,vehicle,8,single,0.0211989805809822,0.0230261537690724,0.0018271731880901
40,40,20240815a,Young,F,fa/+,vehicle,9,single,0.0247679340053401,0.0267498301113046,0.0019818961059644
41,41,20240815a,Young,F,fa/+,vehicle,10,single,0.0225394180337134,0.0245126877898973,0.0019732697561838
42,42,20240815a,Young,F,fa/+,vehicle,11,single,0.0225962292790309,0.0243832771947891,0.0017870479157582
43,43,20240815a,Young,F,fa/+,vehicle,12,double,0.0220794463704508,0.0233705643642289,0.0012911179937781
44,44,20240815a,Young,F,fa/+,vehicle,13,single,0.0217392504931176,0.02348287858397,0.0017436280908523
45,45,20240815a,Young,F,fa/+,vehicle,14,single,0.0226987888272401,0.02331422668871,0.0006154378614699
46,46,20240815a,Young,F,fa/+,vehicle,15,single,0.0224103608290689,0.024195500519384,0.001785139690315
47,47,20240815a,Young,F,fa/+,vehicle,16,single,0.0225142206540785,0.019913735306044,-0.0026004853480344
48,48,20240815a,Young,F,fa/+,vehicle,18,single,0.0228244091482313,0.0231719728340511,0.0003475636858197
49,49,20240815a,Young,F,fa/+,vehicle,19,single,0.0238938220229274,0.0240645733303556,0.0001707513074282
50,50,20240815a,Young,F,fa/+,vehicle,20,single,0.0227651383783147,0.0239861982387478,0.0012210598604331
51,51,20240815a,Young,F,fa/+,vehicle,21,single,0.0239812317241239,0.024409207139136,0.0004279754150121
52,52,20240815a,Young,F,fa/+,vehicle,23,single,0.0242056981087826,0.0267202618735078,0.0025145637647251
53,53,20240815a,Young,F,fa/+,vehicle,24,single,0.0212341039863176,,
54,54,20240815a,Young,F,fa/+,vehicle,27,single,0.0227817348998156,0.0235130643761983,0.0007313294763827
55,55,20240815a,Young,F,fa/+,vehicle,28,single,0.021965368405836,,
56,56,20240815b,Young,F,fa/fa,empa,0,single,0.0268926411447001,0.0297483217855905,0.0028556806408903
57,57,20240815b,Young,F,fa/fa,empa,1,single,0.0271775938272356,0.0278638808816891,0.0006862870544535
58,58,20240815b,Young,F,fa/fa,empa,2,single,0.0290708810078966,0.0315277365424271,0.0024568555345305
59,59,20240815b,Young,F,fa/fa,empa,3,double,0.0288171079977133,0.0345989320367613,0.005781824039048
60,60,20240815b,Young,F,fa/fa,empa,4,single,0.0278875558859578,0.0346309767992508,0.0067434209132929
61,61,20240815b,Young,F,fa/fa,empa,5,single,0.0280411529932028,0.0298868046575178,0.001845651664315
62,62,20240815b,Young,F,fa/fa,empa,6,single,0.02925045790985,0.0315028967821458,0.0022524388722957
63,63,20240815b,Young,F,fa/fa,empa,7,single,0.0294699431111436,0.0313600549166417,0.001890111805498
64,64,20240815b,Young,F,fa/fa,empa,8,single,0.0293574718963568,0.0310500722049479,0.0016926003085911
65,65,20240815b,Young,F,fa/fa,empa,10,double,0.029372095688711,0.0312337195315505,0.0018616238428394
66,66,20240815b,Young,F,fa/fa,empa,11,double,0.0287571353713492,0.0314338550758458,0.0026767197044966
67,67,20240815b,Young,F,fa/fa,empa,12,single,0.0297849553728564,0.0337628601036668,0.0039779047308104
68,68,20240815b,Young,F,fa/fa,empa,13,single,0.0296957213871978,0.029535516940926,-0.0001602044462717
69,69,20240815b,Young,F,fa/fa,empa,14,single,0.029870335511059,0.0316467661551184,0.0017764306440593
70,70,20240815b,Young,F,fa/fa,empa,15,single,0.0300388143467064,0.0346089748219816,0.0045701604752752
71,71,20240815b,Young,F,fa/fa,empa,16,single,0.0319024112113973,0.0347912729005915,0.0028888616891941
72,72,20240815b,Young,F,fa/fa,empa,17,single,0.0286334079544191,0.0303926863432938,0.0017592783888746
73,73,20240815b,Young,F,fa/fa,empa,18,single,0.0327521353512475,0.0346297697939872,0.0018776344427396
74,74,20240815b,Young,F,fa/fa,empa,19,single,0.028801572559088,0.0312579688236576,0.0024563962645695
75,75,20240815b,Young,F,fa/fa,empa,20,single,0.0292557642554555,0.0319626107014699,0.0027068464460144
76,76,20240815b,Young,F,fa/fa,empa,21,single,0.0311814047373064,0.0350398730362935,0.003858468298987
77,77,20240815b,Young,F,fa/fa,empa,22,single,0.0321196399314277,0.0350135549638036,0.0028939150323759
78,78,20240815b,Young,F,fa/fa,empa,23,single,0.0285067469745983,0.031759998555739,0.0032532515811406
79,79,20240815b,Young,F,fa/fa,empa,24,single,0.0312804306205208,0.0336337999442686,0.0023533693237477
80,80,20240815b,Young,F,fa/fa,empa,25,double,0.031026927276229,0.0332526671871114,0.0022257399108824
81,81,20240815b,Young,F,fa/fa,empa,26,double,0.0319634562393196,0.0351466124873945,0.0031831562480749
82,82,20240815b,Young,F,fa/fa,vehicle,0,single,0.0231764198547448,0.0257814924895997,0.0026050726348549
83,83,20240815b,Young,F,fa/fa,vehicle,1,single,0.0231614928928723,0.0251302665896332,0.0019687736967609
84,84,20240815b,Young,F,fa/fa,vehicle,2,single,0.0280016871402563,0.0293705773039496,0.0013688901636932
85,85,20240815b,Young,F,fa/fa,vehicle,3,double,0.0280747184373701,0.0309923015129486,0.0029175830755785
86,86,20240815b,Young,F,fa/fa,vehicle,4,single,0.0286027852515288,0.0308164650093173,0.0022136797577884
87,87,20240815b,Young,F,fa/fa,vehicle,5,single,0.0239656256818778,0.0263893226926393,0.0024236970107614
88,88,20240815b,Young,F,fa/fa,vehicle,6,single,0.02431915181786,0.0272405876990777,0.0029214358812176
89,89,20240815b,Young,F,fa/fa,vehicle,7,single,0.0242040596381151,0.0270077274400674,0.0028036678019523
90,90,20240815b,Young,F,fa/fa,vehicle,8,single,0.0243943295983277,0.0271044054457155,0.0027100758473878
91,91,20240815b,Young,F,fa/fa,vehicle,9,single,0.0234823600146785,0.0258119523860864,0.0023295923714078
92,92,20240815b,Young,F,fa/fa,vehicle,10,single,0.0244514852397079,0.0269170331970977,0.0024655479573897
93,93,20240815b,Young,F,fa/fa,vehicle,11,single,0.0239596478360514,0.0271680213938301,0.0032083735577786
94,94,20240815b,Young,F,fa/fa,vehicle,12,single,0.028225096027425,0.0307716590367608,0.0025465630093358
95,95,20240815b,Young,F,fa/fa,vehicle,13,single,0.0283415041318562,0.029536615428608,0.0011951112967518
96,96,20240815b,Young,F,fa/fa,vehicle,14,single,0.0284365919091061,0.0293924299015428,0.0009558379924366
97,97,20240815b,Young,F,fa/fa,vehicle,15,single,0.0285376885836471,0.0293468766836757,0.0008091881000286
98,98,20240815b,Young,F,fa/fa,vehicle,16,single,0.0286588012815092,0.0308566867503127,0.0021978854688034
99,99,20240815b,Young,F,fa/fa,vehicle,17,single,0.0238273244637054,0.0270472433777416,0.0032199189140362
100,100,20240815b,Young,F,fa/fa,vehicle,18,single,0.0285515732251907,0.0308039470039409,0.0022523737787501
101,101,20240815b,Young,F,fa/fa,vehicle,19,single,0.0236293550074872,0.026944486138048,0.0033151311305607
102,102,20240815b,Young,F,fa/fa,vehicle,20,single,0.0250515800637517,0.0267284501206143,0.0016768700568625
103,103,20240815b,Young,F,fa/fa,vehicle,21,single,0.0283617244294671,0.0313026755324118,0.0029409511029446
104,104,20240815b,Young,F,fa/fa,vehicle,22,single,0.0277691000481493,0.030351822788909,0.0025827227407597
105,105,20240815b,Young,F,fa/fa,vehicle,23,single,0.0236318933023375,0.0265201772772779,0.0028882839749403
106,106,20240815b,Young,F,fa/fa,vehicle,24,single,0.0257558710901453,0.0297892205959568,0.0040333495058115
107,107,20240815b,Young,F,fa/fa,vehicle,25,single,0.0260882524580209,0.0289846887144751,0.0028964362564542
108,108,20240815b,Young,F,fa/fa,vehicle,26,single,0.0277321291662138,0.030554385089048,0.0028222559228341
109,109,20240816a,Young,F,fa/fa,empa,0,single,0.0305938554479882,0.0315898602447726,0.0009960047967844
110,110,20240816a,Young,F,fa/fa,empa,1,single,0.028,0.0327439544556861,0.0047439544556861
111,111,20240816a,Young,F,fa/fa,empa,3,single,0.0306484409175305,,
112,112,20240816a,Young,F,fa/fa,empa,5,single,0.0299449721385439,0.0288523923816492,-0.0010925797568946
113,113,20240816a,Young,F,fa/fa,empa,6,single,0.0291601090710584,0.0298011836858889,0.0006410746148304
114,114,20240816a,Young,F,fa/fa,empa,7,single,0.0253943900473052,0.0300920910994999,0.0046977010521947
115,115,20240816a,Young,F,fa/fa,empa,8,single,0.0281826491172698,0.0289800250126617,0.0007973758953919
116,116,20240816a,Young,F,fa/fa,empa,10,single,0.0281296604682363,0.0300751239514079,0.0019454634831716
117,117,20240816a,Young,F,fa/fa,empa,11,single,0.0292371834312433,0.0298911157381162,0.0006539323068729
118,118,20240816a,Young,F,fa/fa,empa,12,double,0.0286174166752322,0.029664344225313,0.0010469275500808
119,119,20240816a,Young,F,fa/fa,empa,13,single,0.0282318232139892,0.0300186759569425,0.0017868527429532
120,120,20240816a,Young,F,fa/fa,empa,14,double,0.0239301366234737,0.0254144980980775,0.0014843614746037
121,121,20240816a,Young,F,fa/fa,empa,15,double,0.0281975248428308,0.0298244608433243,0.0016269360004934
122,122,20240816a,Young,F,fa/fa,empa,17,single,0.0233830649676287,0.0283141258854066,0.0049310609177778
123,123,20240816a,Young,F,fa/fa,empa,18,single,0.0218103526360127,0.0245985427355854,0.0027881900995727
124,124,20240816a,Young,F,fa/fa,empa,21,single,0.0262391584691728,0.0244124195291322,-0.0018267389400405
125,125,20240816a,Young,F,fa/fa,empa,26,single,0.02214313407925,0.0245156874381527,0.0023725533589027
126,126,20240816a,Young,F,fa/fa,empa,27,single,0.0220683597157309,0.0245332033680264,0.0024648436522954
127,127,20240816a,Young,F,fa/fa,empa,28,single,0.0239630537267402,0.0247098209081805,0.0007467671814403
128,128,20240816a,Young,F,fa/fa,empa,30,single,0.0210181204491987,0.020979663273887,-3.845717531176032e-05
129,129,20240816a,Young,F,fa/fa,vehicle,0,single,0.0279634866016946,0.0297679256240702,0.0018044390223756
130,130,20240816a,Young,F,fa/fa,vehicle,4,single,0.0289495302704157,0.0297938529383378,0.000844322667922
131,131,20240816a,Young,F,fa/fa,vehicle,5,single,0.0280062623046145,0.0295194152207323,0.0015131529161178
132,132,20240816a,Young,F,fa/fa,vehicle,6,single,0.0283207196957445,0.0290900833316406,0.0007693636358961
133,133,20240816a,Young,F,fa/fa,vehicle,7,double,0.0281245779979339,0.0290030037196093,0.0008784257216754
134,134,20240816a,Young,F,fa/fa,vehicle,8,single,0.0287102761079736,0.0286552052114171,-5.507089655646877e-05
135,135,20240816a,Young,F,fa/fa,vehicle,9,single,0.0288174718372498,0.0291544216954445,0.0003369498581946
136,136,20240816a,Young,F,fa/fa,vehicle,10,single,0.0276663795453716,0.0288259485631991,0.0011595690178274
137,137,20240816a,Young,F,fa/fa,vehicle,11,single,0.0272393812866183,0.0293208765552794,0.0020814952686611
138,138,20240816a,Young,F,fa/fa,vehicle,12,single,0.0287841340297184,0.0294447285445656,0.0006605945148471
139,139,20240816a,Young,F,fa/fa,vehicle,13,single,0.0279279639847209,0.0289463816337025,0.0010184176489815
140,140,20240816a,Young,F,fa/fa,vehicle,14,single,0.0245316840636226,0.0243406439419188,-0.0001910401217038
141,141,20240816a,Young,F,fa/fa,vehicle,15,single,0.0280636177279635,0.0290065920609977,0.0009429743330342
142,142,20240816a,Young,F,fa/fa,vehicle,16,single,0.0287922561736144,0.0291914459052126,0.0003991897315982
143,143,20240816a,Young,F,fa/fa,vehicle,17,single,0.0242903514119368,,
144,144,20240816a,Young,F,fa/fa,vehicle,18,single,0.0228878176870914,0.0232206462236873,0.0003328285365959
145,145,20240816a,Young,F,fa/fa,vehicle,20,single,0.0246003461739757,0.0258287909464442,0.0012284447724685
146,146,20240816a,Young,F,fa/fa,vehicle,21,single,0.0261562567802461,0.0251597561487713,-0.0009965006314748
147,147,20240816a,Young,F,fa/fa,vehicle,23,single,0.0268837030961094,0.0257092525771645,-0.0011744505189449
148,148,20240816a,Young,F,fa/fa,vehicle,26,single,0.0231108194659025,0.0234372153249159,0.0003263958590133
149,149,20240816a,Young,F,fa/fa,vehicle,27,single,0.0229196526234591,0.0233921877413448,0.0004725351178856
150,150,20240816a,Young,F,fa/fa,vehicle,28,single,0.023321365431063,0.0237904068957047,0.0004690414646416
151,151,20240816a,Young,F,fa/fa,vehicle,32,single,0.0239209481997597,0.0241736524559487,0.0002527042561889
152,152,20240816b,Young,F,fa/+,empa,1,single,0.0230834208078687,0.024730759966268,0.0016473391583992
153,153,20240816b,Young,F,fa/+,empa,2,single,0.0230626561368011,0.0259763065052456,0.0029136503684444
154,154,20240816b,Young,F,fa/+,empa,3,single,0.0239242538499345,,
155,155,20240816b,Young,F,fa/+,empa,4,single,0.025,,
156,156,20240816b,Young,F,fa/+,empa,7,single,0.0225180178604762,0.0240671710837488,0.0015491532232726
157,157,20240816b,Young,F,fa/+,empa,8,single,0.0233793920763458,0.0258316064450747,0.0024522143687288
158,158,20240816b,Young,F,fa/+,empa,10,single,0.0231289471808903,0.0239887310889257,0.0008597839080354
159,159,20240816b,Young,F,fa/+,empa,11,single,0.0228605782862548,0.0249138070400145,0.0020532287537596
160,160,20240816b,Young,F,fa/+,empa,12,single,0.0223844249897285,0.0247446634329449,0.0023602384432163
161,161,20240816b,Young,F,fa/+,empa,13,single,0.0237125576257795,0.0233664114776175,-0.0003461461481619
162,162,20240816b,Young,F,fa/+,empa,14,single,0.0241221174331994,,
163,163,20240816b,Young,F,fa/+,empa,15,single,0.025476894739341,0.0259861045389865,0.0005092097996455
164,164,20240816b,Young,F,fa/+,empa,16,single,0.0239430782237622,0.0248706933165782,0.000927615092816
165,165,20240816b,Young,F,fa/+,empa,17,single,0.0236442790044364,0.0258599960858434,0.002215717081407
166,166,20240816b,Young,F,fa/+,empa,19,double,0.0234833903100041,0.0263625184982005,0.0028791281881963
167,167,20240816b,Young,F,fa/+,empa,20,single,0.0212064209833162,0.0231725408629522,0.001966119879636
168,168,20240816b,Young,F,fa/+,empa,21,single,0.0221858286865978,0.0237151925947396,0.0015293639081418
169,169,20240816b,Young,F,fa/+,empa,22,single,0.0238474332260863,0.0264075150270576,0.0025600818009712
170,170,20240816b,Young,F,fa/+,empa,23,single,0.0233817821304929,0.02585790059238,0.002476118461887
171,171,20240816b,Young,F,fa/+,empa,24,single,0.0237718324310732,0.0261370574145499,0.0023652249834767
172,172,20240816b,Young,F,fa/+,empa,25,single,0.0235956588341358,0.023636917352181,4.125851804522018e-05
173,173,20240816b,Young,F,fa/+,empa,27,single,0.0238786357978375,,
174,174,20240816b,Young,F,fa/+,empa,28,single,0.0235271225349192,0.024761227185342,0.0012341046504227
175,175,20240816b,Young,F,fa/+,vehicle,0,single,0.018152645828713,0.0216299074029095,0.0034772615741965
176,176,20240816b,Young,F,fa/+,vehicle,1,single,0.0196590480432707,0.0216274159916227,0.001968367948352
177,177,20240816b,Young,F,fa/+,vehicle,2,single,0.0197184983001862,0.0218951887115631,0.0021766904113769
178,178,20240816b,Young,F,fa/+,vehicle,3,single,0.0203354753981986,0.0226146368588983,0.0022791614606996
179,179,20240816b,Young,F,fa/+,vehicle,4,single,0.020907969132449,0.0229081270504558,0.0020001579180067
180,180,20240816b,Young,F,fa/+,vehicle,5,single,0.0205514585656756,0.0232198655694073,0.0026684070037317
181,181,20240816b,Young,F,fa/+,vehicle,6,single,0.0205906094824309,,
182,182,20240816b,Young,F,fa/+,vehicle,7,single,0.0195802769791099,0.0211545286472063,0.0015742516680964
183,183,20240816b,Young,F,fa/+,vehicle,8,single,0.0218790680698354,0.0221123874214331,0.0002333193515977
184,184,20240816b,Young,F,fa/+,vehicle,9,single,0.0224115098003372,0.0219155034701025,-0.0004960063302347
185,185,20240816b,Young,F,fa/+,vehicle,10,single,0.0201239758598519,0.0220984843906821,0.0019745085308302
186,186,20240816b,Young,F,fa/+,vehicle,11,single,0.0221007494960459,0.022439558586679,0.0003388090906331
187,187,20240816b,Young,F,fa/+,vehicle,12,single,0.0203380975234132,0.0211973537536904,0.0008592562302772
188,188,20240816b,Young,F,fa/+,vehicle,13,single,0.0201505122533567,0.0212096168850824,0.0010591046317257
189,189,20240816b,Young,F,fa/+,vehicle,14,single,0.0212575018172126,0.023305714411544,0.0020482125943314
190,190,20240816b,Young,F,fa/+,vehicle,15,single,0.0233758604581116,0.0233758462272961,-1.4230815463533997e-08
191,191,20240816b,Young,F,fa/+,vehicle,16,single,0.0215963317099614,0.0247256339822888,0.0031293022723274
192,192,20240816b,Young,F,fa/+,vehicle,17,single,0.0215371268136748,0.0240756217105125,0.0025384948968376
193,193,20240816b,Young,F,fa/+,vehicle,18,single,0.0208823833722565,0.0217353593286826,0.0008529759564261
194,194,20240816b,Young,F,fa/+,vehicle,19,single,0.0207136383555508,0.0235153998152931,0.0028017614597422
195,195,20240816b,Young,F,fa/+,vehicle,20,single,0.0209467099894025,0.0207493590202528,-0.0001973509691496
196,196,20240816b,Young,F,fa/+,vehicle,21,single,0.020131614814714,0.0213925685652165,0.0012609537505024
197,197,20240816b,Young,F,fa/+,vehicle,22,single,0.0208796159802366,0.0234816957520043,0.0026020797717677
198,198,20240816b,Young,F,fa/+,vehicle,23,single,0.0208889750390041,0.0229164908698977,0.0020275158308936
199,199,20240816b,Young,F,fa/+,vehicle,24,single,0.0202679399336952,0.0214055001671158,0.0011375602334206
200,200,20240816b,Young,F,fa/+,vehicle,25,single,0.0214110089330697,0.0236513135887847,0.0022403046557149
201,201,20240816b,Young,F,fa/+,vehicle,26,single,0.0220703046311696,0.023133490101459,0.0010631854702893
202,202,20240816b,Young,F,fa/+,vehicle,27,single,0.0221171230315269,0.0219618135340159,-0.000155309497511
203,203,20240816b,Young,F,fa/+,vehicle,28,single,0.0215626705046893,0.024005554739541,0.0024428842348516
204,204,20240816b,Young,F,fa/+,vehicle,29,single,0.0225564354882153,,
205,205,20240820a,Young,M,fa/+,empa,0,single,0.0300141059216227,0.0288135335591987,-0.0012005723624239
206,206,20240820a,Young,M,fa/+,empa,2,single,0.0305912536853128,0.0292642593663212,-0.0013269943189915
207,207,20240820a,Young,M,fa/+,empa,4,single,0.0335174274026319,0.0305188113559532,-0.0029986160466787
208,208,20240820a,Young,M,fa/+,empa,6,single,0.0309989452728799,0.0300300199315022,-0.0009689253413776
209,209,20240820a,Young,M,fa/+,empa,7,single,0.0320118786900801,0.0320029694897152,-8.909200364858039e-06
210,210,20240820a,Young,M,fa/+,empa,8,single,0.0329611937940996,0.031703072749596,-0.0012581210445035
211,211,20240820a,Young,M,fa/+,empa,9,single,0.0299404901775738,0.0293268382051688,-0.0006136519724049
212,212,20240820a,Young,M,fa/+,empa,10,single,0.0308818457108305,0.0282123122664975,-0.002669533444333
213,213,20240820a,Young,M,fa/+,empa,11,single,0.0341937445422124,0.030943991144095,-0.0032497533981174
214,214,20240820a,Young,M,fa/+,empa,15,single,0.0334409738450659,0.0319076626089869,-0.001533311236079
215,215,20240820a,Young,M,fa/+,empa,16,single,,0.0281105888702934,
216,216,20240820a,Young,M,fa/+,empa,17,single,0.0321088884550086,0.028073301109485,-0.0040355873455235
217,217,20240820a,Young,M,fa/+,empa,18,single,0.0314728608631445,0.0313381831313222,-0.0001346777318222
218,218,20240820a,Young,M,fa/+,empa,22,single,0.0299111859278216,0.0293882956925437,-0.0005228902352779
219,219,20240820a,Young,M,fa/+,empa,23,single,0.0300012450992127,0.0280005865002039,-0.0020006585990088
220,220,20240820a,Young,M,fa/+,empa,24,single,0.0297928636670732,0.0296309435769579,-0.0001619200901153
221,221,20240820a,Young,M,fa/+,empa,25,single,0.0307829218550522,0.0284341585370061,-0.002348763318046
222,222,20240820a,Young,M,fa/+,empa,26,single,0.0281603342475562,0.0281519407438956,-8.393503660563545e-06
223,223,20240820a,Young,M,fa/+,empa,27,single,0.0290541309521663,0.0276931636932983,-0.001360967258868
224,224,20240820a,Young,M,fa/+,vehicle,0,single,0.0241284783928156,0.0249587057082769,0.0008302273154613
225,225,20240820a,Young,M,fa/+,vehicle,1,single,0.0243090886755678,0.0248280496880382,0.0005189610124704
226,226,20240820a,Young,M,fa/+,vehicle,2,single,0.0239013227594956,0.0249690249598399,0.0010677022003443
227,227,20240820a,Young,M,fa/+,vehicle,3,single,0.0243274692271556,0.0252881246884922,0.0009606554613365
228,228,20240820a,Young,M,fa/+,vehicle,5,single,0.0250132294016363,0.0263752017790999,0.0013619723774635
229,229,20240820a,Young,M,fa/+,vehicle,6,single,0.0238878939863592,0.0244278042930857,0.0005399103067265
230,230,20240820a,Young,M,fa/+,vehicle,7,single,0.0254224469865771,0.0269558908869197,0.0015334439003425
231,231,20240820a,Young,M,fa/+,vehicle,8,single,,0.0267036438324067,
232,232,20240820a,Young,M,fa/+,vehicle,9,single,0.0240612251213743,0.0250598553510951,0.0009986302297208
233,233,20240820a,Young,M,fa/+,vehicle,10,single,0.0242917034973294,0.0251736854496444,0.0008819819523149
234,234,20240820a,Young,M,fa/+,vehicle,11,single,0.0254519368313758,0.0270929904230881,0.0016410535917122
235,235,20240820a,Young,M,fa/+,vehicle,12,single,0.0249068527706053,0.025959927192415,0.0010530744218097
236,236,20240820a,Young,M,fa/+,vehicle,13,single,0.0230158965508921,0.0244437338344789,0.0014278372835868
237,237,20240820a,Young,M,fa/+,vehicle,14,single,0.0237983751164441,0.0251668849148987,0.0013685097984546
238,238,20240820a,Young,M,fa/+,vehicle,15,single,0.0255632489106175,0.0278765833545598,0.0023133344439423
239,239,20240820a,Young,M,fa/+,vehicle,16,single,0.024331765852558,0.0259647100990583,0.0016329442465002
240,240,20240820a,Young,M,fa/+,vehicle,17,single,0.0247820852429526,0.0260768447100576,0.0012947594671049
241,241,20240820a,Young,M,fa/+,vehicle,18,single,0.0254694063547504,0.0267757224933482,0.0013063161385978
242,242,20240820a,Young,M,fa/+,vehicle,19,single,0.0235269653297592,0.0245477432912374,0.0010207779614782
243,243,20240820a,Young,M,fa/+,vehicle,20,single,,0.024612864539476,
244,244,20240820a,Young,M,fa/+,vehicle,22,single,0.0227812950363382,0.0245878546948032,0.0018065596584649
245,245,20240820a,Young,M,fa/+,vehicle,23,single,0.0244037931405686,0.0259849277149521,0.0015811345743834
246,246,20240820a,Young,M,fa/+,vehicle,24,single,0.0251080982821542,0.0259098376325079,0.0008017393503536
247,247,20240820a,Young,M,fa/+,vehicle,25,single,0.0231094862920496,0.0236729440682302,0.0005634577761806
248,248,20240820a,Young,M,fa/+,vehicle,26,single,0.0235713969216419,0.0259419218571747,0.0023705249355328
249,249,20240820a,Young,M,fa/+,vehicle,28,single,,0.0229008158791311,
250,250,20240820b,Young,M,fa/fa,empa,0,single,0.0213805016950399,0.0248974704806121,0.0035169687855721
251,251,20240820b,Young,M,fa/fa,empa,2,single,0.0234823062888837,,
252,252,20240820b,Young,M,fa/fa,empa,3,single,0.0214376843012064,0.0214031831295644,-3.4501171642067896e-05
253,253,20240820b,Young,M,fa/fa,empa,5,single,0.0210959812294614,,
254,254,20240820b,Young,M,fa/fa,empa,6,single,0.0227918926101519,0.0282750628332954,0.0054831702231435
255,255,20240820b,Young,M,fa/fa,empa,7,single,0.0226196546988703,0.0277057245744237,0.0050860698755533
256,256,20240820b,Young,M,fa/fa,empa,8,single,0.0214806493060755,,
257,257,20240820b,Young,M,fa/fa,empa,9,single,0.0214553726858271,0.0310589059188851,0.009603533233058
258,258,20240820b,Young,M,fa/fa,empa,10,single,0.0215755132307622,,
259,259,20240820b,Young,M,fa/fa,empa,11,single,0.0230327364441151,0.0236121901279606,0.0005794536838454
260,260,20240820b,Young,M,fa/fa,empa,12,single,0.0210677295070393,0.0282378156102132,0.0071700861031739
261,261,20240820b,Young,M,fa/fa,empa,14,single,0.0239460848572106,0.0311317653368259,0.0071856804796152
262,262,20240820b,Young,M,fa/fa,empa,15,single,0.0222697269483273,0.0212677066960656,-0.0010020202522617
263,263,20240820b,Young,M,fa/fa,empa,16,single,0.0224829983769063,0.0229194787175237,0.0004364803406174
264,264,20240820b,Young,M,fa/fa,empa,17,single,0.0223611282708973,0.0253794730541485,0.0030183447832511
265,265,20240820b,Young,M,fa/fa,empa,18,single,0.0219633205419644,,
266,266,20240820b,Young,M,fa/fa,empa,19,single,0.0227057667506748,0.0256833076933779,0.002977540942703
267,267,20240820b,Young,M,fa/fa,empa,20,single,0.0226814372304067,0.0278106252299806,0.0051291879995738
268,268,20240820b,Young,M,fa/fa,empa,21,single,0.0218798442817544,0.0269270361360226,0.0050471918542682
269,269,20240820b,Young,M,fa/fa,empa,22,single,0.0212189002767993,,
270,270,20240820b,Young,M,fa/fa,vehicle,0,single,,0.0335328036114689,
271,271,20240820b,Young,M,fa/fa,vehicle,1,single,,0.0314162809555568,
272,272,20240820b,Young,M,fa/fa,vehicle,2,single,0.0311938840698391,0.031275479500209,8.159543036996564e-05
273,273,20240820b,Young,M,fa/fa,vehicle,6,single,0.0235176570785144,0.0294201151139285,0.0059024580354141
274,274,20240820b,Young,M,fa/fa,vehicle,8,single,0.0274498754678651,0.0268605139746533,-0.0005893614932117
275,275,20240820b,Young,M,fa/fa,vehicle,9,single,0.0320310452022355,0.0320275093375417,-3.5358646938363214e-06
276,276,20240820b,Young,M,fa/fa,vehicle,10,single,0.0270855973078577,0.0288873672142352,0.0018017699063774
277,277,20240820b,Young,M,fa/fa,vehicle,11,single,0.0237539005177788,0.0288719942618902,0.0051180937441113
278,278,20240820b,Young,M,fa/fa,vehicle,12,single,0.0317503715509494,0.0323007677288805,0.0005503961779311
279,279,20240820b,Young,M,fa/fa,vehicle,14,single,0.0310300049326494,0.0324249089835383,0.0013949040508888
280,280,20240820b,Young,M,fa/fa,vehicle,15,single,0.0243432112275281,0.0321971994591635,0.0078539882316354
281,281,20240820b,Young,M,fa/fa,vehicle,16,single,0.0240609943889653,0.0280992011128747,0.0040382067239093
282,282,20240820b,Young,M,fa/fa,vehicle,18,single,0.028,,
283,283,20240820b,Young,M,fa/fa,vehicle,19,single,0.0241883707585751,0.0281546964567787,0.0039663256982036
284,284,20240820b,Young,M,fa/fa,vehicle,20,single,0.0236477648990053,0.0277040356118751,0.0040562707128697
285,285,20240820b,Young,M,fa/fa,vehicle,21,single,0.0241597797591128,0.0242003434031281,4.0563644015369216e-05
286,286,20240820b,Young,M,fa/fa,vehicle,22,single,0.0301757099784203,0.0305119519108382,0.0003362419324179
287,287,20240821a,Young,M,fa/fa,empa,0,single,0.0240632300598948,0.0262001964242375,0.0021369663643427
288,288,20240821a,Young,M,fa/fa,empa,1,single,0.0295437120140684,0.0283352306139425,-0.0012084814001258
289,289,20240821a,Young,M,fa/fa,empa,2,single,0.0261000385595791,0.026647576895229,0.0005475383356498
290,290,20240821a,Young,M,fa/fa,empa,3,single,,,
291,291,20240821a,Young,M,fa/fa,empa,6,single,0.0246196474475146,0.0247493177134923,0.0001296702659777
292,292,20240821a,Young,M,fa/fa,empa,8,single,0.0258246555273894,0.0259670971294357,0.0001424416020462
293,293,20240821a,Young,M,fa/fa,empa,10,single,0.0256459431970657,0.0234020988401039,-0.0022438443569618
294,294,20240821a,Young,M,fa/fa,empa,11,single,0.0240449543562548,0.0233538521576056,-0.0006911021986492
295,295,20240821a,Young,M,fa/fa,empa,13,single,0.0243776758411986,0.0252907787167628,0.0009131028755641
296,296,20240821a,Young,M,fa/fa,empa,14,single,0.0259273794021437,0.0237768746348446,-0.002150504767299
297,297,20240821a,Young,M,fa/fa,empa,15,single,0.0218594815624008,0.0235842178285185,0.0017247362661176
298,298,20240821a,Young,M,fa/fa,empa,16,double,0.0242386829808317,0.0245432643173352,0.0003045813365035
299,299,20240821a,Young,M,fa/fa,empa,17,double,0.023537504895388,0.0246202798523842,0.0010827749569962
300,300,20240821a,Young,M,fa/fa,empa,18,single,0.0257543244567539,,
301,301,20240821a,Young,M,fa/fa,empa,21,single,0.0242160629875696,,
302,302,20240821a,Young,M,fa/fa,vehicle,1,double,0.028542671436262,0.0284032426151298,-0.0001394288211321
303,303,20240821a,Young,M,fa/fa,vehicle,2,single,0.0260554715597933,0.0270134076626534,0.00095793610286
304,304,20240821a,Young,M,fa/fa,vehicle,4,single,0.0242785887378621,0.0239369354338001,-0.000341653304062
305,305,20240821a,Young,M,fa/fa,vehicle,6,single,0.0229301048479504,0.024572644944181,0.0016425400962306
306,306,20240821a,Young,M,fa/fa,vehicle,7,single,0.0273132361318173,0.0273150015890141,1.7654571968471475e-06
307,307,20240821a,Young,M,fa/fa,vehicle,8,double,0.0250248594280209,0.0242006904466618,-0.0008241689813591
308,308,20240821a,Young,M,fa/fa,vehicle,9,single,0.0245411863058482,0.0245149379772344,-2.6248328613864835e-05
309,309,20240821a,Young,M,fa/fa,vehicle,10,single,0.0244048724044265,0.0222342143745206,-0.0021706580299059
310,310,20240821a,Young,M,fa/fa,vehicle,12,single,0.0229703850874754,0.0215108663573306,-0.0014595187301448
311,311,20240821a,Young,M,fa/fa,vehicle,13,single,0.0229947607047737,0.0245452142896252,0.0015504535848515
312,312,20240821a,Young,M,fa/fa,vehicle,14,double,0.0251258137963888,0.0260393101484222,0.0009134963520334
313,313,20240821a,Young,M,fa/fa,vehicle,15,single,0.0232318981060387,0.0231508226854066,-8.107542063217829e-05
314,314,20240821a,Young,M,fa/fa,vehicle,16,single,0.0241849172384024,0.0235444125503246,-0.0006405046880777
315,315,20240821a,Young,M,fa/fa,vehicle,17,single,0.0246267272132144,0.0246268836952911,1.5648207664017977e-07
316,316,20240821a,Young,M,fa/fa,vehicle,18,double,0.0247215851131074,0.0248491182829523,0.0001275331698448
317,317,20240821a,Young,M,fa/fa,vehicle,19,single,0.0250290672142015,0.0256263549865691,0.0005972877723675
318,318,20240821a,Young,M,fa/fa,vehicle,20,single,0.0249002623579595,0.025138527931672,0.0002382655737125
319,319,20240821a,Young,M,fa/fa,vehicle,22,single,0.0255996570236899,0.0260124610505996,0.0004128040269096
320,320,20240821b,Young,M,fa/+,empa,2,single,0.0261673169584749,0.0293938705647675,0.0032265536062925
321,321,20240821b,Young,M,fa/+,empa,4,single,0.0264259091571587,,
322,322,20240821b,Young,M,fa/+,empa,5,single,0.0238097398919888,0.0293772221250163,0.0055674822330275
323,323,20240821b,Young,M,fa/+,empa,6,single,0.02517682051695,,
324,324,20240821b,Young,M,fa/+,empa,7,single,0.0246299704004688,,
325,325,20240821b,Young,M,fa/+,empa,8,single,0.0253732575242367,,
326,326,20240821b,Young,M,fa/+,empa,9,single,0.0256138234092866,0.0348920122311325,0.0092781888218459
327,327,20240821b,Young,M,fa/+,empa,10,single,0.0254609700310948,0.0301871967518067,0.0047262267207119
328,328,20240821b,Young,M,fa/+,empa,11,single,0.0251064504391511,,
329,329,20240821b,Young,M,fa/+,empa,12,single,0.026722885973699,0.0311245757095389,0.0044016897358398
330,330,20240821b,Young,M,fa/+,empa,13,single,0.0254713531613663,,
331,331,20240821b,Young,M,fa/+,empa,14,single,0.026185154925541,,
332,332,20240821b,Young,M,fa/+,empa,15,single,0.0263048374877869,,
333,333,20240821b,Young,M,fa/+,empa,16,single,0.0246824719328357,0.0290283632442352,0.0043458913113995
334,334,20240821b,Young,M,fa/+,empa,18,single,0.026706942016585,0.0350925903034606,0.0083856482868755
335,335,20240821b,Young,M,fa/+,empa,19,single,0.0258276865761453,,
336,336,20240821b,Young,M,fa/+,empa,20,single,0.0259415073743156,,
337,337,20240821b,Young,M,fa/+,empa,21,double,0.0258716925098484,,
338,338,20240821b,Young,M,fa/+,empa,22,single,0.0221268249799342,,
339,339,20240821b,Young,M,fa/+,empa,23,single,0.0258910040463221,,
340,340,20240821b,Young,M,fa/+,empa,24,single,0.0226211967036805,,
341,341,20240821b,Young,M,fa/+,empa,26,single,0.0227940496921503,,
342,342,20240821b,Young,M,fa/+,vehicle,0,single,0.0232618751867007,0.0219074976868406,-0.0013543774998601
343,343,20240821b,Young,M,fa/+,vehicle,1,single,,0.0239637407424092,
344,344,20240821b,Young,M,fa/+,vehicle,2,single,0.023937496769403,0.0243985303909504,0.0004610336215474
345,345,20240821b,Young,M,fa/+,vehicle,3,single,0.0226481537387095,0.0242796382858783,0.0016314845471687
346,346,20240821b,Young,M,fa/+,vehicle,4,single,0.0231719164386441,0.0243443147391389,0.0011723983004947
347,347,20240821b,Young,M,fa/+,vehicle,5,single,0.0240649264593124,0.024191407998922,0.0001264815396096
348,348,20240821b,Young,M,fa/+,vehicle,6,single,0.0223524582845109,0.0224243469812644,7.188869675351858e-05
349,349,20240821b,Young,M,fa/+,vehicle,7,single,0.0222278428415293,0.0224790292843979,0.0002511864428685
350,350,20240821b,Young,M,fa/+,vehicle,8,single,0.0223156113595614,0.0222374249221823,-7.818643737910608e-05
351,351,20240821b,Young,M,fa/+,vehicle,9,single,0.0232527262577923,0.0241083833421959,0.0008556570844035
352,352,20240821b,Young,M,fa/+,vehicle,10,single,0.0241368749085499,0.0241895189871447,5.264407859479833e-05
353,353,20240821b,Young,M,fa/+,vehicle,11,single,0.0237680242418571,0.0242636003037109,0.0004955760618538
354,354,20240821b,Young,M,fa/+,vehicle,12,single,0.0247241638715409,0.025561623678107,0.0008374598065661
355,355,20240821b,Young,M,fa/+,vehicle,13,single,,0.0239961551668454,
356,356,20240821b,Young,M,fa/+,vehicle,14,single,,0.0224142800173245,
357,357,20240821b,Young,M,fa/+,vehicle,15,single,0.0220153103703237,0.0233958226262214,0.0013805122558976
358,358,20240821b,Young,M,fa/+,vehicle,16,single,0.0223462378696301,0.0229287132545957,0.0005824753849656
359,359,20240821b,Young,M,fa/+,vehicle,17,single,0.0230498855016923,0.0228632985267397,-0.0001865869749525
360,360,20240821b,Young,M,fa/+,vehicle,18,single,0.0241675960825171,0.0241138011930841,-5.37948894330266e-05
361,361,20240821b,Young,M,fa/+,vehicle,19,single,0.0224459104178249,0.0222654561967405,-0.0001804542210844
362,362,20240821b,Young,M,fa/+,vehicle,20,single,0.0227447841585699,0.0222535326079863,-0.0004912515505836
363,363,20240821b,Young,M,fa/+,vehicle,21,single,0.0226592495542345,0.0222437510800611,-0.0004154984741733
364,364,20240821b,Young,M,fa/+,vehicle,23,single,0.0231058878697078,0.0239279702434627,0.0008220823737548
365,365,20240821b,Young,M,fa/+,vehicle,24,single,0.0184183990077516,0.0198906597366445,0.0014722607288929
366,366,20240821b,Young,M,fa/+,vehicle,25,single,0.0240027635206053,0.0232604294169441,-0.0007423341036612
367,367,20240821b,Young,M,fa/+,vehicle,26,single,0.0233323735037628,0.0231489214604538,-0.0001834520433089
368,368,20240821b,Young,M,fa/+,vehicle,28,single,0.0205533549915647,0.0223411994467084,0.0017878444551436
369,369,20240822b,Young,M,fa/+,empa,0,single,0.0342991108966004,0.0374714902325281,0.0031723793359276
370,370,20240822b,Young,M,fa/+,empa,1,single,0.0333292225298345,,
371,371,20240822b,Young,M,fa/+,empa,2,single,0.0310823144023314,0.0359347108462749,0.0048523964439435
372,372,20240822b,Young,M,fa/+,empa,3,single,0.0305343379923658,0.0354682101589493,0.0049338721665834
373,373,20240822b,Young,M,fa/+,empa,4,single,0.0319405491291899,0.0356530005326422,0.0037124514034522
374,374,20240822b,Young,M,fa/+,empa,5,single,0.0315233108314699,,
375,375,20240822b,Young,M,fa/+,empa,6,single,0.0317899511721161,,
376,376,20240822b,Young,M,fa/+,empa,7,single,0.0316816059537292,0.0343871681473343,0.002705562193605
377,377,20240822b,Young,M,fa/+,empa,9,single,0.0271005688504899,0.0296003274440937,0.0024997585936037
378,378,20240822b,Young,M,fa/+,empa,10,single,,,
379,379,20240822b,Young,M,fa/+,empa,11,single,0.0307153253674695,0.033106340984868,0.0023910156173984
380,380,20240822b,Young,M,fa/+,empa,12,single,0.0279319667963153,,
381,381,20240822b,Young,M,fa/+,empa,13,double,0.0368323565028596,,
382,382,20240822b,Young,M,fa/+,empa,15,single,0.029180169403726,,
383,383,20240822b,Young,M,fa/+,empa,16,single,0.0288582955840308,,
384,384,20240822b,Young,M,fa/+,empa,17,single,0.0311743249957864,,
385,385,20240822b,Young,M,fa/+,empa,19,single,,,
386,386,20240822b,Young,M,fa/+,empa,20,single,0.0305802100780988,0.032974815446612,0.0023946053685132
387,387,20240822b,Young,M,fa/+,empa,21,single,0.0277733939571592,,
388,388,20240822b,Young,M,fa/+,empa,23,double,0.0321095622271597,0.0387529186565133,0.0066433564293536
389,389,20240822b,Young,M,fa/+,empa,26,single,0.032112596522884,,
390,390,20240822b,Young,M,fa/+,empa,27,single,0.0334525415118977,,
391,391,20240822b,Young,M,fa/+,empa,31,single,0.028131983216393,,
392,392,20240822b,Young,M,fa/+,empa,33,single,0.0299617791048799,,
393,393,20240822b,Young,M,fa/+,vehicle,0,single,0.027443468456474,0.0296568590301523,0.0022133905736783
394,394,20240822b,Young,M,fa/+,vehicle,1,single,0.0272585307853308,0.0298157463538107,0.0025572155684798
395,395,20240822b,Young,M,fa/+,vehicle,2,single,0.0274701607482637,0.0286791096973709,0.0012089489491072
396,396,20240822b,Young,M,fa/+,vehicle,3,single,0.0276235841924437,0.0288364352855825,0.0012128510931387
397,397,20240822b,Young,M,fa/+,vehicle,4,single,0.028587276204168,0.0282437542113064,-0.0003435219928616
398,398,20240822b,Young,M,fa/+,vehicle,5,double,0.0281958300094905,0.0309468364708341,0.0027510064613435
399,399,20240822b,Young,M,fa/+,vehicle,6,single,0.0282871553309878,0.0283267183864506,3.9563055462852464e-05
400,400,20240822b,Young,M,fa/+,vehicle,7,single,0.0282811611087506,0.0299530193450226,0.0016718582362719
401,401,20240822b,Young,M,fa/+,vehicle,8,single,0.0231920413651904,0.0224964619709607,-0.0006955793942297
402,402,20240822b,Young,M,fa/+,vehicle,9,single,0.0220102557289273,0.0243468615088024,0.0023366057798751
403,403,20240822b,Young,M,fa/+,vehicle,10,single,0.0223835174545582,0.0267008723192732,0.004317354864715
404,404,20240822b,Young,M,fa/+,vehicle,11,single,0.0278910381680822,0.0284196837264575,0.0005286455583752
405,405,20240822b,Young,M,fa/+,vehicle,13,single,0.0278905024650396,0.0311016188822619,0.0032111164172223
406,406,20240822b,Young,M,fa/+,vehicle,15,single,0.027026645006501,0.0292611216435257,0.0022344766370247
407,407,20240822b,Young,M,fa/+,vehicle,16,double,0.0264484495608188,0.0286641213697596,0.0022156718089408
408,408,20240822b,Young,M,fa/+,vehicle,17,double,0.0302270349974973,0.0308277248591721,0.0006006898616747
409,409,20240822b,Young,M,fa/+,vehicle,18,single,0.0265566670457695,0.0287288925951753,0.0021722255494057
410,410,20240822b,Young,M,fa/+,vehicle,19,single,0.0268219828794359,0.0287402980277399,0.0019183151483039
411,411,20240822b,Young,M,fa/+,vehicle,20,single,0.0266230925525509,0.0284843196123349,0.0018612270597839
412,412,20240822b,Young,M,fa/+,vehicle,21,single,0.0259893766278956,0.0289431957945197,0.002953819166624
413,413,20240822b,Young,M,fa/+,vehicle,24,double,0.025383084152626,0.0289271568746959,0.0035440727220698
414,414,20240822b,Young,M,fa/+,vehicle,25,double,0.0259474964830013,0.0288816373221205,0.0029341408391192
415,415,20240822b,Young,M,fa/+,vehicle,26,single,0.0260109561337589,0.0292214665901568,0.0032105104563978
416,416,20240822b,Young,M,fa/+,vehicle,27,single,0.0258460870084309,0.0292146285946437,0.0033685415862127
417,417,20240822b,Young,M,fa/+,vehicle,28,single,0.0223442133290775,0.0300063305717066,0.007662117242629
418,418,20240822b,Young,M,fa/+,vehicle,29,single,0.0219761854733651,0.0273118807240225,0.0053356952506574
419,419,20240822b,Young,M,fa/+,vehicle,31,single,0.0234674485378982,0.0271034170589909,0.0036359685210926
420,420,20240822b,Young,M,fa/+,vehicle,32,single,0.0278452279558297,0.0245821630932063,-0.0032630648626234
421,421,20240822b,Young,M,fa/+,vehicle,33,single,0.0234725108058684,0.0299030953741247,0.0064305845682562
422,422,20240823a,Young,F,fa/fa,empa,2,single,0.0337001881558156,0.0361718618572754,0.0024716737014598
423,423,20240823a,Young,F,fa/fa,empa,3,single,0.03268174555992,0.0358817080125584,0.0031999624526383
424,424,20240823a,Young,F,fa/fa,empa,4,single,0.0321280918208771,0.0339303933146538,0.0018023014937767
425,425,20240823a,Young,F,fa/fa,empa,6,single,0.0347244823010216,0.0370165671316309,0.0022920848306092
426,426,20240823a,Young,F,fa/fa,empa,7,single,0.0346429166420593,0.0372815772115999,0.0026386605695405
427,427,20240823a,Young,F,fa/fa,empa,8,single,0.0345232525896229,0.0364138294081209,0.0018905768184979
428,428,20240823a,Young,F,fa/fa,empa,9,single,0.0308622359360496,0.0355320953134895,0.0046698593774398
429,429,20240823a,Young,F,fa/fa,empa,10,single,0.0304975367537551,0.0343142378379872,0.003816701084232
430,430,20240823a,Young,F,fa/fa,empa,11,single,0.0331754446711537,0.0325027326752431,-0.0006727119959106
431,431,20240823a,Young,F,fa/fa,empa,12,single,0.0335278947114804,0.0332748386221753,-0.0002530560893051
432,432,20240823a,Young,F,fa/fa,empa,13,single,0.0331903316878957,0.0330471203545689,-0.0001432113333268
433,433,20240823a,Young,F,fa/fa,empa,14,single,0.0324497486287439,0.0330609149143982,0.0006111662856542
434,434,20240823a,Young,F,fa/fa,empa,17,single,0.036192571766004,0.0369276242717965,0.0007350525057924
435,435,20240823a,Young,F,fa/fa,empa,18,single,0.0316059687887008,0.03249472358272,0.0008887547940191
436,436,20240823a,Young,F,fa/fa,empa,19,single,0.0315224365431693,0.0306824635306748,-0.0008399730124945
437,437,20240823a,Young,F,fa/fa,empa,21,single,0.034280609398787,0.0372514580333192,0.0029708486345321
438,438,20240823a,Young,F,fa/fa,empa,22,single,0.0318371994896289,0.032691433351703,0.000854233862074
439,439,20240823a,Young,F,fa/fa,vehicle,0,single,0.0285356597171818,0.0303321714312317,0.0017965117140499
440,440,20240823a,Young,F,fa/fa,vehicle,1,single,0.0261082307669602,0.0279923242987296,0.0018840935317693
441,441,20240823a,Young,F,fa/fa,vehicle,2,single,0.0273955356562848,0.0305743373107582,0.0031788016544733
442,442,20240823a,Young,F,fa/fa,vehicle,3,single,0.0274170162622732,0.0307124199731711,0.0032954037108979
443,443,20240823a,Young,F,fa/fa,vehicle,4,single,0.029113034795311,0.0279859457091923,-0.0011270890861187
444,444,20240823a,Young,F,fa/fa,vehicle,5,single,0.0290458438777945,0.0315435965667223,0.0024977526889278
445,445,20240823a,Young,F,fa/fa,vehicle,6,single,0.0303362693467974,0.0327692780333603,0.0024330086865629
446,446,20240823a,Young,F,fa/fa,vehicle,7,single,0.028373782504265,0.031163635822699,0.0027898533184339
447,447,20240823a,Young,F,fa/fa,vehicle,8,single,0.0302369150355046,0.0329428253228039,0.0027059102872992
448,448,20240823a,Young,F,fa/fa,vehicle,9,single,0.025319213585798,0.028745561640304,0.0034263480545059
449,449,20240823a,Young,F,fa/fa,vehicle,10,single,0.0249714846101352,0.0286336030468243,0.0036621184366891
450,450,20240823a,Young,F,fa/fa,vehicle,11,single,0.0262123126310982,0.0281425927994919,0.0019302801683936
451,451,20240823a,Young,F,fa/fa,vehicle,12,single,0.026270762891105,0.0283330305255812,0.0020622676344762
452,452,20240823a,Young,F,fa/fa,vehicle,13,single,0.0264576370114572,0.0283683454703471,0.0019107084588899
453,453,20240823a,Young,F,fa/fa,vehicle,14,single,0.0262050918376876,0.0284567690998781,0.0022516772621904
454,454,20240823a,Young,F,fa/fa,vehicle,15,single,0.0261288067707965,0.0282956752435832,0.0021668684727867
455,455,20240823a,Young,F,fa/fa,vehicle,16,single,0.0268022448732268,0.0284062213329914,0.0016039764597646
456,456,20240823a,Young,F,fa/fa,vehicle,17,single,0.0305997428303343,0.0339721215909089,0.0033723787605745
457,457,20240823a,Young,F,fa/fa,vehicle,18,single,0.0262442339661391,0.0283748354792509,0.0021306015131117
458,458,20240823a,Young,F,fa/fa,vehicle,19,single,0.0258594732597534,0.0283480165349852,0.0024885432752317
459,459,20240823a,Young,F,fa/fa,vehicle,20,single,0.0257629126296411,0.0285471319040877,0.0027842192744465
460,460,20240823a,Young,F,fa/fa,vehicle,21,single,0.032268837720089,0.0332492335720611,0.0009803958519721
461,461,20240823a,Young,F,fa/fa,vehicle,22,single,0.0257333289851342,0.0282924176439661,0.0025590886588318
462,462,20240823a,Young,F,fa/fa,vehicle,23,single,0.0269409153452643,0.0275144516849011,0.0005735363396368
463,463,20240823b,Young,F,fa/fa,empa,0,single,0.0273035208253498,0.0367127005695861,0.0094091797442362
464,464,20240823b,Young,F,fa/fa,empa,1,double,0.0258645418288298,0.0301411286784293,0.0042765868495994
465,465,20240823b,Young,F,fa/fa,empa,2,double,0.026920002755097,,
466,466,20240823b,Young,F,fa/fa,empa,3,single,0.0235733839323285,,
467,467,20240823b,Young,F,fa/fa,empa,4,single,0.0260785761166928,,
468,468,20240823b,Young,F,fa/fa,empa,5,single,0.0267114152183522,,
469,469,20240823b,Young,F,fa/fa,empa,6,double,0.0278559506835554,,
470,470,20240823b,Young,F,fa/fa,empa,7,single,0.0274323489856046,0.0337523073518406,0.0063199583662359
471,471,20240823b,Young,F,fa/fa,empa,8,single,0.0269262600428592,0.0315025673362072,0.004576307293348
472,472,20240823b,Young,F,fa/fa,empa,9,single,0.0268923966194762,0.0315370002575374,0.0046446036380612
473,473,20240823b,Young,F,fa/fa,empa,10,double,0.0274266305197833,0.0330187745499808,0.0055921440301974
474,474,20240823b,Young,F,fa/fa,empa,12,double,0.0270509663563515,,
475,475,20240823b,Young,F,fa/fa,empa,13,single,0.0273753428462789,,
476,476,20240823b,Young,F,fa/fa,empa,14,single,0.027636568738323,,
477,477,20240823b,Young,F,fa/fa,empa,15,double,0.0274358531314547,,
478,478,20240823b,Young,F,fa/fa,empa,16,double,0.0277326029251917,0.0250109588166149,-0.0027216441085768
479,479,20240823b,Young,F,fa/fa,empa,17,double,0.0271503103391826,0.0328446573012755,0.0056943469620929
480,480,20240823b,Young,F,fa/fa,empa,20,double,0.0277605499774829,0.032041021080463,0.0042804711029801
481,481,20240823b,Young,F,fa/fa,empa,21,double,0.0277519890913517,0.0328803400260524,0.0051283509347007
482,482,20240823b,Young,F,fa/fa,empa,22,double,0.0226866413792812,0.030109191307532,0.0074225499282507
483,483,20240823b,Young,F,fa/fa,empa,23,double,0.0276656277602299,,
484,484,20240823b,Young,F,fa/fa,empa,24,single,0.0244324323134582,,
485,485,20240823b,Young,F,fa/fa,empa,25,double,0.0296935846865714,,
486,486,20240823b,Young,F,fa/fa,empa,26,double,0.0241988219471596,,
487,487,20240823b,Young,F,fa/fa,empa,27,double,0.0222319659679177,0.0242449666074311,0.0020130006395133
488,488,20240823b,Young,F,fa/fa,empa,28,single,0.0242556237488425,0.0264918083657918,0.0022361846169492
489,489,20240823b,Young,F,fa/fa,empa,29,single,0.0218540970242667,,
490,490,20240823b,Young,F,fa/fa,empa,30,single,0.0264062237201598,,
491,491,20240823b,Young,F,fa/fa,empa,31,single,0.0222218583644377,0.0299009670813118,0.0076791087168741
492,492,20240823b,Young,F,fa/fa,empa,33,single,0.0234508132672992,0.0305869479274575,0.0071361346601582
493,493,20240823b,Young,F,fa/fa,vehicle,0,double,0.0208572793116789,0.0251341945147656,0.0042769152030866
494,494,20240823b,Young,F,fa/fa,vehicle,1,double,0.0206867436743334,0.0254406797381242,0.0047539360637907
495,495,20240823b,Young,F,fa/fa,vehicle,2,double,0.0246722906523669,0.0230133948160047,-0.0016588958363622
496,496,20240823b,Young,F,fa/fa,vehicle,3,double,0.0213859246996461,0.0224397164638986,0.0010537917642525
497,497,20240823b,Young,F,fa/fa,vehicle,5,double,0.0244065288203812,0.0227208274399442,-0.0016857013804369
498,498,20240823b,Young,F,fa/fa,vehicle,7,single,0.0213982849766666,0.0259191464969346,0.0045208615202679
499,499,20240823b,Young,F,fa/fa,vehicle,8,single,0.0223294372861398,0.0228550574272261,0.0005256201410862
500,500,20240823b,Young,F,fa/fa,vehicle,9,single,0.0226426425441901,0.0229242871097685,0.0002816445655783
501,501,20240823b,Young,F,fa/fa,vehicle,10,double,0.0222112547599816,0.0277964136858588,0.0055851589258772
502,502,20240823b,Young,F,fa/fa,vehicle,12,double,0.0205626476307325,0.0220585994967245,0.0014959518659919
503,503,20240823b,Young,F,fa/fa,vehicle,13,single,0.0227455204790892,0.0228751116469946,0.0001295911679054
504,504,20240823b,Young,F,fa/fa,vehicle,14,double,0.0239696285809621,0.0245903967287849,0.0006207681478227
505,505,20240823b,Young,F,fa/fa,vehicle,15,double,0.0219241995966747,0.0256232737841468,0.0036990741874721
506,506,20240823b,Young,F,fa/fa,vehicle,16,single,0.0208760217107677,0.0258703482045564,0.0049943264937887
507,507,20240823b,Young,F,fa/fa,vehicle,17,single,0.024104383885999,0.0255209909819846,0.0014166070959855
508,508,20240823b,Young,F,fa/fa,vehicle,20,double,0.0208605448456284,0.0242900157728686,0.0034294709272402
509,509,20240823b,Young,F,fa/fa,vehicle,21,double,0.0211271465259557,0.0255388272126483,0.0044116806866926
510,510,20240823b,Young,F,fa/fa,vehicle,22,single,0.0206235594002368,0.0211771465763107,0.0005535871760739
511,511,20240823b,Young,F,fa/fa,vehicle,23,double,0.0239961274612527,0.0250781421970144,0.0010820147357617
512,512,20240823b,Young,F,fa/fa,vehicle,24,single,0.0212526791972219,0.0211528165444548,-9.9862652767152e-05
513,513,20240823b,Young,F,fa/fa,vehicle,26,double,0.0212762356285799,0.0215028177484448,0.0002265821198648
514,514,20240823b,Young,F,fa/fa,vehicle,27,double,0.0205485348100632,0.01992724648274,-0.0006212883273231
515,515,20240823b,Young,F,fa/fa,vehicle,28,double,0.0213156885877453,0.0212170474306342,-9.86411571110811e-05
516,516,20240823b,Young,F,fa/fa,vehicle,29,single,0.0209646855000639,0.0209972408328627,3.255533279881984e-05
517,517,20240823b,Young,F,fa/fa,vehicle,30,single,0.0230024178850598,0.0227804565697981,-0.0002219613152616
518,518,20240823b,Young,F,fa/fa,vehicle,31,double,0.0209258959406331,0.0212510045489187,0.0003251086082855
519,519,20240823b,Young,F,fa/fa,vehicle,33,single,0.0213097531888086,0.0231402177758637,0.001830464587055
520,520,20240826a,Young,M,fa/+,empa,0,single,0.0282213279149094,,
521,521,20240826a,Young,M,fa/+,empa,1,single,0.0261522425310448,,
522,522,20240826a,Young,M,fa/+,empa,2,single,0.0271542922078378,,
523,523,20240826a,Young,M,fa/+,empa,3,single,0.0265659801499498,,
524,524,20240826a,Young,M,fa/+,empa,4,single,0.0264537568582387,,
525,525,20240826a,Young,M,fa/+,empa,5,single,0.0251280740760308,,
526,526,20240826a,Young,M,fa/+,empa,7,single,0.0281843859031926,,
527,527,20240826a,Young,M,fa/+,empa,8,single,0.0272846586039393,,
528,528,20240826a,Young,M,fa/+,empa,9,single,0.0269007334983535,,
529,529,20240826a,Young,M,fa/+,empa,10,single,0.026365051341707,,
530,530,20240826a,Young,M,fa/+,empa,13,single,0.0261522425310448,,
531,531,20240826a,Young,M,fa/+,empa,15,single,,,
532,532,20240826a,Young,M,fa/+,empa,17,single,,,
533,533,20240826a,Young,M,fa/+,empa,19,single,0.0275860614964636,,
534,534,20240826a,Young,M,fa/+,empa,20,single,0.0266134742900727,,
535,535,20240826a,Young,M,fa/+,empa,22,single,0.0307946897989665,,
536,536,20240826a,Young,M,fa/+,empa,23,single,0.0199955410439743,,
537,537,20240826a,Young,M,fa/+,empa,24,double,0.027101681777188,,
538,538,20240826a,Young,M,fa/+,empa,25,single,0.0255208064037523,,
539,539,20240826a,Young,M,fa/+,empa,26,single,0.0248900539073416,0.0276271808764823,0.0027371269691406
540,540,20240826a,Young,M,fa/+,empa,27,single,0.0246131400136053,,
541,541,20240826a,Young,M,fa/+,empa,28,single,0.0249198142352601,,
542,542,20240826a,Young,M,fa/+,empa,29,single,0.0224354333095959,,
543,543,20240826a,Young,M,fa/+,vehicle,0,single,0.0257757740752258,0.0271770843749303,0.0014013102997044
544,544,20240826a,Young,M,fa/+,vehicle,1,single,0.0233091916674293,0.028288235012026,0.0049790433445967
545,545,20240826a,Young,M,fa/+,vehicle,2,single,0.0281037497621062,0.029339171046924,0.0012354212848177
546,546,20240826a,Young,M,fa/+,vehicle,3,single,,0.0234879547192811,
547,547,20240826a,Young,M,fa/+,vehicle,4,single,0.0248039068882843,0.0258282910144608,0.0010243841261764
548,548,20240826a,Young,M,fa/+,vehicle,5,single,0.0252172842334915,0.0256718154782616,0.00045453124477
549,549,20240826a,Young,M,fa/+,vehicle,6,single,0.0246144956197231,0.0247250568628427,0.0001105612431196
550,550,20240826a,Young,M,fa/+,vehicle,8,single,0.0267298567729757,0.0274325786393936,0.0007027218664178
551,551,20240826a,Young,M,fa/+,vehicle,9,single,0.0270958403584628,0.0276419181001922,0.0005460777417293
552,552,20240826a,Young,M,fa/+,vehicle,10,single,0.0255987022275777,0.0247886760678503,-0.0008100261597274
553,553,20240826a,Young,M,fa/+,vehicle,12,single,0.0253365036987564,,
554,554,20240826a,Young,M,fa/+,vehicle,13,single,0.0236224444735864,0.0245168587452181,0.0008944142716317
555,555,20240826a,Young,M,fa/+,vehicle,14,single,0.0248454900500965,,
556,556,20240826a,Young,M,fa/+,vehicle,15,single,0.0239420876254516,0.0242480677952769,0.0003059801698253
557,557,20240826a,Young,M,fa/+,vehicle,16,single,0.0239169537697795,0.0247842106315449,0.0008672568617654
558,558,20240826a,Young,M,fa/+,vehicle,17,single,0.0243082828111383,0.026042961583778,0.0017346787726397
559,559,20240826a,Young,M,fa/+,vehicle,18,single,0.0231974287776662,0.024669693281195,0.0014722645035288
560,560,20240826a,Young,M,fa/+,vehicle,19,single,0.0233954739026244,0.0244875230320359,0.0010920491294114
561,561,20240826a,Young,M,fa/+,vehicle,20,single,0.0237241474398785,0.0270146399198027,0.0032904924799241
562,562,20240826a,Young,M,fa/+,vehicle,21,single,0.0239594462245421,0.0247584568670263,0.0007990106424841
563,563,20240826a,Young,M,fa/+,vehicle,22,single,0.0240301382799625,0.0249738063578183,0.0009436680778558
564,564,20240826a,Young,M,fa/+,vehicle,23,single,0.0243044677310744,0.0263717913048418,0.0020673235737674
565,565,20240826a,Young,M,fa/+,vehicle,24,single,0.0232553452848243,0.0266094655857796,0.0033541203009552
566,566,20240826a,Young,M,fa/+,vehicle,25,single,0.0257605538245182,0.0251692633053283,-0.0005912905191898
567,567,20240826a,Young,M,fa/+,vehicle,26,single,0.025773269191732,0.0251588579623389,-0.000614411229393
568,568,20240826a,Young,M,fa/+,vehicle,27,double,0.0253231961664282,0.0271042077060683,0.00178101153964
569,569,20240826a,Young,M,fa/+,vehicle,28,single,0.0261816805047599,0.026157814030936,-2.3866473823970505e-05
570,570,20240826a,Young,M,fa/+,vehicle,29,single,0.0251900324963233,0.0243760654162718,-0.0008139670800515
571,571,20240826a,Young,M,fa/+,vehicle,30,single,0.0242522042006553,0.0247042778635239,0.0004520736628686
572,572,20241011a,Adult,F,fa/+,empa,0,single,0.0267142541600458,0.032322738136698,0.0056084839766522
573,573,20241011a,Adult,F,fa/+,empa,1,single,0.0269165146257017,0.0321670926518457,0.005250578026144
574,574,20241011a,Adult,F,fa/+,empa,2,single,0.02812278697727,0.0320291431133287,0.0039063561360587
575,575,20241011a,Adult,F,fa/+,empa,3,single,0.0271616075881227,0.0304719570612255,0.0033103494731028
576,576,20241011a,Adult,F,fa/+,empa,4,single,0.0262574209508777,0.028534337728171,0.0022769167772933
577,577,20241011a,Adult,F,fa/+,empa,5,single,0.0254817279468362,0.0282714619221379,0.0027897339753017
578,578,20241011a,Adult,F,fa/+,empa,6,single,0.0260641014534178,0.0283354961487083,0.0022713946952904
579,579,20241011a,Adult,F,fa/+,empa,7,single,0.0294308125969901,0.0340609048239585,0.0046300922269683
580,580,20241011a,Adult,F,fa/+,empa,8,single,0.0270255248159087,0.0289146309989709,0.0018891061830621
581,581,20241011a,Adult,F,fa/+,empa,9,single,0.0264754678963715,0.0323076393271821,0.0058321714308105
582,582,20241011a,Adult,F,fa/+,empa,10,single,0.0254067988173137,0.0281642232099864,0.0027574243926727
583,583,20241011a,Adult,F,fa/+,empa,11,double,0.0226491604751702,0.0292482460137308,0.0065990855385606
584,584,20241011a,Adult,F,fa/+,empa,13,double,0.0272431895143726,0.0306625561377387,0.0034193666233661
585,585,20241011a,Adult,F,fa/+,empa,14,single,0.0252365794319474,0.0284399871701428,0.0032034077381954
586,586,20241011a,Adult,F,fa/+,empa,15,single,0.0233020713019896,,
587,587,20241011a,Adult,F,fa/+,empa,16,double,0.0259401084342465,0.02868071343848,0.0027406050042334
588,588,20241011a,Adult,F,fa/+,empa,17,double,0.0310327606712733,0.0386550774204441,0.0076223167491707
589,589,20241011a,Adult,F,fa/+,empa,18,single,0.0258316636929285,0.0286425516128546,0.0028108879199261
590,590,20241011a,Adult,F,fa/+,empa,21,double,0.0295828416657031,0.0283167785009673,-0.0012660631647358
591,591,20241011a,Adult,F,fa/+,empa,22,single,0.0254804587281065,0.0279511247905691,0.0024706660624626
592,592,20241011a,Adult,F,fa/+,empa,23,single,0.0249888556870424,0.0292069677557842,0.0042181120687417
593,593,20241011a,Adult,F,fa/+,empa,24,single,0.0266348576393274,0.0279375523585515,0.0013026947192241
594,594,20241011a,Adult,F,fa/+,empa,25,single,0.0236201368866925,0.0273746300549403,0.0037544931682477
595,595,20241011a,Adult,F,fa/+,empa,26,single,0.0224187414406901,0.0288928903157775,0.0064741488750874
596,596,20241011a,Adult,F,fa/+,empa,27,single,0.0239752363188526,0.0287257510178854,0.0047505146990328
597,597,20241011a,Adult,F,fa/+,empa,28,single,0.027280500632054,0.0305124821038558,0.0032319814718018
598,598,20241011a,Adult,F,fa/+,vehicle,0,single,0.0222926126147111,0.0230523068738703,0.0007596942591592
599,599,20241011a,Adult,F,fa/+,vehicle,1,double,0.0216997035946851,0.02463521604165,0.0029355124469648
600,600,20241011a,Adult,F,fa/+,vehicle,2,single,0.023693107086234,0.026194508971116,0.002501401884882
601,601,20241011a,Adult,F,fa/+,vehicle,3,double,0.0223399799646013,0.0250016324894559,0.0026616525248546
602,602,20241011a,Adult,F,fa/+,vehicle,4,double,0.0223047772358713,0.0254622972992547,0.0031575200633834
603,603,20241011a,Adult,F,fa/+,vehicle,5,double,0.0221768385933039,0.0255746800521332,0.0033978414588293
604,604,20241011a,Adult,F,fa/+,vehicle,6,double,0.0218114743530691,0.0254452813083849,0.0036338069553157
605,605,20241011a,Adult,F,fa/+,vehicle,7,double,0.0248460116730746,0.0260539029954056,0.0012078913223309
606,606,20241011a,Adult,F,fa/+,vehicle,8,single,0.0235082331459217,0.0249902308932457,0.0014819977473239
607,607,20241011a,Adult,F,fa/+,vehicle,9,single,0.0234009121694243,0.0249431719132258,0.0015422597438014
608,608,20241011a,Adult,F,fa/+,vehicle,10,double,0.0236901868849102,0.0237508066257035,6.061974079331345e-05
609,609,20241011a,Adult,F,fa/+,vehicle,11,single,0.0199965408438284,0.0222302722196504,0.0022337313758219
610,610,20241011a,Adult,F,fa/+,vehicle,12,double,0.0208086393955129,0.0223686981830417,0.0015600587875288
611,611,20241011a,Adult,F,fa/+,vehicle,13,double,0.0224757547953728,0.0251113454423704,0.0026355906469976
612,612,20241011a,Adult,F,fa/+,vehicle,14,double,0.0241226516306308,0.025284748878425,0.0011620972477941
613,613,20241011a,Adult,F,fa/+,vehicle,15,double,0.020652950514979,0.0225728637195593,0.0019199132045803
614,614,20241011a,Adult,F,fa/+,vehicle,16,double,0.0222010860721604,0.0246522571251434,0.0024511710529829
615,615,20241011a,Adult,F,fa/+,vehicle,17,double,0.0268942845631334,0.0288813547962807,0.0019870702331472
616,616,20241011a,Adult,F,fa/+,vehicle,18,double,0.0248556696835884,0.0252153091182149,0.0003596394346265
617,617,20241011a,Adult,F,fa/+,vehicle,21,double,0.023722783365997,0.0251442982732425,0.0014215149072455
618,618,20241011a,Adult,F,fa/+,vehicle,22,double,0.020123105288097,0.0248656104280321,0.004742505139935
619,619,20241011a,Adult,F,fa/+,vehicle,23,single,0.021246013582772,0.0229107614493989,0.0016647478666269
620,620,20241011a,Adult,F,fa/+,vehicle,24,single,0.0205557716681955,0.0239089320775696,0.0033531604093741
621,621,20241011a,Adult,F,fa/+,vehicle,25,single,0.0232593787571303,0.0211073805677742,-0.0021519981893561
622,622,20241011a,Adult,F,fa/+,vehicle,26,single,0.0202109949345353,0.0223865810591639,0.0021755861246285
623,623,20241011a,Adult,F,fa/+,vehicle,27,single,0.0187046857536726,0.0205980883393218,0.0018934025856491
624,624,20241011a,Adult,F,fa/+,vehicle,28,single,0.0224665748302316,0.0248121010893269,0.0023455262590953
625,625,20241011b,Adult,F,fa/+,empa,1,single,0.0329629317579634,0.0350401901640677,0.0020772584061043
626,626,20241011b,Adult,F,fa/+,empa,2,single,0.0323716897617193,0.0339203075631079,0.0015486178013886
627,627,20241011b,Adult,F,fa/+,empa,3,single,0.0328596446807036,,
628,628,20241011b,Adult,F,fa/+,empa,5,single,,,
629,629,20241011b,Adult,F,fa/+,empa,6,single,0.0330541750879631,0.0325219822262902,-0.0005321928616728
630,630,20241011b,Adult,F,fa/+,empa,7,single,0.0330847637062952,,
631,631,20241011b,Adult,F,fa/+,empa,8,single,0.0316436783308304,0.0316988125545138,5.5134223683320216e-05
632,632,20241011b,Adult,F,fa/+,empa,10,single,0.0342136486040948,0.0356376944792312,0.0014240458751364
633,633,20241011b,Adult,F,fa/+,empa,12,single,0.0318349386417275,0.0328078641148607,0.0009729254731332
634,634,20241011b,Adult,F,fa/+,empa,13,single,0.032552147963719,0.0310840419161191,-0.0014681060475999
635,635,20241011b,Adult,F,fa/+,empa,14,single,0.032925162464549,,
636,636,20241011b,Adult,F,fa/+,empa,15,single,0.0332670036761378,0.0331856765263549,-8.132714978282413e-05
637,637,20241011b,Adult,F,fa/+,empa,16,single,0.0312066816638432,0.0340165376698721,0.0028098560060288
638,638,20241011b,Adult,F,fa/+,empa,17,single,,0.0366775863195285,
639,639,20241011b,Adult,F,fa/+,empa,18,single,0.0341420087325604,0.0380912368544972,0.0039492281219367
640,640,20241011b,Adult,F,fa/+,empa,21,single,0.0300544381642511,,
641,641,20241011b,Adult,F,fa/+,empa,22,single,0.0292904260952011,,
642,642,20241011b,Adult,F,fa/+,empa,23,single,0.030998553631137,0.0312193150393418,0.0002207614082047
643,643,20241011b,Adult,F,fa/+,empa,24,single,,0.034284007341134,
644,644,20241011b,Adult,F,fa/+,empa,25,single,0.0335332273630571,,
645,645,20241011b,Adult,F,fa/+,empa,26,single,0.0284381737143079,0.0300833024943782,0.0016451287800703
646,646,20241011b,Adult,F,fa/+,empa,29,single,0.0321576675824237,,
647,647,20241011b,Adult,F,fa/+,vehicle,0,single,0.0282895892103425,0.029155701770247,0.0008661125599045
648,648,20241011b,Adult,F,fa/+,vehicle,1,single,0.0282379482130364,0.029171567150287,0.0009336189372506
649,649,20241011b,Adult,F,fa/+,vehicle,2,single,0.0268418038467778,0.0290192064705632,0.0021774026237853
650,650,20241011b,Adult,F,fa/+,vehicle,3,single,0.0274923528255358,0.029100108841256,0.0016077560157201
651,651,20241011b,Adult,F,fa/+,vehicle,4,single,0.0252842849673333,,
652,652,20241011b,Adult,F,fa/+,vehicle,5,single,0.0266059689379129,0.0288227213514433,0.0022167524135303
653,653,20241011b,Adult,F,fa/+,vehicle,6,single,0.0281243832158716,0.0262556213443171,-0.0018687618715545
654,654,20241011b,Adult,F,fa/+,vehicle,7,single,0.0282452332560456,0.0289073955790514,0.0006621623230058
655,655,20241011b,Adult,F,fa/+,vehicle,8,single,0.0273340536933601,0.0288960569886142,0.0015620032952541
656,656,20241011b,Adult,F,fa/+,vehicle,9,single,0.0272726759669607,0.0286112825358628,0.0013386065689021
657,657,20241011b,Adult,F,fa/+,vehicle,10,single,0.0288998650862775,0.028935464763705,3.5599677427430865e-05
658,658,20241011b,Adult,F,fa/+,vehicle,11,single,0.0280423180279519,0.030167481077132,0.0021251630491801
659,659,20241011b,Adult,F,fa/+,vehicle,12,single,0.0277990743803649,0.0287583225950164,0.0009592482146515
660,660,20241011b,Adult,F,fa/+,vehicle,13,single,0.0263507623372796,0.0292723044306047,0.002921542093325
661,661,20241011b,Adult,F,fa/+,vehicle,14,single,0.0285764910818733,0.0300782939796128,0.0015018028977395
662,662,20241011b,Adult,F,fa/+,vehicle,15,double,0.0290082255646305,0.0271092384386207,-0.0018989871260098
663,663,20241011b,Adult,F,fa/+,vehicle,16,single,,0.0274077185475755,
664,664,20241011b,Adult,F,fa/+,vehicle,17,single,0.028981963173448,0.0304898452998027,0.0015078821263546
665,665,20241011b,Adult,F,fa/+,vehicle,18,single,0.028700240668243,0.0289306606326105,0.0002304199643675
666,666,20241011b,Adult,F,fa/+,vehicle,19,single,0.0274747682198789,0.0271835736710248,-0.0002911945488541
667,667,20241011b,Adult,F,fa/+,vehicle,21,single,0.0258441438435168,0.0259235406631085,7.939681959166084e-05
668,668,20241011b,Adult,F,fa/+,vehicle,22,single,0.0258344564352441,0.0263225532659336,0.0004880968306895
669,669,20241011b,Adult,F,fa/+,vehicle,23,single,0.0265582001196905,0.0281460185118785,0.001587818392188
670,670,20241011b,Adult,F,fa/+,vehicle,24,single,0.0295491829019152,0.0310007058912102,0.001451522989295
671,671,20241011b,Adult,F,fa/+,vehicle,25,single,0.0280126653959302,0.0291227682868531,0.0011101028909228
672,672,20241011b,Adult,F,fa/+,vehicle,26,single,0.0275400393350529,0.028037530640388,0.000497491305335
673,673,20241011b,Adult,F,fa/+,vehicle,27,single,0.0290883777524462,,
674,674,20241011b,Adult,F,fa/+,vehicle,28,single,0.0277346201976736,0.0303362340222286,0.0026016138245549
675,675,20241011b,Adult,F,fa/+,vehicle,29,single,0.0273488587162311,,
676,676,20241014a,Adult,F,fa/+,empa,0,single,0.0273840321125936,0.0292952735102421,0.0019112413976485
677,677,20241014a,Adult,F,fa/+,empa,1,single,0.0227782775150861,0.0267527803090833,0.0039745027939972
678,678,20241014a,Adult,F,fa/+,empa,2,double,0.0277566437346448,0.0302905085029963,0.0025338647683515
679,679,20241014a,Adult,F,fa/+,empa,3,single,0.0231493394298644,0.0253079579448887,0.0021586185150242
680,680,20241014a,Adult,F,fa/+,empa,4,single,0.0245093353669434,0.0265231054609566,0.0020137700940132
681,681,20241014a,Adult,F,fa/+,empa,5,double,0.026400036777091,0.0274781537288546,0.0010781169517636
682,682,20241014a,Adult,F,fa/+,empa,6,single,0.0261494966581328,0.0276874917190495,0.0015379950609166
683,683,20241014a,Adult,F,fa/+,empa,7,single,0.0247775342503572,0.0280551789955485,0.0032776447451912
684,684,20241014a,Adult,F,fa/+,empa,8,single,0.0260071119700792,0.0284062499150386,0.0023991379449593
685,685,20241014a,Adult,F,fa/+,empa,9,single,0.0230908277646614,0.0310244449918999,0.0079336172272385
686,686,20241014a,Adult,F,fa/+,empa,12,single,0.0259538864302284,0.0284226008272373,0.0024687143970088
687,687,20241014a,Adult,F,fa/+,empa,13,single,0.0271187640016538,,
688,688,20241014a,Adult,F,fa/+,empa,14,single,0.0264196541369441,,
689,689,20241014a,Adult,F,fa/+,empa,15,single,0.0294925471532704,0.028852760094134,-0.0006397870591363
690,690,20241014a,Adult,F,fa/+,empa,16,single,0.0247817514567383,0.0276934799298768,0.0029117284731385
691,691,20241014a,Adult,F,fa/+,empa,17,single,0.023784707751027,0.0279113703020075,0.0041266625509804
692,692,20241014a,Adult,F,fa/+,empa,18,double,0.0286169020384214,,
693,693,20241014a,Adult,F,fa/+,empa,19,single,0.0255372417634706,0.0280373027736398,0.0025000610101691
694,694,20241014a,Adult,F,fa/+,empa,21,single,0.0265342454878863,0.0269412149614312,0.0004069694735449
695,695,20241014a,Adult,F,fa/+,empa,22,single,0.0242846842549144,0.026282839417901,0.0019981551629866
696,696,20241014a,Adult,F,fa/+,empa,23,single,0.0238218170605954,0.0266805389886529,0.0028587219280574
697,697,20241014a,Adult,F,fa/+,empa,24,single,0.024247024768032,0.0252303514535239,0.0009833266854919
698,698,20241014a,Adult,F,fa/+,empa,25,double,0.0288836403097397,,
699,699,20241014a,Adult,F,fa/+,empa,26,single,0.0269069621436562,0.0303056903291005,0.0033987281854443
700,700,20241014a,Adult,F,fa/+,empa,27,single,0.0279365930700483,0.0288919899441068,0.0009553968740585
701,701,20241014a,Adult,F,fa/+,empa,28,single,0.0252745839655493,0.0289683995196047,0.0036938155540553
702,702,20241014a,Adult,F,fa/+,empa,29,double,0.0292866931809612,0.0314110209734822,0.002124327792521
703,703,20241014a,Adult,F,fa/+,empa,30,double,0.0282971257226618,0.0326865926657926,0.0043894669431308
704,704,20241014a,Adult,F,fa/+,empa,31,single,0.0251155933293593,0.0258212875911003,0.000705694261741
705,705,20241014a,Adult,F,fa/+,vehicle,0,single,0.0211927397931963,0.0243681223396836,0.0031753825464873
706,706,20241014a,Adult,F,fa/+,vehicle,1,double,0.0208252502892205,0.0212638171616874,0.0004385668724669
707,707,20241014a,Adult,F,fa/+,vehicle,2,double,0.0227817331990181,0.0260581352527527,0.0032764020537346
708,708,20241014a,Adult,F,fa/+,vehicle,4,single,0.0223744977154796,0.02379073528542,0.0014162375699403
709,709,20241014a,Adult,F,fa/+,vehicle,5,single,0.0202546441063476,0.0227300276893203,0.0024753835829727
710,710,20241014a,Adult,F,fa/+,vehicle,6,single,0.0202624310018153,0.022792780745587,0.0025303497437716
711,711,20241014a,Adult,F,fa/+,vehicle,7,single,0.0202276971434258,0.0235172995037826,0.0032896023603567
712,712,20241014a,Adult,F,fa/+,vehicle,8,single,0.0202955201019905,0.0237234490365895,0.003427928934599
713,713,20241014a,Adult,F,fa/+,vehicle,9,double,0.0233221380342562,0.0279699217907619,0.0046477837565057
714,714,20241014a,Adult,F,fa/+,vehicle,10,double,0.0232009998017651,0.0270822003430113,0.0038812005412462
715,715,20241014a,Adult,F,fa/+,vehicle,11,single,0.0226521805306412,0.0249651120897141,0.0023129315590729
716,716,20241014a,Adult,F,fa/+,vehicle,12,single,0.0201976575224061,0.0237087377328208,0.0035110802104147
717,717,20241014a,Adult,F,fa/+,vehicle,13,single,0.0229203249853336,0.0248760403775379,0.0019557153922043
718,718,20241014a,Adult,F,fa/+,vehicle,14,double,0.0228081790391296,0.0250019472419747,0.0021937682028451
719,719,20241014a,Adult,F,fa/+,vehicle,15,single,0.0214115423830132,0.025270224633236,0.0038586822502227
720,720,20241014a,Adult,F,fa/+,vehicle,16,single,0.0202584667501603,0.0225682359894194,0.0023097692392591
721,721,20241014a,Adult,F,fa/+,vehicle,17,single,0.0230337088563861,0.0253347488892992,0.002301040032913
722,722,20241014a,Adult,F,fa/+,vehicle,18,double,0.0246901026417817,0.0268837296734634,0.0021936270316816
723,723,20241014a,Adult,F,fa/+,vehicle,19,single,0.019772618027242,0.022646986198685,0.0028743681714429
724,724,20241014a,Adult,F,fa/+,vehicle,20,double,0.0231072513530351,0.0271446558918406,0.0040374045388054
725,725,20241014a,Adult,F,fa/+,vehicle,21,double,0.0230383981468377,0.0231735840604331,0.0001351859135954
726,726,20241014a,Adult,F,fa/+,vehicle,22,double,0.0226778905300754,0.0233222705794857,0.0006443800494103
727,727,20241014a,Adult,F,fa/+,vehicle,23,double,0.0219479839980489,0.0234757079858102,0.0015277239877612
728,728,20241014a,Adult,F,fa/+,vehicle,24,single,0.0209228046982643,0.0242512954818812,0.0033284907836169
729,729,20241014a,Adult,F,fa/+,vehicle,26,double,0.0238687918305568,0.025886500862855,0.0020177090322982
730,730,20241014a,Adult,F,fa/+,vehicle,27,double,0.0237262524422844,0.0260192690297707,0.0022930165874863
731,731,20241014a,Adult,F,fa/+,vehicle,28,single,0.0228998222045522,0.0253564899585474,0.0024566677539951
732,732,20241014a,Adult,F,fa/+,vehicle,29,double,0.0248159470581403,0.0270402653515073,0.002224318293367
733,733,20241014a,Adult,F,fa/+,vehicle,30,double,0.0248328898293167,0.027174345502848,0.0023414556735313
734,734,20241014a,Adult,F,fa/+,vehicle,31,double,0.0231551233246981,0.0250969316427798,0.0019418083180817
735,735,20241014b,Adult,M,fa/+,vehicle,1,single,0.024439077528119,,
736,736,20241014b,Adult,M,fa/+,vehicle,2,single,0.0246876325486327,0.0248107408360989,0.0001231082874661
737,737,20241014b,Adult,M,fa/+,vehicle,3,single,0.0241475061083931,,
738,738,20241014b,Adult,M,fa/+,vehicle,4,single,0.0271205321372209,,
739,739,20241014b,Adult,M,fa/+,vehicle,5,single,0.0252065811707014,0.0267046939317559,0.0014981127610545
740,740,20241014b,Adult,M,fa/+,vehicle,6,single,0.0253977216465845,,
741,741,20241014b,Adult,M,fa/+,vehicle,7,single,0.0247790556078437,,
742,742,20241014b,Adult,M,fa/+,vehicle,8,single,0.0253708424555729,0.0266281518703427,0.0012573094147697
743,743,20241014b,Adult,M,fa/+,vehicle,9,single,0.0253624416228735,0.0246682846681849,-0.0006941569546885
744,744,20241014b,Adult,M,fa/+,vehicle,10,single,0.0243444449001188,,
745,745,20241014b,Adult,M,fa/+,vehicle,11,single,0.0252082117160667,0.026868744130418,0.0016605324143513
746,746,20241014b,Adult,M,fa/+,vehicle,14,single,0.0247487469734739,,
747,747,20241014b,Adult,M,fa/+,vehicle,17,single,0.0252760916232969,,
748,748,20241014b,Adult,M,fa/+,vehicle,18,single,0.0253422923997018,,
749,749,20241014b,Adult,M,fa/+,vehicle,19,single,0.0257987693073116,,
750,750,20241015a,Adult,M,fa/+,empa,0,single,0.0191231822352839,0.024337543898729,0.005214361663445
751,751,20241015a,Adult,M,fa/+,empa,1,single,0.0177079812357423,,
752,752,20241015a,Adult,M,fa/+,empa,2,single,0.0176227358317578,0.0206249478920964,0.0030022120603386
753,753,20241015a,Adult,M,fa/+,empa,3,single,0.0195669214545833,,
754,754,20241015a,Adult,M,fa/+,empa,4,single,0.0216977138064775,,
755,755,20241015a,Adult,M,fa/+,empa,5,double,0.0217492326843356,,
756,756,20241015a,Adult,M,fa/+,empa,6,single,0.0204959348546015,0.0220720548563725,0.0015761200017709
757,757,20241015a,Adult,M,fa/+,empa,7,single,0.019842309584751,,
758,758,20241015a,Adult,M,fa/+,empa,8,single,0.0218435969419375,,
759,759,20241015a,Adult,M,fa/+,empa,9,single,0.0199635869932246,,
760,760,20241015a,Adult,M,fa/+,empa,10,single,0.01985312377046,0.0231901700473056,0.0033370462768456
761,761,20241015a,Adult,M,fa/+,empa,11,double,0.0187961127673026,0.0225559639410776,0.003759851173775
762,762,20241015a,Adult,M,fa/+,empa,14,single,0.0228764971685726,0.0172807972652423,-0.0055956999033303
763,763,20241015a,Adult,M,fa/+,empa,15,single,0.0195284642983384,,
764,764,20241015a,Adult,M,fa/+,empa,16,single,0.0196310657476408,,
765,765,20241015a,Adult,M,fa/+,empa,17,single,0.01993316405827,,
766,766,20241015a,Adult,M,fa/+,empa,18,double,0.0204718121131057,,
767,767,20241015a,Adult,M,fa/+,empa,19,single,0.0203372833110458,,
768,768,20241015a,Adult,M,fa/+,empa,20,single,0.0201383962009586,,
769,769,20241015a,Adult,M,fa/+,empa,21,single,0.0202460746992155,,
770,770,20241015a,Adult,M,fa/+,empa,22,double,0.0196870705546658,,
771,771,20241015a,Adult,M,fa/+,empa,25,single,0.0236959342849469,,
772,772,20241015a,Adult,M,fa/+,vehicle,0,single,0.0147556216525258,0.0184861134814211,0.0037304918288953
773,773,20241015a,Adult,M,fa/+,vehicle,1,single,0.0107351333666748,0.0156591608615728,0.004924027494898
774,774,20241015a,Adult,M,fa/+,vehicle,2,single,0.0117722112133422,0.0154571175747,0.0036849063613578
775,775,20241015a,Adult,M,fa/+,vehicle,3,single,0.0142921201179214,0.0177720735934575,0.003479953475536
776,776,20241015a,Adult,M,fa/+,vehicle,4,double,0.0203257725588477,0.0187066856049108,-0.0016190869539368
777,777,20241015a,Adult,M,fa/+,vehicle,5,double,0.0186613542906032,0.0186276564445908,-3.369784601236006e-05
778,778,20241015a,Adult,M,fa/+,vehicle,6,single,0.0152026316945542,0.0189982226689539,0.0037955909743996
779,779,20241015a,Adult,M,fa/+,vehicle,7,single,0.013333515845038,0.0193418230706017,0.0060083072255637
780,780,20241015a,Adult,M,fa/+,vehicle,9,single,0.0137280557272166,0.017580968298346,0.0038529125711293
781,781,20241015a,Adult,M,fa/+,vehicle,10,single,0.0139198181138462,0.0180762741686942,0.004156456054848
782,782,20241015a,Adult,M,fa/+,vehicle,11,single,0.0175275682514958,0.0161284877261743,-0.0013990805253215
783,783,20241015a,Adult,M,fa/+,vehicle,12,single,0.014907934658757,0.0191499917277819,0.0042420570690249
784,784,20241015a,Adult,M,fa/+,vehicle,13,single,0.0136127402025989,0.0171503892105916,0.0035376490079926
785,785,20241015a,Adult,M,fa/+,vehicle,16,single,0.0127970326533657,0.01788806782552,0.0050910351721542
786,786,20241015a,Adult,M,fa/+,vehicle,17,single,0.0145198777189226,0.0169267514869686,0.0024068737680459
787,787,20241015a,Adult,M,fa/+,vehicle,18,single,0.0139870792465232,0.0182471103572926,0.0042600311107694
788,788,20241015a,Adult,M,fa/+,vehicle,19,single,0.0131360743723463,0.0167006637207889,0.0035645893484425
789,789,20241015a,Adult,M,fa/+,vehicle,20,single,0.0147843297756463,0.0188055702967202,0.0040212405210739
790,790,20241015a,Adult,M,fa/+,vehicle,21,single,0.0150520062850032,0.0185207255576258,0.0034687192726225
791,791,20241015a,Adult,M,fa/+,vehicle,22,single,0.0132566963625114,0.0178048635159401,0.0045481671534287
792,792,20241015a,Adult,M,fa/+,vehicle,24,single,0.015211573122932,0.0176780735412455,0.0024665004183135
793,793,20241015a,Adult,M,fa/+,vehicle,25,single,0.0145704925122507,0.0190973387899738,0.004526846277723
794,794,20241015b,Adult,M,fa/+,empa,0,single,0.0201057076348197,,
795,795,20241015b,Adult,M,fa/+,empa,1,single,0.0220630916750693,,
796,796,20241015b,Adult,M,fa/+,empa,2,single,0.0211947867673409,,
797,797,20241015b,Adult,M,fa/+,empa,3,single,0.0218522095870004,,
798,798,20241015b,Adult,M,fa/+,empa,4,single,0.0207388944033733,,
799,799,20241015b,Adult,M,fa/+,empa,5,single,0.0204087409668371,,
800,800,20241015b,Adult,M,fa/+,empa,6,single,0.0208361489571598,,
801,801,20241015b,Adult,M,fa/+,empa,7,single,0.020341817157036,,
802,802,20241015b,Adult,M,fa/+,empa,8,single,0.0218480501569492,,
803,803,20241015b,Adult,M,fa/+,empa,9,single,0.0232188797286915,,
804,804,20241015b,Adult,M,fa/+,empa,10,single,0.023339437188489,,
805,805,20241015b,Adult,M,fa/+,empa,11,single,0.0210527690459736,,
806,806,20241015b,Adult,M,fa/+,empa,12,single,0.0210274439452387,,
807,807,20241015b,Adult,M,fa/+,empa,13,single,0.023365269064089,,
808,808,20241015b,Adult,M,fa/+,empa,14,single,0.0207038615589804,0.0180833471045665,-0.0026205144544138
809,809,20241015b,Adult,M,fa/+,empa,15,single,0.0205044168512301,,
810,810,20241015b,Adult,M,fa/+,empa,16,single,0.0234356932505389,,
811,811,20241015b,Adult,M,fa/+,empa,17,single,0.0217455349357734,,
812,812,20241015b,Adult,M,fa/+,empa,18,single,0.0200044099665275,,
813,813,20241015b,Adult,M,fa/+,empa,19,single,0.0209792439449575,,
814,814,20241015b,Adult,M,fa/+,vehicle,0,single,0.01919687963133,0.0202294427196685,0.0010325630883384
815,815,20241015b,Adult,M,fa/+,vehicle,1,single,0.0203211773902383,0.021396406275374,0.0010752288851356
816,816,20241015b,Adult,M,fa/+,vehicle,2,single,0.0183450271731636,0.0180977637967315,-0.0002472633764321
817,817,20241015b,Adult,M,fa/+,vehicle,3,single,0.0185327704571333,0.0203523046850949,0.0018195342279616
818,818,20241015b,Adult,M,fa/+,vehicle,4,single,0.0182190028338511,0.0183102294522472,9.12266183960772e-05
819,819,20241015b,Adult,M,fa/+,vehicle,5,single,0.0196670145347042,0.0197865085232896,0.0001194939885853
820,820,20241015b,Adult,M,fa/+,vehicle,7,single,0.0206464245733629,0.0207767030122622,0.0001302784388993
821,821,20241015b,Adult,M,fa/+,vehicle,8,single,0.0186669250283472,0.0204873328044277,0.0018204077760805
822,822,20241015b,Adult,M,fa/+,vehicle,9,double,0.0213798240302506,0.0213772174050557,-2.606625194866846e-06
823,823,20241015b,Adult,M,fa/+,vehicle,10,single,0.0210331312027674,0.0213979558410674,0.0003648246383
824,824,20241015b,Adult,M,fa/+,vehicle,11,single,0.0211310163293472,0.0207691959558612,-0.000361820373486
825,825,20241015b,Adult,M,fa/+,vehicle,12,single,0.0203601347641563,0.0204384219926925,7.828722853610998e-05
826,826,20241015b,Adult,M,fa/+,vehicle,13,single,0.0211402902437666,0.0222552681879287,0.0011149779441621
827,827,20241015b,Adult,M,fa/+,vehicle,14,single,0.0176263759486975,0.0192024127561112,0.0015760368074136
828,828,20241015b,Adult,M,fa/+,vehicle,15,single,0.0185616051462366,0.0184139061279197,-0.0001476990183168
829,829,20241015b,Adult,M,fa/+,vehicle,16,single,0.0206995433376658,0.0213284002431804,0.0006288569055146
830,830,20241015b,Adult,M,fa/+,vehicle,17,single,0.0185991236683003,0.0204596648892773,0.0018605412209769
831,831,20241015b,Adult,M,fa/+,vehicle,18,single,0.018695625144975,0.0177301012560661,-0.0009655238889089
832,832,20241015b,Adult,M,fa/+,vehicle,19,single,0.0198274662004419,0.0190614244311672,-0.0007660417692747
833,833,20241021a,Adult,M,fa/fa,empa,4,single,,0.0129043381695289,
834,834,20241021a,Adult,M,fa/fa,empa,5,single,0.0126975335434219,0.0120955082398491,-0.0006020253035728
835,835,20241021a,Adult,M,fa/fa,empa,7,single,0.0194510303166606,0.0136844120456878,-0.0057666182709728
836,836,20241021a,Adult,M,fa/fa,vehicle,0,single,0.0142031393582265,0.0128185123038617,-0.0013846270543647
837,837,20241021a,Adult,M,fa/fa,vehicle,1,single,0.0140645884729215,0.0149922411543507,0.0009276526814291
838,838,20241021a,Adult,M,fa/fa,vehicle,2,single,0.0138888054522811,0.0158822663383322,0.001993460886051
839,839,20241021a,Adult,M,fa/fa,vehicle,3,single,0.0138812878883489,0.0143905267682242,0.0005092388798753
840,840,20241021a,Adult,M,fa/fa,vehicle,4,single,0.0139882268191128,0.0170227763690846,0.0030345495499717
841,841,20241021a,Adult,M,fa/fa,vehicle,5,single,0.0140951639507127,0.0146555191459257,0.0005603551952129
842,842,20241021a,Adult,M,fa/fa,vehicle,6,single,0.0139183084586136,0.01579269255491,0.0018743840962964
843,843,20241021a,Adult,M,fa/fa,vehicle,7,single,0.0159689465565391,0.016194849136533,0.0002259025799938
844,844,20241021a,Adult,M,fa/fa,vehicle,8,single,0.0140982664502282,0.016342626770353,0.0022443603201247
845,845,20241021a,Adult,M,fa/fa,vehicle,9,single,0.0143109883444537,0.0152848293428885,0.0009738409984348
846,846,20241021a,Adult,M,fa/fa,vehicle,10,single,0.0140404795258707,0.014958624679076,0.0009181451532052
847,847,20241021a,Adult,M,fa/fa,vehicle,14,single,0.017383937805643,0.0154519305070327,-0.0019320072986103
848,848,20241021a,Adult,M,fa/fa,vehicle,15,single,0.0150278608982875,0.0161590813118723,0.0011312204135847
849,849,20241021a,Adult,M,fa/fa,vehicle,16,single,0.0140018460195163,0.0161153903337713,0.002113544314255
850,850,20241021a,Adult,M,fa/fa,vehicle,17,single,0.0146051726904677,0.0149888784636947,0.000383705773227
851,851,20241021a,Adult,M,fa/fa,vehicle,18,single,0.0144729876071451,0.0162408222612979,0.0017678346541528
852,852,20241021a,Adult,M,fa/fa,vehicle,20,single,0.0146119078508506,0.0156608242260003,0.0010489163751496
853,853,20241021a,Adult,M,fa/fa,vehicle,21,single,0.0163149015669804,0.0160055934290966,-0.0003093081378838
854,854,20241021a,Adult,M,fa/fa,vehicle,22,single,0.0153142252125344,0.0160588217803867,0.0007445965678523
855,855,20241022a,Adult,F,fa/+,empa,0,single,0.0319633424744702,0.0367260857928312,0.004762743318361
856,856,20241022a,Adult,F,fa/+,empa,1,double,0.0358856559174631,,
857,857,20241022a,Adult,F,fa/+,empa,2,single,0.0300482550541479,0.0330102170033478,0.0029619619491998
858,858,20241022a,Adult,F,fa/+,empa,4,single,0.0335118883215469,,
859,859,20241022a,Adult,F,fa/+,empa,5,single,0.0302514793421753,0.0334400534854917,0.0031885741433164
860,860,20241022a,Adult,F,fa/+,empa,6,single,0.0299029105442959,0.0324750240012963,0.0025721134570004
861,861,20241022a,Adult,F,fa/+,empa,7,single,0.0319192250402623,0.0342323996679515,0.0023131746276892
862,862,20241022a,Adult,F,fa/+,empa,8,single,0.0317373890582843,0.0346063675998335,0.0028689785415492
863,863,20241022a,Adult,F,fa/+,empa,9,single,0.0284177037285635,0.0320120833273793,0.0035943795988158
864,864,20241022a,Adult,F,fa/+,empa,10,single,0.0285429875409071,0.0320718910557522,0.0035289035148451
865,865,20241022a,Adult,F,fa/+,empa,11,single,0.0332664289668049,0.0343555969589221,0.0010891679921171
866,866,20241022a,Adult,F,fa/+,empa,12,single,0.0302642843999437,0.0326988501105906,0.0024345657106469
867,867,20241022a,Adult,F,fa/+,empa,13,single,0.0305411346118444,0.0334679818515799,0.0029268472397354
868,868,20241022a,Adult,F,fa/+,empa,14,single,0.0322282030960984,0.0347240087034228,0.0024958056073244
869,869,20241022a,Adult,F,fa/+,empa,15,single,0.0324185727206626,0.0340708404520694,0.0016522677314068
870,870,20241022a,Adult,F,fa/+,empa,16,single,0.034521272722156,0.0325503874609608,-0.0019708852611951
871,871,20241022a,Adult,F,fa/+,empa,17,single,0.0312083498934929,0.0340501694243536,0.0028418195308606
872,872,20241022a,Adult,F,fa/+,empa,18,single,0.031811687246875,0.0356561926254014,0.0038445053785264
873,873,20241022a,Adult,F,fa/+,empa,19,single,0.0309299420372055,0.033825698856102,0.0028957568188964
874,874,20241022a,Adult,F,fa/+,empa,20,single,0.0302432351151581,,
875,875,20241022a,Adult,F,fa/+,empa,21,single,0.0320468159535656,0.0349266139929517,0.0028797980393861
876,876,20241022a,Adult,F,fa/+,empa,22,double,0.0321191287699703,,
877,877,20241022a,Adult,F,fa/+,empa,23,double,0.027922127745517,0.0317235566990053,0.0038014289534883
878,878,20241022a,Adult,F,fa/+,empa,24,double,0.0304336816988744,0.0323403407576816,0.0019066590588071
879,879,20241022a,Adult,F,fa/+,empa,25,double,0.02858583891594,0.0326069885677968,0.0040211496518567
880,880,20241022a,Adult,F,fa/+,vehicle,0,single,0.0273921973631789,0.0284805700953439,0.001088372732165
881,881,20241022a,Adult,F,fa/+,vehicle,1,double,0.0324876755180998,0.033227375735566,0.0007397002174662
882,882,20241022a,Adult,F,fa/+,vehicle,2,double,0.0267016248315986,0.0243856674482792,-0.0023159573833194
883,883,20241022a,Adult,F,fa/+,vehicle,3,double,0.0267139054304303,0.0277366691044104,0.0010227636739801
884,884,20241022a,Adult,F,fa/+,vehicle,4,single,0.0294729991210376,0.0291987825905767,-0.0002742165304608
885,885,20241022a,Adult,F,fa/+,vehicle,5,double,0.026562769359573,0.0245395819883436,-0.0020231873712293
886,886,20241022a,Adult,F,fa/+,vehicle,6,single,0.0222737062687595,0.0260153547148034,0.0037416484460438
887,887,20241022a,Adult,F,fa/+,vehicle,7,single,0.025931113997243,0.0282694889870199,0.0023383749897769
888,888,20241022a,Adult,F,fa/+,vehicle,8,single,0.026194319434576,0.0281140374600624,0.0019197180254863
889,889,20241022a,Adult,F,fa/+,vehicle,9,double,0.0252975535341322,0.0259261736430535,0.0006286201089213
890,890,20241022a,Adult,F,fa/+,vehicle,10,double,0.0252823763786564,0.025929704045805,0.0006473276671486
891,891,20241022a,Adult,F,fa/+,vehicle,11,double,0.0299817785434727,0.0306544053998217,0.0006726268563489
892,892,20241022a,Adult,F,fa/+,vehicle,12,double,0.0256433949996555,0.0265040549712025,0.0008606599715469
893,893,20241022a,Adult,F,fa/+,vehicle,13,double,0.0257273601788643,0.0260025479681037,0.0002751877892393
894,894,20241022a,Adult,F,fa/+,vehicle,14,double,0.0287157521963591,0.0299107191310637,0.0011949669347045
895,895,20241022a,Adult,F,fa/+,vehicle,15,double,0.0282695155723083,0.0297399113196432,0.0014703957473349
896,896,20241022a,Adult,F,fa/+,vehicle,16,single,0.0242473021351849,0.0272589256846099,0.0030116235494249
897,897,20241022a,Adult,F,fa/+,vehicle,17,single,0.0262032674112847,0.0273168656684616,0.0011135982571768
898,898,20241022a,Adult,F,fa/+,vehicle,18,single,0.0278807659699186,0.0289284144762336,0.001047648506315
899,899,20241022a,Adult,F,fa/+,vehicle,19,single,0.0266823961435993,0.0266067181103332,-7.56780332660488e-05
900,900,20241022a,Adult,F,fa/+,vehicle,20,single,0.0256286421642945,0.0267480664360316,0.0011194242717371
901,901,20241022a,Adult,F,fa/+,vehicle,21,double,0.0285261132408466,0.0299698923538996,0.0014437791130529
902,902,20241022a,Adult,F,fa/+,vehicle,22,double,0.0285567960812648,0.029822766825057,0.0012659707437921
903,903,20241022a,Adult,F,fa/+,vehicle,23,double,0.0231339003305482,0.0214661892666166,-0.0016677110639316
904,904,20241022a,Adult,F,fa/+,vehicle,24,single,0.0252415377060617,0.0267574910500974,0.0015159533440356
905,905,20241022a,Adult,F,fa/+,vehicle,25,double,0.0231970262241072,0.0263449091580704,0.0031478829339631
906,906,20241022a,Adult,F,fa/+,vehicle,26,double,0.0232937015987456,0.0260538571213713,0.0027601555226256
907,907,20241022a,Adult,F,fa/+,vehicle,27,single,0.0293391003264532,0.0251530759102497,-0.0041860244162034
908,908,20241022a,Adult,F,fa/+,vehicle,28,double,0.0234859584662617,0.0259719453684374,0.0024859869021756
909,909,20241022a,Adult,F,fa/+,vehicle,29,double,0.0233274105442483,0.0262649895547841,0.0029375790105358
910,910,20241022b,Adult,M,fa/fa,empa,2,single,,,
911,911,20241022b,Adult,M,fa/fa,empa,3,single,0.0224221857579648,,
912,912,20241022b,Adult,M,fa/fa,empa,8,single,0.0262242981309928,0.0283573451018275,0.0021330469708347
913,913,20241022b,Adult,M,fa/fa,vehicle,0,single,0.0246857064583094,,
914,914,20241022b,Adult,M,fa/fa,vehicle,1,single,0.0263559003514433,0.0237354709583457,-0.0026204293930976
915,915,20241022b,Adult,M,fa/fa,vehicle,2,single,0.0290159673799732,0.0299595752319533,0.0009436078519801
916,916,20241022b,Adult,M,fa/fa,vehicle,3,single,0.024301470780948,0.0225856956272969,-0.001715775153651
917,917,20241022b,Adult,M,fa/fa,vehicle,4,single,0.0283887416915289,,
918,918,20241022b,Adult,M,fa/fa,vehicle,5,single,0.0275994153728362,0.0283703434435801,0.0007709280707439
919,919,20241022b,Adult,M,fa/fa,vehicle,6,single,0.0324670404367231,0.032342269057692,-0.000124771379031
920,920,20241022b,Adult,M,fa/fa,vehicle,8,single,0.027710457790886,0.0279423944585727,0.0002319366676867
921,921,20241022b,Adult,M,fa/fa,vehicle,9,single,0.0276213782478527,,
922,922,20241023a,Adult,M,fa/+,empa,0,single,0.0300364700423517,,
923,923,20241023a,Adult,M,fa/+,empa,5,single,0.0335603366436441,,
924,924,20241023a,Adult,M,fa/+,empa,10,single,,,
925,925,20241023a,Adult,M,fa/+,empa,11,single,0.0275278751416169,0.0304183137151699,0.0028904385735529
926,926,20241023a,Adult,M,fa/+,empa,12,double,0.0294747638234706,0.0318810780390652,0.0024063142155946
927,927,20241023a,Adult,M,fa/+,empa,13,double,0.0281448844386025,0.0319957407909501,0.0038508563523475
928,928,20241023a,Adult,M,fa/+,empa,14,double,0.0287793590201478,0.0317498114671547,0.0029704524470069
929,929,20241023a,Adult,M,fa/+,empa,16,single,,,
930,930,20241023a,Adult,M,fa/+,empa,18,single,,,
931,931,20241023a,Adult,M,fa/+,empa,19,double,0.0288006008076364,,
932,932,20241023a,Adult,M,fa/+,empa,20,single,,,
933,933,20241023a,Adult,M,fa/+,vehicle,3,single,,,
934,934,20241023a,Adult,M,fa/+,vehicle,4,single,0.0236243171511576,0.0265561133253031,0.0029317961741455
935,935,20241023a,Adult,M,fa/+,vehicle,5,single,0.0211594316921915,,
936,936,20241023a,Adult,M,fa/+,vehicle,6,single,0.0225481533802111,,
937,937,20241023a,Adult,M,fa/+,vehicle,10,single,0.0195701928610542,,
938,938,20241023a,Adult,M,fa/+,vehicle,11,single,0.0261806507393108,0.0271664290682888,0.0009857783289779
939,939,20241023a,Adult,M,fa/+,vehicle,12,single,0.0239706550325742,0.0277541112856617,0.0037834562530874
940,940,20241023a,Adult,M,fa/+,vehicle,13,single,0.0241815594742688,0.0277539789424542,0.0035724194681854
941,941,20241023a,Adult,M,fa/+,vehicle,14,single,0.0241562501262256,0.0277246104787569,0.0035683603525312
942,942,20241023a,Adult,M,fa/+,vehicle,19,single,0.0214583658201174,0.0231619065905324,0.0017035407704149
943,943,20241023a,Adult,M,fa/+,vehicle,20,single,0.0227671757560004,0.0243644369143974,0.0015972611583969
944,944,20241023b,Adult,F,fa/fa,empa,0,single,0.0264360257903309,0.0286899509519045,0.0022539251615736
945,945,20241023b,Adult,F,fa/fa,empa,1,single,0.0250287272451712,0.0287951977781757,0.0037664705330045
946,946,20241023b,Adult,F,fa/fa,empa,2,double,0.0302708798500043,0.0334397475578063,0.0031688677078019
947,947,20241023b,Adult,F,fa/fa,empa,3,single,0.026032893173154,0.0283531498719884,0.0023202566988344
948,948,20241023b,Adult,F,fa/fa,empa,4,single,0.0302487210189458,0.0329560958009029,0.0027073747819571
949,949,20241023b,Adult,F,fa/fa,empa,5,single,0.0311114012609957,,
950,950,20241023b,Adult,F,fa/fa,empa,7,single,0.0275449453743814,0.0303837409262808,0.0028387955518993
951,951,20241023b,Adult,F,fa/fa,empa,8,single,0.0319289311339514,0.0342482018364329,0.0023192707024814
952,952,20241023b,Adult,F,fa/fa,empa,9,single,0.0277684451448701,0.0313733618624129,0.0036049167175427
953,953,20241023b,Adult,F,fa/fa,empa,10,single,0.0288461420659033,0.0320885815208593,0.0032424394549559
954,954,20241023b,Adult,F,fa/fa,empa,11,single,0.0290127623138153,0.0321907956410275,0.0031780333272121
955,955,20241023b,Adult,F,fa/fa,empa,12,single,0.0261440991404092,0.0279346100627948,0.0017905109223855
956,956,20241023b,Adult,F,fa/fa,empa,13,single,0.0271907000235237,0.0303903297523198,0.0031996297287961
957,957,20241023b,Adult,F,fa/fa,empa,14,single,0.0273370676738914,0.0295688195939588,0.0022317519200674
958,958,20241023b,Adult,F,fa/fa,empa,15,single,0.0273347891106451,0.029973922474036,0.0026391333633909
959,959,20241023b,Adult,F,fa/fa,empa,16,single,0.0271531705150776,0.0293867252990589,0.0022335547839812
960,960,20241023b,Adult,F,fa/fa,vehicle,0,single,0.0247809574057015,0.0261330606073159,0.0013521032016143
961,961,20241023b,Adult,F,fa/fa,vehicle,1,double,0.0220836153783523,0.0242529290969165,0.0021693137185642
962,962,20241023b,Adult,F,fa/fa,vehicle,2,double,0.0309475014567009,0.0309384079652259,-9.093491475029024e-06
963,963,20241023b,Adult,F,fa/fa,vehicle,3,single,0.0239002025123024,0.0247381378931489,0.0008379353808465
964,964,20241023b,Adult,F,fa/fa,vehicle,4,single,0.0308385629857652,0.0308577205320508,1.9157546285595437e-05
965,965,20241023b,Adult,F,fa/fa,vehicle,5,single,0.030652860629807,0.0321090373067471,0.00145617667694
966,966,20241023b,Adult,F,fa/fa,vehicle,6,single,0.0306372390534708,0.0321682133242911,0.0015309742708202
967,967,20241023b,Adult,F,fa/fa,vehicle,7,double,0.0242826599454266,0.0270485036449606,0.002765843699534
968,968,20241023b,Adult,F,fa/fa,vehicle,8,single,0.0305846522666123,0.03208002227042,0.0014953700038077
969,969,20241023b,Adult,F,fa/fa,vehicle,9,single,0.0266763141995454,0.0290255404617214,0.002349226262176
970,970,20241023b,Adult,F,fa/fa,vehicle,10,single,0.0279487849009096,0.0288098777074085,0.0008610928064989
971,971,20241023b,Adult,F,fa/fa,vehicle,11,single,0.0278369772590064,0.0289024725516446,0.0010654952926382
972,972,20241023b,Adult,F,fa/fa,vehicle,12,single,0.023349976355881,0.0245481040041019,0.0011981276482208
973,973,20241023b,Adult,F,fa/fa,vehicle,13,single,0.0260764101649999,0.0267577782773959,0.0006813681123959
974,974,20241023b,Adult,F,fa/fa,vehicle,14,single,0.0261865839760537,0.0267445550567953,0.0005579710807416
975,975,20241023b,Adult,F,fa/fa,vehicle,15,single,0.0262220504316373,0.0267663545060466,0.0005443040744093
976,976,20241023b,Adult,F,fa/fa,vehicle,16,single,0.0264651381844401,0.0267100339676289,0.0002448957831887
977,977,20241024a,Adult,F,fa/fa,empa,1,double,0.0298226840983177,0.0313065377163161,0.0014838536179983
978,978,20241024a,Adult,F,fa/fa,empa,2,single,0.0275132349370945,0.0296818836021502,0.0021686486650556
979,979,20241024a,Adult,F,fa/fa,empa,3,single,0.0281052014531415,0.0265582866702902,-0.0015469147828513
980,980,20241024a,Adult,F,fa/fa,empa,4,single,0.0308395372187643,0.0330219365713695,0.0021823993526051
981,981,20241024a,Adult,F,fa/fa,empa,5,single,0.0329999999999999,0.0237997173920992,-0.0092002826079007
982,982,20241024a,Adult,F,fa/fa,empa,6,double,0.0271929518053153,0.0286490479937147,0.0014560961883994
983,983,20241024a,Adult,F,fa/fa,empa,7,single,0.0247189090908762,0.028580704051482,0.0038617949606058
984,984,20241024a,Adult,F,fa/fa,empa,8,single,0.0240951698597548,0.0271087539644128,0.0030135841046579
985,985,20241024a,Adult,F,fa/fa,empa,9,single,0.022186785563968,0.0254259145568254,0.0032391289928574
986,986,20241024a,Adult,F,fa/fa,empa,10,single,0.0222131273318532,0.0249985999753484,0.0027854726434951
987,987,20241024a,Adult,F,fa/fa,empa,11,double,0.0238748152203579,0.0230497256461883,-0.0008250895741696
988,988,20241024a,Adult,F,fa/fa,empa,13,single,0.02614752645499,0.0260489386502662,-9.858780472379522e-05
989,989,20241024a,Adult,F,fa/fa,vehicle,0,single,0.0259540237926716,0.0250219162472919,-0.0009321075453797
990,990,20241024a,Adult,F,fa/fa,vehicle,1,single,0.0250907372036545,0.027703392728941,0.0026126555252865
991,991,20241024a,Adult,F,fa/fa,vehicle,3,double,0.0226846379721601,0.0239073414296424,0.0012227034574822
992,992,20241024a,Adult,F,fa/fa,vehicle,4,single,0.0271278732184972,0.0285534763000508,0.0014256030815536
993,993,20241024a,Adult,F,fa/fa,vehicle,5,single,0.0201062669897513,0.020876233506121,0.0007699665163697
994,994,20241024a,Adult,F,fa/fa,vehicle,6,single,,0.021178337919875,
995,995,20241024a,Adult,F,fa/fa,vehicle,7,double,0.0245909159268555,0.0247526724352445,0.000161756508389
996,996,20241024a,Adult,F,fa/fa,vehicle,8,double,0.024284952144909,0.0245070362767222,0.0002220841318132
997,997,20241024a,Adult,F,fa/fa,vehicle,9,single,,0.0203705631582357,
998,998,20241024a,Adult,F,fa/fa,vehicle,10,single,0.0177137907060604,0.0203646690742698,0.0026508783682093
999,999,20241024a,Adult,F,fa/fa,vehicle,11,single,,0.0247967907285864,
1000,1000,20241024a,Adult,F,fa/fa,vehicle,13,single,0.0218424672850875,0.0245890245686138,0.0027465572835263
1001,1001,20241024b,Adult,M,fa/+,empa,0,double,0.0237981983973547,0.0321583470210089,0.0083601486236542
1002,1002,20241024b,Adult,M,fa/+,empa,1,single,0.0267399681613041,,
1003,1003,20241024b,Adult,M,fa/+,empa,2,single,0.0232414064866783,0.0315981194441397,0.0083567129574614
1004,1004,20241024b,Adult,M,fa/+,empa,3,single,0.025495901960773,0.0293344923685669,0.0038385904077938
1005,1005,20241024b,Adult,M,fa/+,empa,4,single,0.023271675218082,0.0313402818013167,0.0080686065832346
1006,1006,20241024b,Adult,M,fa/+,empa,5,single,0.0240242333078166,0.0326298574054165,0.0086056240975998
1007,1007,20241024b,Adult,M,fa/+,empa,6,single,0.0217850634595954,0.0300714588849483,0.0082863954253529
1008,1008,20241024b,Adult,M,fa/+,empa,7,single,0.021761002163804,0.0299798937540332,0.0082188915902291
1009,1009,20241024b,Adult,M,fa/+,empa,8,single,0.0218017156928776,,
1010,1010,20241024b,Adult,M,fa/+,empa,11,single,0.0210118265231928,,
1011,1011,20241024b,Adult,M,fa/+,empa,12,single,0.0238757928261998,,
1012,1012,20241024b,Adult,M,fa/+,empa,13,single,0.0230364343134397,0.0300707752418966,0.0070343409284569
1013,1013,20241024b,Adult,M,fa/+,empa,14,single,0.0252941108942481,,
1014,1014,20241024b,Adult,M,fa/+,empa,15,single,0.0232339692343248,0.0328795442967164,0.0096455750623915
1015,1015,20241024b,Adult,M,fa/+,empa,17,single,0.0243380649125071,0.0310036232343948,0.0066655583218876
1016,1016,20241024b,Adult,M,fa/+,empa,18,double,0.0253641443160095,0.0303480177427529,0.0049838734267434
1017,1017,20241024b,Adult,M,fa/+,empa,19,single,0.0258489527811524,,
1018,1018,20241024b,Adult,M,fa/+,empa,20,single,0.0235330770277225,,
1019,1019,20241025a,Adult,F,fa/fa,empa,2,single,0.0229800764929075,0.0255677066473016,0.002587630154394
1020,1020,20241025a,Adult,F,fa/fa,empa,3,single,0.0261449453595316,0.0296334778429905,0.0034885324834589
1021,1021,20241025a,Adult,F,fa/fa,empa,4,single,0.0232696911221868,0.0249567963138083,0.0016871051916214
1022,1022,20241025a,Adult,F,fa/fa,empa,5,single,0.0263202805012547,0.0295424152660427,0.003222134764788
1023,1023,20241025a,Adult,F,fa/fa,empa,7,single,0.0304370304155192,0.0326192898594617,0.0021822594439425
1024,1024,20241025a,Adult,F,fa/fa,empa,9,single,0.0269266042889123,0.0292541677330482,0.0023275634441358
1025,1025,20241025a,Adult,F,fa/fa,empa,10,single,0.0302340997726563,,
1026,1026,20241025a,Adult,F,fa/fa,empa,11,single,0.0290327176106976,0.0318747050765344,0.0028419874658367
1027,1027,20241025a,Adult,F,fa/fa,empa,13,single,0.0286818372111441,0.0305022212902177,0.0018203840790736
1028,1028,20241025a,Adult,F,fa/fa,empa,14,double,0.0291725556124092,0.0315017955776846,0.0023292399652754
1029,1029,20241025a,Adult,F,fa/fa,empa,15,double,0.0292608752699473,0.030503772263503,0.0012428969935557
1030,1030,20241025a,Adult,F,fa/fa,empa,16,single,0.0221145267933542,0.0268622676692867,0.0047477408759325
1031,1031,20241025a,Adult,F,fa/fa,empa,18,single,0.0251377966389674,0.0304035174703556,0.0052657208313882
1032,1032,20241025a,Adult,F,fa/fa,vehicle,1,single,0.0224301164321463,0.0219931938031923,-0.000436922628954
1033,1033,20241025a,Adult,F,fa/fa,vehicle,2,single,0.0223834375856934,0.0222019535109986,-0.0001814840746947
1034,1034,20241025a,Adult,F,fa/fa,vehicle,3,single,0.0263428834783341,0.0287556111147799,0.0024127276364457
1035,1035,20241025a,Adult,F,fa/fa,vehicle,4,single,0.023351938753511,0.021691673903019,-0.0016602648504919
1036,1036,20241025a,Adult,F,fa/fa,vehicle,5,single,0.0263401132019668,0.0287818278379017,0.0024417146359348
1037,1037,20241025a,Adult,F,fa/fa,vehicle,6,single,0.0263110780881936,0.0285435166462415,0.0022324385580479
1038,1038,20241025a,Adult,F,fa/fa,vehicle,7,single,0.0253763158244986,0.0285811283208777,0.0032048124963791
1039,1039,20241025a,Adult,F,fa/fa,vehicle,9,single,0.0247363301873746,0.0260884393243253,0.0013521091369507
1040,1040,20241025a,Adult,F,fa/fa,vehicle,10,single,0.0236043994936395,0.0266351601315544,0.0030307606379149
1041,1041,20241025a,Adult,F,fa/fa,vehicle,11,single,0.0245786300753748,0.0283350973046321,0.0037564672292572
1042,1042,20241025a,Adult,F,fa/fa,vehicle,12,single,0.0254176518129198,0.0282602616110555,0.0028426097981356
1043,1043,20241025a,Adult,F,fa/fa,vehicle,13,single,0.0249029845269975,0.0283238959865666,0.003420911459569
1044,1044,20241025a,Adult,F,fa/fa,vehicle,14,double,0.0265774045324606,0.0287344280452853,0.0021570235128247
1045,1045,20241025a,Adult,F,fa/fa,vehicle,15,single,0.0267602227527447,0.0287261740985337,0.001965951345789
1046,1046,20241025a,Adult,F,fa/fa,vehicle,16,single,0.0232316045384347,0.026097787957048,0.0028661834186132
1047,1047,20241025a,Adult,F,fa/fa,vehicle,18,single,0.0265375275129752,0.0294685039415379,0.0029309764285627
1048,1048,20241028a,Adult,M,fa/fa,empa,0,single,0.0235445098958049,0.0220996264386377,-0.0014448834571672
1049,1049,20241028a,Adult,M,fa/fa,empa,1,double,0.0233433471538874,0.0220325293824776,-0.0013108177714097
1050,1050,20241028a,Adult,M,fa/fa,empa,2,single,0.0235333578889363,0.023232381079856,-0.0003009768090802
1051,1051,20241028a,Adult,M,fa/fa,empa,5,single,0.0235374675137415,0.0225424844909186,-0.0009949830228229
1052,1052,20241028a,Adult,M,fa/fa,empa,6,single,0.0230026695302104,,
1053,1053,20241028a,Adult,M,fa/fa,empa,10,single,0.0217082882736995,,
1054,1054,20241028a,Adult,M,fa/fa,empa,11,single,0.0219029766459269,0.0200690056660104,-0.0018339709799165
1055,1055,20241028a,Adult,M,fa/fa,empa,12,single,0.0189484007021372,0.0189207616173999,-2.7639084737261788e-05
1056,1056,20241028a,Adult,M,fa/fa,empa,13,single,0.0219221343713629,0.0211786196358765,-0.0007435147354864
1057,1057,20241028a,Adult,M,fa/fa,empa,14,single,0.0194061345417583,0.0196594965404427,0.0002533619986844
1058,1058,20241028a,Adult,M,fa/fa,vehicle,0,single,0.0257514927456571,0.0259761303881503,0.0002246376424932
1059,1059,20241028a,Adult,M,fa/fa,vehicle,1,double,0.0256558946981482,0.025950380741416,0.0002944860432678
1060,1060,20241028a,Adult,M,fa/fa,vehicle,2,double,0.0245270567590146,0.023703311153981,-0.0008237456050336
1061,1061,20241028a,Adult,M,fa/fa,vehicle,3,single,0.0238486103625317,,
1062,1062,20241028a,Adult,M,fa/fa,vehicle,4,single,0.0226904078624861,,
1063,1063,20241028a,Adult,M,fa/fa,vehicle,5,double,0.0242077507732263,0.0235003079431609,-0.0007074428300653
1064,1064,20241028a,Adult,M,fa/fa,vehicle,6,single,0.0229804810662843,,
1065,1065,20241028a,Adult,M,fa/fa,vehicle,8,single,0.0216151880404062,0.0201531934104623,-0.0014619946299439
1066,1066,20241028a,Adult,M,fa/fa,vehicle,9,single,0.0247952697540305,0.0281812387994398,0.0033859690454093
1067,1067,20241028a,Adult,M,fa/fa,vehicle,10,single,0.0234619460206257,0.0227887129488302,-0.0006732330717955
1068,1068,20241028a,Adult,M,fa/fa,vehicle,11,single,0.0252267897243781,0.0240392940890628,-0.0011874956353152
1069,1069,20241028a,Adult,M,fa/fa,vehicle,12,single,0.0221773293322801,0.0212607999551078,-0.0009165293771722
1070,1070,20241028a,Adult,M,fa/fa,vehicle,13,single,0.0252892578435792,0.0243116197666746,-0.0009776380769046
1071,1071,20241029b,Adult,F,fa/+,empa,0,single,0.0325705589422311,,
1072,1072,20241029b,Adult,F,fa/+,empa,1,double,0.0316831863261739,0.032705240479469,0.0010220541532951
1073,1073,20241029b,Adult,F,fa/+,empa,2,single,0.0296162226768199,0.0310769643922887,0.0014607417154688
1074,1074,20241029b,Adult,F,fa/+,empa,3,single,0.037276482023356,0.0366967188323319,-0.000579763191024
1075,1075,20241029b,Adult,F,fa/+,empa,4,double,0.0354645622351257,0.0355740384860026,0.0001094762508768
1076,1076,20241029b,Adult,F,fa/+,empa,5,double,0.0355245476934906,0.0356033393960207,7.879170253013296e-05
1077,1077,20241029b,Adult,F,fa/+,empa,6,single,0.0375858433393205,0.036888353992543,-0.0006974893467774
1078,1078,20241029b,Adult,F,fa/+,empa,7,single,0.0298694865396029,0.0306283230281338,0.0007588364885308
1079,1079,20241029b,Adult,F,fa/+,empa,8,single,0.0322676670235381,0.0344619400614038,0.0021942730378657
1080,1080,20241029b,Adult,F,fa/+,empa,9,single,0.0298147203490105,0.0307678570971382,0.0009531367481277
1081,1081,20241029b,Adult,F,fa/+,empa,11,double,0.0341672813707871,0.0372117392069882,0.003044457836201
1082,1082,20241029b,Adult,F,fa/+,empa,12,double,0.032765656657914,0.0335626708490724,0.0007970141911584
1083,1083,20241029b,Adult,F,fa/+,empa,13,single,0.0338698632461609,0.0335365817392009,-0.00033328150696
1084,1084,20241029b,Adult,F,fa/+,empa,14,single,0.0340261090642284,0.0349683211060254,0.0009422120417969
1085,1085,20241029b,Adult,F,fa/+,empa,15,single,0.033632064444494,0.0348954937026295,0.0012634292581354
1086,1086,20241029b,Adult,F,fa/+,empa,16,double,0.0333746637891365,0.0343640731417637,0.0009894093526272
1087,1087,20241029b,Adult,F,fa/+,empa,17,single,0.0293490398125106,0.031045314138644,0.0016962743261334
1088,1088,20241029b,Adult,F,fa/+,empa,19,single,0.0335032079434447,0.0324438906643656,-0.0010593172790791
1089,1089,20241029b,Adult,F,fa/+,empa,20,double,0.0352133867692831,0.029405875249329,-0.0058075115199541
1090,1090,20241029b,Adult,F,fa/+,empa,22,double,0.0345240931609432,0.0337706006956465,-0.0007534924652967
1091,1091,20241029b,Adult,F,fa/+,empa,23,single,0.0335865732566853,0.0341638065834575,0.0005772333267721
1092,1092,20241029b,Adult,F,fa/+,empa,24,double,0.0342519876458203,0.0333716512894537,-0.0008803363563666
1093,1093,20241029b,Adult,F,fa/+,vehicle,0,single,0.0290078716836335,0.0314179532233503,0.0024100815397168
1094,1094,20241029b,Adult,F,fa/+,vehicle,2,single,0.0236805814653209,0.0276403378486792,0.0039597563833583
1095,1095,20241029b,Adult,F,fa/+,vehicle,3,single,0.0296407134552939,0.0345099741203738,0.0048692606650798
1096,1096,20241029b,Adult,F,fa/+,vehicle,4,double,0.0300267718036324,0.0306003725215179,0.0005736007178855
1097,1097,20241029b,Adult,F,fa/+,vehicle,5,double,0.0298318458615117,0.0308788853597121,0.0010470394982003
1098,1098,20241029b,Adult,F,fa/+,vehicle,6,double,0.0295992801154084,0.0344053796735718,0.0048060995581633
1099,1099,20241029b,Adult,F,fa/+,vehicle,7,single,0.0246613103227524,0.0276286603566627,0.0029673500339102
1100,1100,20241029b,Adult,F,fa/+,vehicle,8,single,0.0289149430497872,0.0303247267864144,0.0014097837366271
1101,1101,20241029b,Adult,F,fa/+,vehicle,9,single,0.0244564819075035,0.0276735514410806,0.0032170695335771
1102,1102,20241029b,Adult,F,fa/+,vehicle,10,single,0.0257196405490216,0.0275830747977411,0.0018634342487194
1103,1103,20241029b,Adult,F,fa/+,vehicle,11,single,,0.0291276376573519,
1104,1104,20241029b,Adult,F,fa/+,vehicle,12,double,0.0289583356827449,0.0312940403812712,0.0023357046985262
1105,1105,20241029b,Adult,F,fa/+,vehicle,13,single,0.0291728512965625,0.031668650880967,0.0024957995844044
1106,1106,20241029b,Adult,F,fa/+,vehicle,14,single,0.0294050507783267,0.0319617331547169,0.0025566823763902
1107,1107,20241029b,Adult,F,fa/+,vehicle,15,single,0.0292415601926721,0.0316759980739343,0.0024344378812621
1108,1108,20241029b,Adult,F,fa/+,vehicle,16,double,0.0292434540003697,0.0316360766590131,0.0023926226586434
1109,1109,20241029b,Adult,F,fa/+,vehicle,17,single,0.0248352737441309,0.0260192441026375,0.0011839703585066
1110,1110,20241029b,Adult,F,fa/+,vehicle,19,single,0.0291363811411048,0.0315224604025983,0.0023860792614935
1111,1111,20241029b,Adult,F,fa/+,vehicle,20,double,0.0275864020699327,0.0300170448502499,0.0024306427803171
1112,1112,20241029b,Adult,F,fa/+,vehicle,21,single,0.026022911590483,,
1113,1113,20241029b,Adult,F,fa/+,vehicle,22,double,0.0271903770903388,0.0303315037548283,0.0031411266644895
1114,1114,20241029b,Adult,F,fa/+,vehicle,23,single,0.0285239104436494,0.030480272719466,0.0019563622758166
1115,1115,20241029b,Adult,F,fa/+,vehicle,24,single,0.0292678412712519,0.0305545551115724,0.0012867138403204
1116,1116,20241029c,Adult,F,fa/+,empa,0,single,0.0319762801065641,,
1117,1117,20241029c,Adult,F,fa/+,empa,1,single,0.0304141164338526,0.031970747773396,0.0015566313395434
1118,1118,20241029c,Adult,F,fa/+,empa,2,single,0.0331601546753739,,
1119,1119,20241029c,Adult,F,fa/+,empa,3,single,0.0317779773312997,0.033501938463505,0.0017239611322052
1120,1120,20241029c,Adult,F,fa/+,empa,4,single,0.0362437530739616,0.0372671988140024,0.0010234457400408
1121,1121,20241029c,Adult,F,fa/+,empa,5,single,0.0330577130678817,0.0306508924218277,-0.0024068206460539
1122,1122,20241029c,Adult,F,fa/+,empa,7,single,0.0327789861092237,0.0338161801953544,0.0010371940861307
1123,1123,20241029c,Adult,F,fa/+,empa,8,single,0.0315904511076013,0.0315515791742163,-3.887193338501793e-05
1124,1124,20241029c,Adult,F,fa/+,empa,9,single,0.0303572154727453,0.0310173484125873,0.000660132939842
1125,1125,20241029c,Adult,F,fa/+,empa,10,single,0.0336343405446725,0.0372860958251149,0.0036517552804424
1126,1126,20241029c,Adult,F,fa/+,empa,11,single,0.0319498209844309,,
1127,1127,20241029c,Adult,F,fa/+,empa,12,single,0.0311489568051421,0.0331548685023271,0.002005911697185
1128,1128,20241029c,Adult,F,fa/+,empa,13,single,0.0311338929911974,0.0332268555834053,0.0020929625922079
1129,1129,20241029c,Adult,F,fa/+,empa,14,single,0.0319501408155538,0.0338256967120368,0.001875555896483
1130,1130,20241029c,Adult,F,fa/+,empa,15,single,0.0337304962200368,0.0354098661960832,0.0016793699760463
1131,1131,20241029c,Adult,F,fa/+,empa,16,single,0.0324064413284485,0.0343841548800048,0.0019777135515562
1132,1132,20241029c,Adult,F,fa/+,empa,17,single,0.0310792686171637,0.0329126672061631,0.0018333985889994
1133,1133,20241029c,Adult,F,fa/+,empa,19,single,0.0317715612146958,0.0337298634977202,0.0019583022830243
1134,1134,20241029c,Adult,F,fa/+,empa,20,single,0.0299394105213477,0.0320896397501184,0.0021502292287707
1135,1135,20241029c,Adult,F,fa/+,empa,22,single,0.0319506052370334,,
1136,1136,20241029c,Adult,F,fa/+,vehicle,0,single,0.030649642397464,0.0320727656694052,0.0014231232719412
1137,1137,20241029c,Adult,F,fa/+,vehicle,1,single,0.0295462753028723,0.0288103224713966,-0.0007359528314757
1138,1138,20241029c,Adult,F,fa/+,vehicle,2,single,0.0307589305994863,0.03220242222952,0.0014434916300336
1139,1139,20241029c,Adult,F,fa/+,vehicle,3,single,0.0303021706933129,0.0309163003651501,0.0006141296718371
1140,1140,20241029c,Adult,F,fa/+,vehicle,4,single,0.0330297270765145,0.0340928638010222,0.0010631367245076
1141,1141,20241029c,Adult,F,fa/+,vehicle,5,single,0.0285158540900485,0.0311942098500933,0.0026783557600448
1142,1142,20241029c,Adult,F,fa/+,vehicle,6,single,0.0304432585127555,0.0322642187492105,0.0018209602364549
1143,1143,20241029c,Adult,F,fa/+,vehicle,7,single,0.030609038846481,0.0327081406682861,0.002099101821805
1144,1144,20241029c,Adult,F,fa/+,vehicle,8,single,0.0290736422101865,0.0289973802557822,-7.626195440429626e-05
1145,1145,20241029c,Adult,F,fa/+,vehicle,9,single,0.0294212766607984,0.0288421650002469,-0.0005791116605515
1146,1146,20241029c,Adult,F,fa/+,vehicle,10,single,0.0308754010779024,0.0317884536432568,0.0009130525653543
1147,1147,20241029c,Adult,F,fa/+,vehicle,11,single,0.0296218266270678,0.0312800834473581,0.0016582568202902
1148,1148,20241029c,Adult,F,fa/+,vehicle,12,single,0.0283764069140785,0.0295957566699755,0.0012193497558969
1149,1149,20241029c,Adult,F,fa/+,vehicle,13,single,0.0288798593625297,0.0294994565749833,0.0006195972124535
1150,1150,20241029c,Adult,F,fa/+,vehicle,14,single,0.0297296597134741,0.0296140440450781,-0.0001156156683959
1151,1151,20241029c,Adult,F,fa/+,vehicle,15,single,0.0308068963786343,0.0329970021478975,0.0021901057692631
1152,1152,20241029c,Adult,F,fa/+,vehicle,16,single,0.0298013226372226,0.0311785018958102,0.0013771792585876
1153,1153,20241029c,Adult,F,fa/+,vehicle,17,single,0.0278948262342363,0.0289277114104375,0.0010328851762011
1154,1154,20241029c,Adult,F,fa/+,vehicle,18,single,0.029843211857867,0.0306192359623212,0.0007760241044542
1155,1155,20241029c,Adult,F,fa/+,vehicle,19,single,0.0302942765803938,0.0308663252854252,0.0005720487050314
1156,1156,20241029c,Adult,F,fa/+,vehicle,20,single,0.0301328155112182,0.0327498818946824,0.0026170663834642
1157,1157,20241029c,Adult,F,fa/+,vehicle,21,single,0.0299849345276587,0.0327635427928941,0.0027786082652354
1158,1158,20241030a,Adult,F,fa/fa,empa,0,single,0.0160253155665392,0.0176840983305021,0.0016587827639628
1159,1159,20241030a,Adult,F,fa/fa,empa,1,single,0.0149714287635554,0.01701657425924,0.0020451454956845
1160,1160,20241030a,Adult,F,fa/fa,empa,3,single,0.0150097152026604,0.0161378642117345,0.001128149009074
1161,1161,20241030a,Adult,F,fa/fa,empa,4,single,0.0147359690464976,0.0160312539811741,0.0012952849346764
1162,1162,20241030a,Adult,F,fa/fa,empa,5,single,0.0146922423587724,0.0159874064089207,0.0012951640501483
1163,1163,20241030a,Adult,F,fa/fa,empa,6,single,0.0197131815030328,0.0188967585472171,-0.0008164229558156
1164,1164,20241030a,Adult,F,fa/fa,empa,7,single,0.0147441486914927,0.015986760378444,0.0012426116869513
1165,1165,20241030a,Adult,F,fa/fa,empa,8,single,0.0146498620059162,0.0158741629298015,0.0012243009238853
1166,1166,20241030a,Adult,F,fa/fa,empa,9,single,0.0145957143269923,0.0158489295003586,0.0012532151733663
1167,1167,20241030a,Adult,F,fa/fa,empa,10,single,0.0144446770938315,0.0168992853015415,0.0024546082077099
1168,1168,20241030a,Adult,F,fa/fa,empa,14,single,0.0144586555012609,0.0159086989844209,0.00145004348316
1169,1169,20241030a,Adult,F,fa/fa,empa,15,single,0.0144806098554859,0.0158415198471357,0.0013609099916498
1170,1170,20241030a,Adult,F,fa/fa,empa,16,single,0.0145065593301399,0.0159346753446455,0.0014281160145055
1171,1171,20241030a,Adult,F,fa/fa,empa,17,single,0.0145072879636317,0.0158654548321914,0.0013581668685596
1172,1172,20241030a,Adult,F,fa/fa,empa,18,single,0.0145700853495795,0.015733144437097,0.0011630590875174
1173,1173,20241030a,Adult,F,fa/fa,empa,19,single,0.0144806658094015,0.0157058782820246,0.0012252124726231
1174,1174,20241030a,Adult,F,fa/fa,vehicle,1,single,0.0165649314392569,0.0177035281616486,0.0011385967223916
1175,1175,20241030a,Adult,F,fa/fa,vehicle,7,single,0.0172556103146165,0.0158618930955649,-0.0013937172190515
1176,1176,20241030a,Adult,F,fa/fa,vehicle,8,single,0.0170119542829115,0.0157285902175489,-0.0012833640653625
1177,1177,20241030a,Adult,F,fa/fa,vehicle,9,single,0.0169427748096628,0.0157148723351086,-0.0012279024745542
1178,1178,20241030a,Adult,F,fa/fa,vehicle,14,single,0.0150247166139385,0.0161573831309163,0.0011326665169778
1179,1179,20241030a,Adult,F,fa/fa,vehicle,15,single,0.015191999744647,0.0159668675168989,0.0007748677722518
1180,1180,20241030a,Adult,F,fa/fa,vehicle,16,single,0.0143749958444632,0.0160348367229816,0.0016598408785183
1181,1181,20241030b,Adult,F,fa/fa,empa,1,single,0.0239992785704471,0.0224835359420624,-0.0015157426283846
1182,1182,20241030b,Adult,F,fa/fa,empa,2,single,0.0219711940211872,0.0222403833653054,0.0002691893441181
1183,1183,20241030b,Adult,F,fa/fa,empa,4,single,0.0231002832333781,0.0200189267141459,-0.0030813565192321
1184,1184,20241030b,Adult,F,fa/fa,empa,7,double,0.0196277980350239,,
1185,1185,20241030b,Adult,F,fa/fa,empa,11,single,0.0239894951788437,0.0247588411937237,0.0007693460148799
1186,1186,20241030b,Adult,F,fa/fa,empa,12,single,0.0271750111402218,0.024820839577837,-0.0023541715623848
1187,1187,20241030b,Adult,F,fa/fa,empa,14,double,0.0178723595371047,0.0192068735305748,0.0013345139934701
1188,1188,20241030b,Adult,F,fa/fa,vehicle,2,single,0.0188074466794408,0.0202139534296724,0.0014065067502316
1189,1189,20241030b,Adult,F,fa/fa,vehicle,6,single,0.0188403899023634,0.0188463661608009,5.976258437428994e-06
1190,1190,20241030b,Adult,F,fa/fa,vehicle,8,single,0.0223116073792919,0.0226009008349372,0.0002892934556452
1191,1191,20241030b,Adult,F,fa/fa,vehicle,10,single,0.0225331958962246,0.0227041454431525,0.0001709495469278
1192,1192,20241030b,Adult,F,fa/fa,vehicle,11,single,0.0225498746552647,0.0227012368531755,0.0001513621979107
1193,1193,20241030b,Adult,F,fa/fa,vehicle,13,single,0.0204394302658888,0.0202448964292605,-0.0001945338366282
1194,1194,20241030b,Adult,F,fa/fa,vehicle,14,single,0.0188352607747931,0.0207096784577422,0.001874417682949
