,Unnamed: 0,rat,age,sex,gtyp,treatment,vessel_idx,activity_type,baseline,injected,change_log
0,0,20240814a,Young,M,fa/fa,empa,0,single,4.405642821619514,1.6612453070629165,-0.4235755176232206
1,1,20240814a,Young,M,fa/fa,empa,4,single,4.036873702170734,1.3463216733447867,-0.4768963250598158
2,2,20240814a,Young,M,fa/fa,empa,6,single,4.018323617896202,1.459343681136531,-0.4398873279795287
3,3,20240814a,Young,M,fa/fa,vehicle,1,double,3.41864284568464,12.465899202148467,0.5618698795970134
4,4,20240814a,Young,M,fa/fa,vehicle,3,single,7.948929399629478,37.4570262152903,0.6732246552334413
5,5,20240814a,Young,M,fa/fa,vehicle,4,single,4.902984540978179,9.49304061781868,0.2869448151650605
6,6,20240814a,Young,M,fa/fa,vehicle,5,single,2.946609744967556,16.72076380490117,0.7539334913312605
7,7,20240814a,Young,M,fa/fa,vehicle,6,single,5.650844628893532,11.724077332320428,0.3169653079454274
8,8,20240814a,Young,M,fa/fa,vehicle,17,single,2.4703154895083945,9.067230706982691,0.564722244556804
9,9,20240814a,Young,M,fa/fa,vehicle,18,single,7.786580222626493,5.735431564440775,-0.1327806602552432
10,10,20240815a,Young,F,fa/+,empa,0,single,11.173238607565615,0.6264532232083656,-1.251290425244404
11,11,20240815a,Young,F,fa/+,empa,1,single,20.270342241133186,1.378014614121373,-1.167607257935582
12,12,20240815a,Young,F,fa/+,empa,2,single,16.38707276221019,1.5250981781035633,-1.0312035798143555
13,13,20240815a,Young,F,fa/+,empa,4,single,4.871255356277696,1.1009931588711108,-0.6458562758886182
14,14,20240815a,Young,F,fa/+,empa,5,single,5.999353279474084,0.9181204486770124,-0.8152047764206739
15,15,20240815a,Young,F,fa/+,empa,6,single,17.5711039335238,0.7491666876120909,-1.3702205897903172
16,16,20240815a,Young,F,fa/+,empa,7,single,6.832107292019438,0.7655414474587411,-0.9505859689668212
17,17,20240815a,Young,F,fa/+,empa,10,single,17.19437846063856,1.1617249925692694,-1.170283149064677
18,18,20240815a,Young,F,fa/+,empa,11,single,9.2880313348913,1.0840089741337426,-0.932890794315331
19,19,20240815a,Young,F,fa/+,empa,12,single,3.715444980637312,1.7230998278912937,-0.3337003954796991
20,20,20240815a,Young,F,fa/+,empa,13,single,9.094072853860814,1.0492601931544865,-0.9378752321695702
21,21,20240815a,Young,F,fa/+,empa,14,single,8.007422740787165,0.5197074898222914,-1.187733781336569
22,22,20240815a,Young,F,fa/+,empa,16,single,5.095410594003029,1.1972823191448585,-0.6289826165862551
23,23,20240815a,Young,F,fa/+,empa,18,single,5.0831031559380815,0.5734660576086302,-0.947621205402917
24,24,20240815a,Young,F,fa/+,empa,19,single,19.7378599827217,1.3593555616177122,-1.16196699543469
25,25,20240815a,Young,F,fa/+,empa,20,single,6.051963412758719,0.7655018262328191,-0.8979500627071307
26,26,20240815a,Young,F,fa/+,empa,21,single,10.985816773742936,0.4854557681234717,-1.3546826857066083
27,27,20240815a,Young,F,fa/+,empa,22,single,5.834730761394679,1.294405790023564,-0.653950373779536
28,28,20240815a,Young,F,fa/+,empa,24,single,4.432699518353464,1.9924581483063983,-0.3472790847728387
29,29,20240815a,Young,F,fa/+,empa,27,single,17.600518305056095,0.8604087667098632,-1.3108206304626333
30,30,20240815a,Young,F,fa/+,empa,28,single,6.071314605307688,1.1913197220591714,-0.7072544063642374
31,31,20240815a,Young,F,fa/+,vehicle,0,single,58.458423985265,26.34049652272445,-0.3462231455552216
32,32,20240815a,Young,F,fa/+,vehicle,1,single,11.160500361212767,10.316505056728774,-0.0341510704725369
33,33,20240815a,Young,F,fa/+,vehicle,2,double,34.207405951090635,33.6512335300509,-0.0071191531118952
34,34,20240815a,Young,F,fa/+,vehicle,3,double,4.418129591320403,1.8645909554807143,-0.3746548770546303
35,35,20240815a,Young,F,fa/+,vehicle,4,single,5.870576670191294,4.877506217146029,-0.080482932701586
36,36,20240815a,Young,F,fa/+,vehicle,5,single,4.644905767698711,3.231055760321416,-0.1576324548142543
37,37,20240815a,Young,F,fa/+,vehicle,6,single,34.7728060287313,19.732343652879845,-0.24606106754952
38,38,20240815a,Young,F,fa/+,vehicle,7,single,9.741200187434655,10.224722039749684,0.0210390420479165
39,39,20240815a,Young,F,fa/+,vehicle,8,single,16.031275407602358,14.38085388971573,-0.0471834012477598
40,40,20240815a,Young,F,fa/+,vehicle,9,single,3.643793057565359,3.494779060446452,-0.0181339791563061
41,41,20240815a,Young,F,fa/+,vehicle,10,single,36.08055592888231,16.698479010248835,-0.3345963055193968
42,42,20240815a,Young,F,fa/+,vehicle,11,single,17.994160980152078,21.809342890687944,0.0835109791414405
43,43,20240815a,Young,F,fa/+,vehicle,12,double,8.698964844844614,9.088170336902884,0.0190088825655797
44,44,20240815a,Young,F,fa/+,vehicle,13,single,15.122893415295952,9.912689977259753,-0.183443367619156
45,45,20240815a,Young,F,fa/+,vehicle,14,single,8.506535547069635,5.443091295093878,-0.193907102523362
46,46,20240815a,Young,F,fa/+,vehicle,15,single,21.23130320108305,10.8195176883573,-0.2927687512086818
47,47,20240815a,Young,F,fa/+,vehicle,16,single,8.590536234837472,8.737211121935234,0.0073525559051245
48,48,20240815a,Young,F,fa/+,vehicle,18,single,11.595853731551372,24.684390409503948,0.3281196780303224
49,49,20240815a,Young,F,fa/+,vehicle,19,single,22.711163973330496,20.215212266534635,-0.0505610869509871
50,50,20240815a,Young,F,fa/+,vehicle,20,single,5.678101225878907,6.799912625293367,0.0783002017166358
51,51,20240815a,Young,F,fa/+,vehicle,21,single,15.922231012233471,8.122879121721596,-0.292293930259676
52,52,20240815a,Young,F,fa/+,vehicle,23,single,8.537521445267975,7.3181096620836605,-0.0669328944739003
53,53,20240815a,Young,F,fa/+,vehicle,24,single,5.5371962356683655,3.191851664456781,-0.2392472148840974
54,54,20240815a,Young,F,fa/+,vehicle,27,single,9.916144926676074,9.116860639984,-0.0364975492132267
55,55,20240815a,Young,F,fa/+,vehicle,28,single,7.95824095833343,2.766577731692334,-0.4588742075461227
56,56,20240815b,Young,F,fa/fa,empa,0,single,36.1532563748336,16.318056178195494,-0.3454789969671163
57,57,20240815b,Young,F,fa/fa,empa,1,single,47.2339148388267,23.264975758847022,-0.3075513378882542
58,58,20240815b,Young,F,fa/fa,empa,2,single,21.064610248803497,7.665380890832006,-0.4390196882274404
59,59,20240815b,Young,F,fa/fa,empa,3,double,26.18559709953951,11.971277398339682,-0.3399219870039034
60,60,20240815b,Young,F,fa/fa,empa,4,single,21.54157066262396,13.999538330845697,-0.1871636518846104
61,61,20240815b,Young,F,fa/fa,empa,5,single,30.458608540269925,10.77223954604738,-0.4514040569011117
62,62,20240815b,Young,F,fa/fa,empa,6,single,36.78955931625037,15.040221363980692,-0.3884703573589991
63,63,20240815b,Young,F,fa/fa,empa,7,single,20.28891979944085,14.400029063744508,-0.1488955567776044
64,64,20240815b,Young,F,fa/fa,empa,8,single,25.02685189593596,11.500296007606366,-0.3376972046917954
65,65,20240815b,Young,F,fa/fa,empa,10,double,35.22727253431647,20.17859362849039,-0.2419881250292612
66,66,20240815b,Young,F,fa/fa,empa,11,double,74.4536647944963,25.63733624780106,-0.4630131802327508
67,67,20240815b,Young,F,fa/fa,empa,12,single,22.215758546095785,12.32897564541974,-0.2557341519206064
68,68,20240815b,Young,F,fa/fa,empa,13,single,41.95757390671197,7.177455900740762,-0.7668398354268681
69,69,20240815b,Young,F,fa/fa,empa,14,single,50.47411047184701,7.922832319936891,-0.8041882093669206
70,70,20240815b,Young,F,fa/fa,empa,15,single,21.97178533674398,2.7607851296138715,-0.9008327402802304
71,71,20240815b,Young,F,fa/fa,empa,16,single,35.288873827535575,25.164311181289403,-0.1468527519364439
72,72,20240815b,Young,F,fa/fa,empa,17,single,55.34163817872289,12.640222660389814,-0.6412972864220625
73,73,20240815b,Young,F,fa/fa,empa,18,single,18.728126794845316,28.405897743928705,0.180914178335152
74,74,20240815b,Young,F,fa/fa,empa,19,single,70.18286911310486,24.48793074568768,-0.4572790300693738
75,75,20240815b,Young,F,fa/fa,empa,20,single,52.48023774242588,31.37983293973826,-0.2233451666277091
76,76,20240815b,Young,F,fa/fa,empa,21,single,41.97901728762192,11.913448875763496,-0.5469947622315801
77,77,20240815b,Young,F,fa/fa,empa,22,single,15.67100805171168,7.667846147533814,-0.3104235434139355
78,78,20240815b,Young,F,fa/fa,empa,23,single,57.581384583183485,8.81173691664478,-0.8152205812015676
79,79,20240815b,Young,F,fa/fa,empa,24,single,23.709927488352665,4.969697786575432,-0.6786002462295622
80,80,20240815b,Young,F,fa/fa,empa,25,double,98.43103295317115,25.59022409357088,-0.5850579536746947
81,81,20240815b,Young,F,fa/fa,empa,26,double,93.32107708269707,39.42637034796885,-0.3741929455433519
82,82,20240815b,Young,F,fa/fa,vehicle,0,single,64.14646133986366,20.106795749873346,-0.5038298371079442
83,83,20240815b,Young,F,fa/fa,vehicle,1,single,42.95584473508082,8.257138016519303,-0.7161927201336655
84,84,20240815b,Young,F,fa/fa,vehicle,2,single,43.35514809830509,17.60013559308662,-0.3915246604107865
85,85,20240815b,Young,F,fa/fa,vehicle,3,double,51.282218026337375,25.069855021285697,-0.3108149783046445
86,86,20240815b,Young,F,fa/fa,vehicle,4,single,39.08623831482019,19.95049028396868,-0.2920703027025717
87,87,20240815b,Young,F,fa/fa,vehicle,5,single,57.331059996636974,12.447934204115688,-0.6632926874328264
88,88,20240815b,Young,F,fa/fa,vehicle,6,single,70.94648191255962,37.37373874986165,-0.2783643191132674
89,89,20240815b,Young,F,fa/fa,vehicle,7,single,102.06591348844027,32.12345683392433,-0.5020584529123007
90,90,20240815b,Young,F,fa/fa,vehicle,8,single,48.75464558426345,10.655228531617055,-0.6604532349089733
91,91,20240815b,Young,F,fa/fa,vehicle,9,single,52.50978604683676,34.48203948943716,-0.1826473038616298
92,92,20240815b,Young,F,fa/fa,vehicle,10,single,101.20843817225987,32.51077259158989,-0.493189432699489
93,93,20240815b,Young,F,fa/fa,vehicle,11,single,84.92121115841995,41.59573556163456,-0.3099673709240609
94,94,20240815b,Young,F,fa/fa,vehicle,12,single,34.6418817047494,22.236795057015883,-0.1925292808717351
95,95,20240815b,Young,F,fa/fa,vehicle,13,single,23.941221497911872,10.859731267887575,-0.3433272261983024
96,96,20240815b,Young,F,fa/fa,vehicle,14,single,14.803769143788909,7.290379264311168,-0.3076221818813427
97,97,20240815b,Young,F,fa/fa,vehicle,15,single,27.94680473643689,18.893516908134536,-0.1700193539297674
98,98,20240815b,Young,F,fa/fa,vehicle,16,single,82.78945016581154,48.26850378807984,-0.2343111613949553
99,99,20240815b,Young,F,fa/fa,vehicle,17,single,72.5185732687681,40.17512671140393,-0.2564919960008494
100,100,20240815b,Young,F,fa/fa,vehicle,18,single,59.4401852276168,39.03552386308876,-0.1826201420614028
101,101,20240815b,Young,F,fa/fa,vehicle,19,single,43.78276926480139,32.86225675069991,-0.1246058428321643
102,102,20240815b,Young,F,fa/fa,vehicle,20,single,94.73733748823692,31.232999157199316,-0.481907485611039
103,103,20240815b,Young,F,fa/fa,vehicle,21,single,28.352605851545093,24.58610550028939,-0.0619032396404144
104,104,20240815b,Young,F,fa/fa,vehicle,22,single,77.79317421363662,23.988658081367127,-0.5109355381340508
105,105,20240815b,Young,F,fa/fa,vehicle,23,single,28.62939114550759,20.0378534890092,-0.1549609152362254
106,106,20240815b,Young,F,fa/fa,vehicle,24,single,4.957947682915073,13.739011775978168,0.4426535560661981
107,107,20240815b,Young,F,fa/fa,vehicle,25,single,35.26471129917525,32.63277556991368,-0.0336863186341016
108,108,20240815b,Young,F,fa/fa,vehicle,26,single,159.04787235747506,91.94570799479357,-0.2379964024860901
109,109,20240816a,Young,F,fa/fa,empa,0,single,7.750649649143698,7.081905884634262,-0.0391879551369778
110,110,20240816a,Young,F,fa/fa,empa,1,single,4.649037784428884,3.981363155455044,-0.0673312828055087
111,111,20240816a,Young,F,fa/fa,empa,3,single,8.116246677711546,2.602806020321537,-0.4939134355162751
112,112,20240816a,Young,F,fa/fa,empa,5,single,19.56335579732292,8.860720881480246,-0.3439742972696256
113,113,20240816a,Young,F,fa/fa,empa,6,single,13.331763193629689,8.289507589764424,-0.2063588573533279
114,114,20240816a,Young,F,fa/fa,empa,7,single,9.011235999357837,8.344987640024264,-0.0333586660033395
115,115,20240816a,Young,F,fa/fa,empa,8,single,9.645829494748178,5.033069088975723,-0.2825066888121359
116,116,20240816a,Young,F,fa/fa,empa,10,single,14.744899643913795,12.204103811250906,-0.0821359278150881
117,117,20240816a,Young,F,fa/fa,empa,11,single,9.96330188018811,9.264715693166773,-0.0315711926565752
118,118,20240816a,Young,F,fa/fa,empa,12,double,22.5128491843731,9.28276371286124,-0.3847531660912354
119,119,20240816a,Young,F,fa/fa,empa,13,single,19.31635461433897,14.459004296311312,-0.12578678291672
120,120,20240816a,Young,F,fa/fa,empa,14,double,76.04816580742778,38.39135532433774,-0.2968552996198688
121,121,20240816a,Young,F,fa/fa,empa,15,double,30.765424609329237,16.431976699317737,-0.2723731029648581
122,122,20240816a,Young,F,fa/fa,empa,17,single,4.395422994179022,2.7792209535742254,-0.1990776003923545
123,123,20240816a,Young,F,fa/fa,empa,18,single,27.84662174087341,20.214142476196177,-0.1391171931179073
124,124,20240816a,Young,F,fa/fa,empa,21,single,33.04287028282978,11.5390090448722,-0.4569092516854471
125,125,20240816a,Young,F,fa/fa,empa,26,single,43.82001685970887,39.35129555479253,-0.0467135051987224
126,126,20240816a,Young,F,fa/fa,empa,27,single,29.601988540287014,18.591512365618684,-0.2020061663568846
127,127,20240816a,Young,F,fa/fa,empa,28,single,15.763756393369738,6.219439297435308,-0.4039084814328399
128,128,20240816a,Young,F,fa/fa,empa,30,single,19.5276861573658,15.111523993700708,-0.1113425215794665
129,129,20240816a,Young,F,fa/fa,vehicle,0,single,12.390012954848585,20.290030474780988,0.2142109388566757
130,130,20240816a,Young,F,fa/fa,vehicle,4,single,6.455896993648054,6.549214924381183,0.0062326503931482
131,131,20240816a,Young,F,fa/fa,vehicle,5,single,34.96974305024451,25.70002821750212,-0.1337588410556098
132,132,20240816a,Young,F,fa/fa,vehicle,6,single,17.790223182384793,19.413806093673305,0.0379292911080553
133,133,20240816a,Young,F,fa/fa,vehicle,7,double,22.02636982024018,18.711500011212028,-0.0708343225024952
134,134,20240816a,Young,F,fa/fa,vehicle,8,single,17.585469724730547,9.672283978489482,-0.2596249342929434
135,135,20240816a,Young,F,fa/fa,vehicle,9,single,13.321624192774223,10.42240818608516,-0.1065890999157783
136,136,20240816a,Young,F,fa/fa,vehicle,10,single,8.530308519939446,9.861639342182194,0.0629843767607465
137,137,20240816a,Young,F,fa/fa,vehicle,11,single,4.623560987895027,6.2622535755170095,0.1317540587500699
138,138,20240816a,Young,F,fa/fa,vehicle,12,single,26.985617338809035,21.602204755479725,-0.0966342794894783
139,139,20240816a,Young,F,fa/fa,vehicle,13,single,14.173294233608594,13.441187856075578,-0.0230331521483497
140,140,20240816a,Young,F,fa/fa,vehicle,14,single,29.620674082420727,36.569807182360144,0.0915277328801806
141,141,20240816a,Young,F,fa/fa,vehicle,15,single,24.384943522493646,15.479430448688564,-0.1973667768900375
142,142,20240816a,Young,F,fa/fa,vehicle,16,single,26.326065041359783,17.762336706834983,-0.1708858515458917
143,143,20240816a,Young,F,fa/fa,vehicle,17,single,5.834500984556517,1.5028853918459095,-0.5890778543669009
144,144,20240816a,Young,F,fa/fa,vehicle,18,single,32.96760945520153,17.759174412404715,-0.2686646843041906
145,145,20240816a,Young,F,fa/fa,vehicle,20,single,10.866852934208335,14.461472093081635,0.1241087142345951
146,146,20240816a,Young,F,fa/fa,vehicle,21,single,7.637249047092211,10.800869580447891,0.1505217690694196
147,147,20240816a,Young,F,fa/fa,vehicle,23,single,6.078370828183696,5.247871198171221,-0.0638040245802188
148,148,20240816a,Young,F,fa/fa,vehicle,26,single,46.75810361982119,29.783165263309076,-0.1958860377040212
149,149,20240816a,Young,F,fa/fa,vehicle,27,single,33.75139387681783,15.432085624762577,-0.3398670888613453
150,150,20240816a,Young,F,fa/fa,vehicle,28,single,31.54815381384441,7.918910232529129,-0.6003085296709544
151,151,20240816a,Young,F,fa/fa,vehicle,32,single,68.8559344303481,27.56598111607239,-0.3975679220855117
152,152,20240816b,Young,F,fa/+,empa,1,single,10.514003148088202,7.243411496032316,-0.1618249446776013
153,153,20240816b,Young,F,fa/+,empa,2,single,21.250189612062677,15.863772227923766,-0.1269563439033256
154,154,20240816b,Young,F,fa/+,empa,3,single,4.5035645396894814,2.00489587648115,-0.3514645682922965
155,155,20240816b,Young,F,fa/+,empa,4,single,4.229188508565615,2.561770941862518,-0.2177167483372297
156,156,20240816b,Young,F,fa/+,empa,7,single,7.720391816002607,11.12470384746248,0.1586491166991662
157,157,20240816b,Young,F,fa/+,empa,8,single,6.492605130435259,4.437774403941898,-0.1652537696785248
158,158,20240816b,Young,F,fa/+,empa,10,single,8.992007881480639,5.657544999306274,-0.2012286619266856
159,159,20240816b,Young,F,fa/+,empa,11,single,4.282719375262738,4.772986416335915,0.0470705801605939
160,160,20240816b,Young,F,fa/+,empa,12,single,14.417593391257933,7.873530828470961,-0.2627232409851178
161,161,20240816b,Young,F,fa/+,empa,13,single,9.306103074674136,6.690347509426801,-0.1433191820439724
162,162,20240816b,Young,F,fa/+,empa,14,single,8.103674268255222,3.2068772729277457,-0.4025996361790798
163,163,20240816b,Young,F,fa/+,empa,15,single,4.033763624564219,5.414561133721198,0.1278528162279464
164,164,20240816b,Young,F,fa/+,empa,16,single,9.518116845605412,4.524283130371373,-0.3230012566265066
165,165,20240816b,Young,F,fa/+,empa,17,single,20.148268801277933,13.753205087991882,-0.1658338169721087
166,166,20240816b,Young,F,fa/+,empa,19,double,18.25853029340887,20.413554334557656,0.0484528126917722
167,167,20240816b,Young,F,fa/+,empa,20,single,30.291454893512643,22.218398048169817,-0.1346073899278601
168,168,20240816b,Young,F,fa/+,empa,21,single,10.512275996856834,5.684393056130756,-0.2670126543892364
169,169,20240816b,Young,F,fa/+,empa,22,single,11.544113196137262,7.625829518842544,-0.1800734845272541
170,170,20240816b,Young,F,fa/+,empa,23,single,12.742630602601087,6.979044847211734,-0.2614631043797982
171,171,20240816b,Young,F,fa/+,empa,24,single,6.953750320652546,5.410267899171366,-0.1090003224616994
172,172,20240816b,Young,F,fa/+,empa,25,single,5.822233463567783,3.053006433514147,-0.2803618965882669
173,173,20240816b,Young,F,fa/+,empa,27,single,3.617673998787617,1.2997138994474953,-0.4445816650875364
174,174,20240816b,Young,F,fa/+,empa,28,single,9.447083330094484,4.311919394126367,-0.340627112494836
175,175,20240816b,Young,F,fa/+,vehicle,0,single,10.231377989009268,5.824474306939827,-0.2446773957434959
176,176,20240816b,Young,F,fa/+,vehicle,1,single,22.721522448863805,26.502152404996547,0.0668437193445139
177,177,20240816b,Young,F,fa/+,vehicle,2,single,57.49256928265368,31.86721658626644,-0.256267585180395
178,178,20240816b,Young,F,fa/+,vehicle,3,single,18.60405642318146,9.419764796918525,-0.2955675890040159
179,179,20240816b,Young,F,fa/+,vehicle,4,single,14.556934442323488,6.53756811796598,-0.347653699132132
180,180,20240816b,Young,F,fa/+,vehicle,5,single,24.88123742379577,6.984252628956232,-0.5517520354703973
181,181,20240816b,Young,F,fa/+,vehicle,6,single,22.29154847067663,3.5423827035301723,-0.7988447589009914
182,182,20240816b,Young,F,fa/+,vehicle,7,single,50.27287906386657,18.52650177382485,-0.4335403350786215
183,183,20240816b,Young,F,fa/+,vehicle,8,single,16.44269843002361,14.6306506632729,-0.0507094508510888
184,184,20240816b,Young,F,fa/+,vehicle,9,single,27.13705567464964,5.30024880187915,-0.7092664691174966
185,185,20240816b,Young,F,fa/+,vehicle,10,single,24.289484470646787,25.13664209768881,0.0148889643120559
186,186,20240816b,Young,F,fa/+,vehicle,11,single,26.254610319809068,8.284834032050677,-0.5009217639861187
187,187,20240816b,Young,F,fa/+,vehicle,12,single,40.89478034106474,29.674435010694616,-0.1392854208855658
188,188,20240816b,Young,F,fa/+,vehicle,13,single,48.976683465936254,22.907591923589557,-0.3300099348648639
189,189,20240816b,Young,F,fa/+,vehicle,14,single,7.393057086224453,8.250948520539437,0.0476798178075401
190,190,20240816b,Young,F,fa/+,vehicle,15,single,15.153566448216278,6.106092133659119,-0.3947515046910014
191,191,20240816b,Young,F,fa/+,vehicle,16,single,7.79742682678773,5.703603918329466,-0.1358019492093801
192,192,20240816b,Young,F,fa/+,vehicle,17,single,36.11542294511528,25.24765646695121,-0.1554716328897611
193,193,20240816b,Young,F,fa/+,vehicle,18,single,9.889779434974288,8.488270980548643,-0.0663673703485995
194,194,20240816b,Young,F,fa/+,vehicle,19,single,25.8735415232634,27.15621222241236,0.0210133157494405
195,195,20240816b,Young,F,fa/+,vehicle,20,single,43.88789496670066,17.93637048164106,-0.3886101850611989
196,196,20240816b,Young,F,fa/+,vehicle,21,single,14.274171152023596,17.005898340508093,0.0760486787947238
197,197,20240816b,Young,F,fa/+,vehicle,22,single,25.14887143081228,22.98601048773171,-0.039054900109291
198,198,20240816b,Young,F,fa/+,vehicle,23,single,58.030336033450425,27.893778170556253,-0.3181477426311629
199,199,20240816b,Young,F,fa/+,vehicle,24,single,4.311457047143634,5.5160273638895125,0.1070023481528225
200,200,20240816b,Young,F,fa/+,vehicle,25,single,14.244547003244575,7.658765471658058,-0.2694898719461819
201,201,20240816b,Young,F,fa/+,vehicle,26,single,4.778829044387987,4.799839784815769,0.0019052466320107
202,202,20240816b,Young,F,fa/+,vehicle,27,single,15.60059690220536,3.757595643106512,-0.61823117181426
203,203,20240816b,Young,F,fa/+,vehicle,28,single,33.41503008806685,17.377944366743634,-0.2839434539627885
204,204,20240816b,Young,F,fa/+,vehicle,29,single,10.15505346870989,2.3773177627807582,-0.6305949790832885
205,205,20240820a,Young,M,fa/+,empa,0,single,7.355377825966844,5.035682718110521,-0.1645466273517604
206,206,20240820a,Young,M,fa/+,empa,2,single,10.867937215622645,10.5922430935633,-0.0111591814884097
207,207,20240820a,Young,M,fa/+,empa,4,single,10.842273684429864,15.513606482541723,0.1555924052584358
208,208,20240820a,Young,M,fa/+,empa,6,single,6.009487224106939,6.98114413212381,0.065089188284766
209,209,20240820a,Young,M,fa/+,empa,7,single,8.965710288429767,17.250299205827226,0.2842119310227498
210,210,20240820a,Young,M,fa/+,empa,8,single,11.232003838054553,9.188290594978891,-0.0872225211614015
211,211,20240820a,Young,M,fa/+,empa,9,single,6.664041194935024,5.056751811613044,-0.1198660343501516
212,212,20240820a,Young,M,fa/+,empa,10,single,3.6429871142112167,7.270776092425871,0.3001231354305704
213,213,20240820a,Young,M,fa/+,empa,11,single,3.2926235316079837,10.49293331622737,0.5033548352185201
214,214,20240820a,Young,M,fa/+,empa,15,single,5.3671531967911,13.796948884912531,0.4100390636134196
215,215,20240820a,Young,M,fa/+,empa,16,single,4.110406574189085,15.450138887771647,0.5750476062995276
216,216,20240820a,Young,M,fa/+,empa,17,single,4.476539438165885,17.746988353039587,0.5981822493193433
217,217,20240820a,Young,M,fa/+,empa,18,single,6.20805780330661,13.584772515734688,0.3400966183314349
218,218,20240820a,Young,M,fa/+,empa,22,single,9.178923640489574,14.745963589107111,0.2058814002294156
219,219,20240820a,Young,M,fa/+,empa,23,single,2.737301838184924,6.340490775047497,0.3648001859638587
220,220,20240820a,Young,M,fa/+,empa,24,single,12.776265451649966,17.838058323320656,0.1449436530274324
221,221,20240820a,Young,M,fa/+,empa,25,single,3.2668248929919264,4.384469829244909,0.1277912296977961
222,222,20240820a,Young,M,fa/+,empa,26,single,5.515670609392611,5.508802124563372,-0.0005411497707525
223,223,20240820a,Young,M,fa/+,empa,27,single,8.71509616384579,4.271313155849005,-0.3097107701971242
224,224,20240820a,Young,M,fa/+,vehicle,0,single,13.805313726398335,11.18153066640775,-0.0915450212220829
225,225,20240820a,Young,M,fa/+,vehicle,1,single,17.63829245191279,19.517657557934594,0.0439711547782202
226,226,20240820a,Young,M,fa/+,vehicle,2,single,31.663613385384657,30.333265455260737,-0.0186413083702732
227,227,20240820a,Young,M,fa/+,vehicle,3,single,8.608294371267862,7.430154781553362,-0.063919248936035
228,228,20240820a,Young,M,fa/+,vehicle,5,single,15.04577730087722,4.774602236732715,-0.4984774321903976
229,229,20240820a,Young,M,fa/+,vehicle,6,single,9.132747387291351,11.979669419360304,0.1178433886170463
230,230,20240820a,Young,M,fa/+,vehicle,7,single,11.69784743186085,13.590487269633227,0.0651290752709219
231,231,20240820a,Young,M,fa/+,vehicle,8,single,3.2418103049185825,7.092759301718571,0.3400276235384195
232,232,20240820a,Young,M,fa/+,vehicle,9,single,6.576186244146574,11.815068851622154,0.2544621524428341
233,233,20240820a,Young,M,fa/+,vehicle,10,single,17.842952896999154,13.73311195447991,-0.1136977684974736
234,234,20240820a,Young,M,fa/+,vehicle,11,single,23.316991855297044,12.659271371038551,-0.2652638112670407
235,235,20240820a,Young,M,fa/+,vehicle,12,single,11.094768899911667,3.5659854624593983,-0.4929386921187638
236,236,20240820a,Young,M,fa/+,vehicle,13,single,19.951141112899094,14.256730712657012,-0.1459477938295359
237,237,20240820a,Young,M,fa/+,vehicle,14,single,7.990695265600254,8.637076892328379,0.0337822172990575
238,238,20240820a,Young,M,fa/+,vehicle,15,single,28.61203121885461,16.916340708970285,-0.2282422666255581
239,239,20240820a,Young,M,fa/+,vehicle,16,single,31.38307809682921,20.728056784579813,-0.180136947828448
240,240,20240820a,Young,M,fa/+,vehicle,17,single,22.514471622321256,22.93295177414792,0.0079981985302772
241,241,20240820a,Young,M,fa/+,vehicle,18,single,25.162025459918265,23.731184278053465,-0.0254261857156428
242,242,20240820a,Young,M,fa/+,vehicle,19,single,24.819135620650982,15.034107755430734,-0.2177089935116578
243,243,20240820a,Young,M,fa/+,vehicle,20,single,4.478595876816772,8.678240389090512,0.287289800075818
244,244,20240820a,Young,M,fa/+,vehicle,22,single,10.031119821072547,10.90132739888267,0.0361299649164588
245,245,20240820a,Young,M,fa/+,vehicle,23,single,14.482820951453906,13.337751670050462,-0.0357705343946646
246,246,20240820a,Young,M,fa/+,vehicle,24,single,15.446947745241872,18.371576719862947,0.0753037533448461
247,247,20240820a,Young,M,fa/+,vehicle,25,single,5.404731180875896,5.998367553500567,0.0452589758890468
248,248,20240820a,Young,M,fa/+,vehicle,26,single,4.529078580935536,5.711691379506704,0.1007548772232029
249,249,20240820a,Young,M,fa/+,vehicle,28,single,1.0669361304976752,8.476340507746436,0.9000699724385772
250,250,20240820b,Young,M,fa/fa,empa,0,single,16.41322054860156,2.7094059058254283,-0.7823197321385206
251,251,20240820b,Young,M,fa/fa,empa,2,single,5.703671450019882,2.34899776588256,-0.3852718970701816
252,252,20240820b,Young,M,fa/fa,empa,3,single,25.168926401388745,4.491584143279217,-0.7484651508336903
253,253,20240820b,Young,M,fa/fa,empa,5,single,7.0483595680606514,2.351194997625244,-0.4767994021897722
254,254,20240820b,Young,M,fa/fa,empa,6,single,19.077847479526227,3.057752639962238,-0.7951270226388616
255,255,20240820b,Young,M,fa/fa,empa,7,single,39.0341319417871,7.272482872144391,-0.7297618186885688
256,256,20240820b,Young,M,fa/fa,empa,8,single,16.170542772985645,1.8694341228164664,-0.9370144318680096
257,257,20240820b,Young,M,fa/fa,empa,9,single,15.434653647905751,4.136195573830897,-0.5718958228650305
258,258,20240820b,Young,M,fa/fa,empa,10,single,17.233110923389642,2.463143471795948,-0.8448739743039859
259,259,20240820b,Young,M,fa/fa,empa,11,single,38.40289358601946,4.450584719446277,-0.9359468763781644
260,260,20240820b,Young,M,fa/fa,empa,12,single,19.43892684183592,6.242233287323371,-0.4933322900400497
261,261,20240820b,Young,M,fa/fa,empa,14,single,28.51749741882199,3.768144199695314,-0.8789838968496325
262,262,20240820b,Young,M,fa/fa,empa,15,single,15.249406911166425,3.1057627253766213,-0.6910846798254204
263,263,20240820b,Young,M,fa/fa,empa,16,single,24.36653260761307,4.615853785079531,-0.7225416894980059
264,264,20240820b,Young,M,fa/fa,empa,17,single,24.125908826074514,3.81692899262412,-0.8007696015277118
265,265,20240820b,Young,M,fa/fa,empa,18,single,13.092218273767598,1.5084511303341364,-0.9384819924712916
266,266,20240820b,Young,M,fa/fa,empa,19,single,53.58139452594969,3.854475812129676,-1.1430486878005954
267,267,20240820b,Young,M,fa/fa,empa,20,single,58.65605805748172,4.82849217413067,-1.0845013412939757
268,268,20240820b,Young,M,fa/fa,empa,21,single,10.576647215550317,3.2289896273922074,-0.5152813687682393
269,269,20240820b,Young,M,fa/fa,empa,22,single,15.32463725730219,2.3839064719080736,-0.808100990645566
270,270,20240820b,Young,M,fa/fa,vehicle,0,single,2.322875645981555,5.59114470135552,0.3814747714632929
271,271,20240820b,Young,M,fa/fa,vehicle,1,single,3.3895996186569413,7.475062084725522,0.3434664019458452
272,272,20240820b,Young,M,fa/fa,vehicle,2,single,8.892482063179465,7.722608669930244,-0.0612589695921617
273,273,20240820b,Young,M,fa/fa,vehicle,6,single,15.034479170655842,11.843498826123088,-0.1036083663854963
274,274,20240820b,Young,M,fa/fa,vehicle,8,single,7.248547821972398,6.722544901116288,-0.0327172968538332
275,275,20240820b,Young,M,fa/fa,vehicle,9,single,18.46630171979153,19.13328874972356,0.0154096985102305
276,276,20240820b,Young,M,fa/fa,vehicle,10,single,16.521936639031576,11.055548040753925,-0.1744806762245774
277,277,20240820b,Young,M,fa/fa,vehicle,11,single,9.10327434841885,6.612650453412431,-0.1388220650256161
278,278,20240820b,Young,M,fa/fa,vehicle,12,single,9.847730061992785,5.971910661939799,-0.2172228333760715
279,279,20240820b,Young,M,fa/fa,vehicle,14,single,21.35967525740748,16.880141183748496,-0.1022185708961167
280,280,20240820b,Young,M,fa/fa,vehicle,15,single,10.514461178126698,6.875615795768296,-0.1844754211840953
281,281,20240820b,Young,M,fa/fa,vehicle,16,single,14.932220544586936,10.284273721130928,-0.1619507686144878
282,282,20240820b,Young,M,fa/fa,vehicle,18,single,6.248868364963437,2.9132456677729786,-0.3314242668718846
283,283,20240820b,Young,M,fa/fa,vehicle,19,single,30.146673188877177,13.657842983105954,-0.3438572773525563
284,284,20240820b,Young,M,fa/fa,vehicle,20,single,33.66525039759697,19.836764140452264,-0.2297110194555454
285,285,20240820b,Young,M,fa/fa,vehicle,21,single,7.477072367006178,4.5401567621876575,-0.216660735592676
286,286,20240820b,Young,M,fa/fa,vehicle,22,single,6.836425625230723,7.589367889222524,0.0453765120638398
287,287,20240821a,Young,M,fa/fa,empa,0,single,8.492242133446773,9.737038780774098,0.059404531312369
288,288,20240821a,Young,M,fa/fa,empa,1,single,8.697149630345663,6.850942256365871,-0.1036266349159319
289,289,20240821a,Young,M,fa/fa,empa,2,single,11.12770856867675,5.646996797012598,-0.2945882016874582
290,290,20240821a,Young,M,fa/fa,empa,3,single,2.493318128270616,2.5541243251108976,0.0104643385702805
291,291,20240821a,Young,M,fa/fa,empa,6,single,44.54435684820975,39.74786260172472,-0.0494789128694721
292,292,20240821a,Young,M,fa/fa,empa,8,single,13.48757514768146,12.419056268283736,-0.035845282632839
293,293,20240821a,Young,M,fa/fa,empa,10,single,1.8274816750907843,4.779776286177018,0.4175545394596041
294,294,20240821a,Young,M,fa/fa,empa,11,single,4.641615071039638,5.986838289830072,0.1105284060105675
295,295,20240821a,Young,M,fa/fa,empa,13,single,41.78363286825721,32.28665162335246,-0.1119831892786185
296,296,20240821a,Young,M,fa/fa,empa,14,single,9.66461597439559,3.415870443489428,-0.4516832114348117
297,297,20240821a,Young,M,fa/fa,empa,15,single,11.930721032512473,9.769779056839631,-0.0867819487505837
298,298,20240821a,Young,M,fa/fa,empa,16,double,9.651925441910306,15.167539196878916,0.1963011674864317
299,299,20240821a,Young,M,fa/fa,empa,17,double,40.33108790074493,30.23307189231401,-0.1251576601449173
300,300,20240821a,Young,M,fa/fa,empa,18,single,5.82786662585464,3.728298356292008,-0.1939989447305644
301,301,20240821a,Young,M,fa/fa,empa,21,single,4.942564121185211,0.6447568772448695,-0.884556329038721
302,302,20240821a,Young,M,fa/fa,vehicle,1,double,23.312062770262965,22.99853211491675,-0.0058805858269688
303,303,20240821a,Young,M,fa/fa,vehicle,2,single,27.936786699580555,17.70789429277483,-0.1980095311302483
304,304,20240821a,Young,M,fa/fa,vehicle,4,single,24.00597930033683,10.728947252307565,-0.3497623171479871
305,305,20240821a,Young,M,fa/fa,vehicle,6,single,76.35893720323037,36.97605995002756,-0.3149392427989848
306,306,20240821a,Young,M,fa/fa,vehicle,7,single,5.282072823964604,6.657902642513622,0.1005330557132756
307,307,20240821a,Young,M,fa/fa,vehicle,8,double,41.14974348624775,35.43870021712943,-0.0648893473929874
308,308,20240821a,Young,M,fa/fa,vehicle,9,single,17.158748266672355,4.173843360814339,-0.613949456319105
309,309,20240821a,Young,M,fa/fa,vehicle,10,single,10.537875590389548,5.865472789545372,-0.2544500426094412
310,310,20240821a,Young,M,fa/fa,vehicle,12,single,10.835610110571563,8.61545122459251,-0.0995753416918246
311,311,20240821a,Young,M,fa/fa,vehicle,13,single,132.84814575051655,54.34748747126228,-0.3881760259553501
312,312,20240821a,Young,M,fa/fa,vehicle,14,double,33.417071681722454,22.4706331613403,-0.1723530804263826
313,313,20240821a,Young,M,fa/fa,vehicle,15,single,20.575584832485408,20.571176059639125,-9.306714234225132e-05
314,314,20240821a,Young,M,fa/fa,vehicle,16,single,41.63346562328907,15.90667159567457,-0.4178632487697038
315,315,20240821a,Young,M,fa/fa,vehicle,17,single,31.62024597924539,22.2437035775313,-0.152758145080583
316,316,20240821a,Young,M,fa/fa,vehicle,18,double,16.852474518479607,12.9764316623207,-0.1135083951856088
317,317,20240821a,Young,M,fa/fa,vehicle,19,single,9.91097208222372,5.809086737679177,-0.232008391653802
318,318,20240821a,Young,M,fa/fa,vehicle,20,single,5.761676046603877,6.848824977134366,0.0750672316983468
319,319,20240821a,Young,M,fa/fa,vehicle,22,single,35.639938802872955,16.236068791431325,-0.3414560669073272
320,320,20240821b,Young,M,fa/+,empa,2,single,20.892628734169246,3.917879118417539,-0.7269420546243578
321,321,20240821b,Young,M,fa/+,empa,4,single,18.753551477701365,1.5486869841409965,-1.0831198765618315
322,322,20240821b,Young,M,fa/+,empa,5,single,9.805914407994118,5.726449948251807,-0.2336026289970153
323,323,20240821b,Young,M,fa/+,empa,6,single,33.86745227141519,1.5414861699919673,-1.34184289478849
324,324,20240821b,Young,M,fa/+,empa,7,single,17.160461378299285,1.0146160375830966,-1.228227237430341
325,325,20240821b,Young,M,fa/+,empa,8,single,10.154289280012968,1.982176702706128,-0.7095071642243429
326,326,20240821b,Young,M,fa/+,empa,9,single,42.30749296816343,2.775185443001667,-1.1831252821486091
327,327,20240821b,Young,M,fa/+,empa,10,single,6.038897704364332,3.8945875418458313,-0.1904962026794621
328,328,20240821b,Young,M,fa/+,empa,11,single,16.0363600230995,2.2478611834749853,-0.8533363098867734
329,329,20240821b,Young,M,fa/+,empa,12,single,12.98444533129217,8.603989419921692,-0.1787235345212554
330,330,20240821b,Young,M,fa/+,empa,13,single,5.828396287244774,0.9866656134429586,-0.7713790801216093
331,331,20240821b,Young,M,fa/+,empa,14,single,13.243896268174622,1.261318413367928,-1.0211910346847366
332,332,20240821b,Young,M,fa/+,empa,15,single,4.79707142198067,1.1918322491232671,-0.6047610519986792
333,333,20240821b,Young,M,fa/+,empa,16,single,19.94290860128636,2.9865967643364297,-0.8246119086299089
334,334,20240821b,Young,M,fa/+,empa,18,single,10.683828859048628,1.8817261742623907,-0.7541704967148681
335,335,20240821b,Young,M,fa/+,empa,19,single,41.5256661648993,1.5990824613936303,-1.414445748240778
336,336,20240821b,Young,M,fa/+,empa,20,single,20.562724384061426,1.7557402314140145,-1.068620393649818
337,337,20240821b,Young,M,fa/+,empa,21,double,20.17104991016607,0.9555982005030086,-1.3244531807258622
338,338,20240821b,Young,M,fa/+,empa,22,single,18.006769089875014,0.9612830661634104,-1.2725845035180825
339,339,20240821b,Young,M,fa/+,empa,23,single,11.026974401751396,1.7871934659330757,-0.7902847984226931
340,340,20240821b,Young,M,fa/+,empa,24,single,14.301985416227838,2.7478211663740373,-0.7164078662888351
341,341,20240821b,Young,M,fa/+,empa,26,single,7.416147592410065,1.4995417912375195,-0.6942197905670194
342,342,20240821b,Young,M,fa/+,vehicle,0,single,12.001314388070083,17.985280713000417,0.1756884079121339
343,343,20240821b,Young,M,fa/+,vehicle,1,single,2.855084385136853,6.810710543634075,0.377573474265635
344,344,20240821b,Young,M,fa/+,vehicle,2,single,47.86155669401276,73.71779789665226,0.187585533558017
345,345,20240821b,Young,M,fa/+,vehicle,3,single,22.245281731345678,35.080590516923415,0.1978289849426833
346,346,20240821b,Young,M,fa/+,vehicle,4,single,5.698347187058262,18.83099472848323,0.5191243555311235
347,347,20240821b,Young,M,fa/+,vehicle,5,single,35.18529593035585,28.32517551851805,-0.0941885983935557
348,348,20240821b,Young,M,fa/+,vehicle,6,single,12.751701544246862,31.48487452221097,0.3925338273978567
349,349,20240821b,Young,M,fa/+,vehicle,7,single,12.387553026198583,21.67561470708554,0.2429858961073263
350,350,20240821b,Young,M,fa/+,vehicle,8,single,15.898430277799322,10.33877959961829,-0.1868849694184453
351,351,20240821b,Young,M,fa/+,vehicle,9,single,27.82597867425881,25.531056635808,-0.0373816589369719
352,352,20240821b,Young,M,fa/+,vehicle,10,single,15.526574103564244,20.10660100905385,0.1122630195662446
353,353,20240821b,Young,M,fa/+,vehicle,11,single,30.589578079719956,35.564087364223965,0.065438181604621
354,354,20240821b,Young,M,fa/+,vehicle,12,single,12.62961587350902,14.81317726706425,0.0692580782017697
355,355,20240821b,Young,M,fa/+,vehicle,13,single,3.924211279830279,3.742356417814969,-0.0206072349333402
356,356,20240821b,Young,M,fa/+,vehicle,14,single,2.599598549708368,11.575082179852064,0.6486177970642301
357,357,20240821b,Young,M,fa/+,vehicle,15,single,15.59603989433263,8.373036061294739,-0.2701313757857442
358,358,20240821b,Young,M,fa/+,vehicle,16,single,26.407023869042657,32.9976403292958,0.0967634264651631
359,359,20240821b,Young,M,fa/+,vehicle,17,single,5.540879808850314,9.378157295893294,0.2285387830300816
360,360,20240821b,Young,M,fa/+,vehicle,18,single,25.473245626218603,45.57503488974574,0.252642726486308
361,361,20240821b,Young,M,fa/+,vehicle,19,single,58.04881815018209,58.98460757956501,0.0069453123224192
362,362,20240821b,Young,M,fa/+,vehicle,20,single,16.915281032583085,18.297660374047844,0.0341163447141774
363,363,20240821b,Young,M,fa/+,vehicle,21,single,48.72926602331217,54.95120500028922,0.0521873503723582
364,364,20240821b,Young,M,fa/+,vehicle,23,single,12.408863866091776,7.189384162766791,-0.2370403294366631
365,365,20240821b,Young,M,fa/+,vehicle,24,single,2.96008761930321,9.0171265239007,0.4837635970551496
366,366,20240821b,Young,M,fa/+,vehicle,25,single,21.899206846445264,25.299145109941755,0.0626774603776876
367,367,20240821b,Young,M,fa/+,vehicle,26,single,23.63471991635128,16.552805471269895,-0.154678848805521
368,368,20240821b,Young,M,fa/+,vehicle,28,single,19.07770189212896,30.051692741970363,0.1973428816003846
369,369,20240822b,Young,M,fa/+,empa,0,single,11.590588503306169,3.0271705470784758,-0.5830685982304029
370,370,20240822b,Young,M,fa/+,empa,1,single,16.29661709590113,1.528621843311745,-1.027797400352647
371,371,20240822b,Young,M,fa/+,empa,2,single,25.56591070634192,11.124032766731425,-0.3613990082899114
372,372,20240822b,Young,M,fa/+,empa,3,single,18.294358680160943,5.423634678903761,-0.5280267606691801
373,373,20240822b,Young,M,fa/+,empa,4,single,10.372678821641337,2.3233300852247565,-0.64978001444483
374,374,20240822b,Young,M,fa/+,empa,5,single,9.20477280829429,1.1845599141650418,-0.8904560418310886
375,375,20240822b,Young,M,fa/+,empa,6,single,13.655662741165724,1.4719978468477637,-0.967405607570054
376,376,20240822b,Young,M,fa/+,empa,7,single,3.2053858130137307,1.81739168925768,-0.246431772678281
377,377,20240822b,Young,M,fa/+,empa,9,single,22.283566826146124,5.972201144919327,-0.5718502811252751
378,378,20240822b,Young,M,fa/+,empa,10,single,1.285460330954253,1.2605948579910733,-0.0084831476544472
379,379,20240822b,Young,M,fa/+,empa,11,single,18.638047555440707,8.50631202882929,-0.3406591060368028
380,380,20240822b,Young,M,fa/+,empa,12,single,3.6018851593441794,1.1838666790492247,-0.4832270647429885
381,381,20240822b,Young,M,fa/+,empa,13,double,5.510066325242856,0.6047206537852323,-0.9596020246661688
382,382,20240822b,Young,M,fa/+,empa,15,single,6.10913100193392,1.1092749918777065,-0.7409402159621709
383,383,20240822b,Young,M,fa/+,empa,16,single,5.771961402233143,1.752105733902843,-0.5177631073668209
384,384,20240822b,Young,M,fa/+,empa,17,single,6.520153235412904,1.485143066472282,-0.6424895105308563
385,385,20240822b,Young,M,fa/+,empa,19,single,3.643295893770805,1.3866745548245911,-0.4195198979002727
386,386,20240822b,Young,M,fa/+,empa,20,single,7.433637255359619,4.914109575933352,-0.1797565284417255
387,387,20240822b,Young,M,fa/+,empa,21,single,9.020733066203702,1.3608213209246232,-0.8214407266919832
388,388,20240822b,Young,M,fa/+,empa,23,double,25.089550463727026,3.876173136415435,-0.8110897126371789
389,389,20240822b,Young,M,fa/+,empa,26,single,11.571084159789576,1.6147663191803563,-0.8552643700325558
390,390,20240822b,Young,M,fa/+,empa,27,single,6.465519642628486,0.917204629643295,-0.8481371972688797
391,391,20240822b,Young,M,fa/+,empa,31,single,6.223386520461875,1.4465261082203635,-0.6337004982731805
392,392,20240822b,Young,M,fa/+,empa,33,single,5.963422628361213,1.311654013154959,-0.6576762965684406
393,393,20240822b,Young,M,fa/+,vehicle,0,single,29.467237555012847,17.437546034568342,-0.2278540571072493
394,394,20240822b,Young,M,fa/+,vehicle,1,single,34.882248576467184,19.803930898248414,-0.2458530703352792
395,395,20240822b,Young,M,fa/+,vehicle,2,single,43.75593449277404,39.09594604531751,-0.0489052368078732
396,396,20240822b,Young,M,fa/+,vehicle,3,single,16.6825060104017,13.642700304345064,-0.0873609511069717
397,397,20240822b,Young,M,fa/+,vehicle,4,single,30.84055766534594,54.14710944043112,0.2444530549892891
398,398,20240822b,Young,M,fa/+,vehicle,5,double,65.78144475931639,26.31609246550827,-0.3978820039844912
399,399,20240822b,Young,M,fa/+,vehicle,6,single,19.91019431575016,32.17769213669285,0.2084793936171682
400,400,20240822b,Young,M,fa/+,vehicle,7,single,17.939824977627463,5.99975533410578,-0.4756846612023184
401,401,20240822b,Young,M,fa/+,vehicle,8,single,10.9943224992417,7.6506862406920435,-0.1574680804387664
402,402,20240822b,Young,M,fa/+,vehicle,9,single,48.8513111887522,40.48758812900567,-0.0815543185044644
403,403,20240822b,Young,M,fa/+,vehicle,10,single,17.528532826095372,8.77960382405046,-0.3002706472907757
404,404,20240822b,Young,M,fa/+,vehicle,11,single,36.75294034549093,13.89878091491594,-0.4223153804350397
405,405,20240822b,Young,M,fa/+,vehicle,13,single,25.470802465962088,18.02686526390333,-0.1501224150204132
406,406,20240822b,Young,M,fa/+,vehicle,15,single,10.574266467922708,6.349797477181736,-0.2214903763183466
407,407,20240822b,Young,M,fa/+,vehicle,16,double,13.8722835307377,10.865644596225788,-0.1060924609998577
408,408,20240822b,Young,M,fa/+,vehicle,17,double,9.980455689433072,12.45161484627371,0.0960753077729248
409,409,20240822b,Young,M,fa/+,vehicle,18,single,46.95485174838616,27.23305669023761,-0.2365840835604431
410,410,20240822b,Young,M,fa/+,vehicle,19,single,23.828950608040834,18.568030260304543,-0.1083390818591345
411,411,20240822b,Young,M,fa/+,vehicle,20,single,6.4616391299019575,13.143956578255068,0.3083834158662698
412,412,20240822b,Young,M,fa/+,vehicle,21,single,10.508244385897786,8.223694612808538,-0.1064631900291677
413,413,20240822b,Young,M,fa/+,vehicle,24,double,9.158671259560313,10.824731628970085,0.0725846671832906
414,414,20240822b,Young,M,fa/+,vehicle,25,double,7.295915236999912,6.543294689548734,-0.0472832997671578
415,415,20240822b,Young,M,fa/+,vehicle,26,single,51.13548662791589,28.992184674929323,-0.2464414508605024
416,416,20240822b,Young,M,fa/+,vehicle,27,single,23.03428396977668,15.594583559448097,-0.169400934804927
417,417,20240822b,Young,M,fa/+,vehicle,28,single,10.100534848485966,2.790929830612297,-0.5585954537459141
418,418,20240822b,Young,M,fa/+,vehicle,29,single,14.36535467681942,14.289707581372634,-0.0022930114161769
419,419,20240822b,Young,M,fa/+,vehicle,31,single,13.165446387435225,2.8808372950462964,-0.6599168581393842
420,420,20240822b,Young,M,fa/+,vehicle,32,single,9.456745086165917,5.053691772310479,-0.272132931941499
421,421,20240822b,Young,M,fa/+,vehicle,33,single,28.179820941179027,10.936705433099888,-0.4110517141328764
422,422,20240823a,Young,F,fa/fa,empa,2,single,5.604805918747556,11.97403009725865,0.3296797668351359
423,423,20240823a,Young,F,fa/fa,empa,3,single,3.975570946975815,9.882363028675895,0.3954612954912275
424,424,20240823a,Young,F,fa/fa,empa,4,single,5.652256196695965,5.633098559050189,-0.0014744887490036
425,425,20240823a,Young,F,fa/fa,empa,6,single,10.911595871034582,5.737318854163097,-0.2791792861262837
426,426,20240823a,Young,F,fa/fa,empa,7,single,10.262814419769883,5.733318106096793,-0.252860436985689
427,427,20240823a,Young,F,fa/fa,empa,8,single,16.371941406663,10.41041525238482,-0.1966321286179315
428,428,20240823a,Young,F,fa/fa,empa,9,single,33.586329487888314,13.134729699829704,-0.4077414043242355
429,429,20240823a,Young,F,fa/fa,empa,10,single,11.024362105500613,3.868961665856599,-0.4547590429069758
430,430,20240823a,Young,F,fa/fa,empa,11,single,6.665714462094418,6.466897560067264,-0.0131507244453654
431,431,20240823a,Young,F,fa/fa,empa,12,single,6.202485108070409,5.332693066366954,-0.0656191424915286
432,432,20240823a,Young,F,fa/fa,empa,13,single,11.89696603933228,12.424118095904252,0.0188293490067501
433,433,20240823a,Young,F,fa/fa,empa,14,single,11.184621405855228,7.809493362945903,-0.1559984278691123
434,434,20240823a,Young,F,fa/fa,empa,17,single,7.756736810793211,9.24351243786626,0.0761579740273223
435,435,20240823a,Young,F,fa/fa,empa,18,single,7.16400713780988,3.806260106873286,-0.2746575467103038
436,436,20240823a,Young,F,fa/fa,empa,19,single,4.97411960472816,3.967713905200713,-0.0981758743445675
437,437,20240823a,Young,F,fa/fa,empa,21,single,17.708378934679033,10.076792234754452,-0.2448565024178484
438,438,20240823a,Young,F,fa/fa,empa,22,single,17.77341836834154,11.493449691480444,-0.1893205646678546
439,439,20240823a,Young,F,fa/fa,vehicle,0,single,38.25416976128538,7.3766614913347155,-0.7148189262984113
440,440,20240823a,Young,F,fa/fa,vehicle,1,single,60.63127124171202,7.588405437534927,-0.9025461475184636
441,441,20240823a,Young,F,fa/fa,vehicle,2,single,76.89317445118363,23.17556836490174,-0.520857396928837
442,442,20240823a,Young,F,fa/fa,vehicle,3,single,48.1155225202525,13.75693232698927,-0.5437636055586816
443,443,20240823a,Young,F,fa/fa,vehicle,4,single,23.974219311484752,11.1152361441918,-0.3338257800933306
444,444,20240823a,Young,F,fa/fa,vehicle,5,single,63.91309798146534,14.824373558149102,-0.6346135188852176
445,445,20240823a,Young,F,fa/fa,vehicle,6,single,17.21569800880867,11.260578112566265,-0.1843639482716523
446,446,20240823a,Young,F,fa/fa,vehicle,7,single,40.38544028720568,10.8041301393113,-0.5726350152096189
447,447,20240823a,Young,F,fa/fa,vehicle,8,single,38.579811974624654,14.18696083464534,-0.4344707369059042
448,448,20240823a,Young,F,fa/fa,vehicle,9,single,75.15267401426019,51.494366226584965,-0.164184720489916
449,449,20240823a,Young,F,fa/fa,vehicle,10,single,14.30461699641828,9.272255215021907,-0.1882908572417138
450,450,20240823a,Young,F,fa/fa,vehicle,11,single,10.913548372333016,11.52010526011769,0.0234904695714714
451,451,20240823a,Young,F,fa/fa,vehicle,12,single,20.432087933725064,10.603586488382144,-0.2848599659359285
452,452,20240823a,Young,F,fa/fa,vehicle,13,single,57.19951257840148,35.917397197139685,-0.202087470601719
453,453,20240823a,Young,F,fa/fa,vehicle,14,single,65.3633574131887,37.11716825281934,-0.2457595162279167
454,454,20240823a,Young,F,fa/fa,vehicle,15,single,58.61493678684266,28.23471096498267,-0.3172249546781127
455,455,20240823a,Young,F,fa/fa,vehicle,16,single,31.005432088834976,20.90634167844425,-0.1711597440935748
456,456,20240823a,Young,F,fa/fa,vehicle,17,single,37.77798838125239,12.957192995750512,-0.4647279011234246
457,457,20240823a,Young,F,fa/fa,vehicle,18,single,59.57879351328728,38.08627220414431,-0.1943232373811405
458,458,20240823a,Young,F,fa/fa,vehicle,19,single,23.59527288692907,22.999191826158672,-0.011112428950577
459,459,20240823a,Young,F,fa/fa,vehicle,20,single,21.282176201057144,8.384189185604782,-0.4045549650978313
460,460,20240823a,Young,F,fa/fa,vehicle,21,single,24.312262720129304,31.335734056186443,0.110214492617785
461,461,20240823a,Young,F,fa/fa,vehicle,22,single,58.55470874900523,39.24270082747188,-0.1738029356529686
462,462,20240823a,Young,F,fa/fa,vehicle,23,single,5.001148109511978,7.234594250479334,0.1603444624804476
463,463,20240823b,Young,F,fa/fa,empa,0,single,34.23007354228325,1.8677549676416971,-1.2630879320378503
464,464,20240823b,Young,F,fa/fa,empa,1,double,16.300895340487966,3.937853517009518,-0.6169519021345076
465,465,20240823b,Young,F,fa/fa,empa,2,double,38.248880745299,2.042454123830239,-1.2724664206728789
466,466,20240823b,Young,F,fa/fa,empa,3,single,9.466820372457237,1.7513466133814557,-0.7328320298088318
467,467,20240823b,Young,F,fa/fa,empa,4,single,5.055185460434471,1.152391708133978,-0.6421369685364098
468,468,20240823b,Young,F,fa/fa,empa,5,single,6.988919198267206,0.8840946246738401,-0.8979112693959789
469,469,20240823b,Young,F,fa/fa,empa,6,double,16.38068822087996,1.057368863153218,-1.190105626946202
470,470,20240823b,Young,F,fa/fa,empa,7,single,14.289010697586187,4.714150589615778,-0.481598709783993
471,471,20240823b,Young,F,fa/fa,empa,8,single,18.93367093544455,10.676387404035845,-0.2488105006324368
472,472,20240823b,Young,F,fa/fa,empa,9,single,21.775023238460577,11.451036225307288,-0.2791138386023357
473,473,20240823b,Young,F,fa/fa,empa,10,double,21.912862413368863,9.533990940466156,-0.3614243769797468
474,474,20240823b,Young,F,fa/fa,empa,12,double,31.921266309788592,2.718695236241331,-1.0697195851689167
475,475,20240823b,Young,F,fa/fa,empa,13,single,14.62372090093695,1.9707067715429851,-0.8704358809310992
476,476,20240823b,Young,F,fa/fa,empa,14,single,13.375889616691882,1.694762771920018,-0.8972137606490144
477,477,20240823b,Young,F,fa/fa,empa,15,double,20.031058365253458,1.9698938967553845,-1.0072610617337874
478,478,20240823b,Young,F,fa/fa,empa,16,double,71.9497881592462,5.676407429861585,-1.1029559597592178
479,479,20240823b,Young,F,fa/fa,empa,17,double,44.81961702828978,5.675787963880927,-0.8974419785712692
480,480,20240823b,Young,F,fa/fa,empa,20,double,23.730208084534155,4.660470597962144,-0.7068717740221607
481,481,20240823b,Young,F,fa/fa,empa,21,double,47.26577754443487,2.495023383010798,-1.2774721865127083
482,482,20240823b,Young,F,fa/fa,empa,22,double,34.61981757761301,6.328164964182944,-0.7380469831811233
483,483,20240823b,Young,F,fa/fa,empa,23,double,7.386044364362954,1.7818190655609931,-0.6175483103189904
484,484,20240823b,Young,F,fa/fa,empa,24,single,24.891670910808035,0.4864164173987946,-1.7090458259006531
485,485,20240823b,Young,F,fa/fa,empa,25,double,35.21671468138674,1.6068948359906303,-1.34076138370822
486,486,20240823b,Young,F,fa/fa,empa,26,double,27.83630067407591,1.4032849724589675,-1.2974656444354946
487,487,20240823b,Young,F,fa/fa,empa,27,double,97.19167503752357,1.1214798766422651,-1.93783758178932
488,488,20240823b,Young,F,fa/fa,empa,28,single,56.79486201588233,2.774446783423158,-1.311132649714167
489,489,20240823b,Young,F,fa/fa,empa,29,single,9.613015467622018,3.308627440237663,-0.4632117738419674
490,490,20240823b,Young,F,fa/fa,empa,30,single,8.482398334750483,1.0304955105664289,-0.9154725590574864
491,491,20240823b,Young,F,fa/fa,empa,31,single,32.78729269653787,9.92170604405246,-0.5191192018986773
492,492,20240823b,Young,F,fa/fa,empa,33,single,17.40543979599811,3.649931159118849,-0.6784003280343032
493,493,20240823b,Young,F,fa/fa,vehicle,0,double,23.78152533758013,21.95323628547708,-0.034741154860449
494,494,20240823b,Young,F,fa/fa,vehicle,1,double,31.049250494314126,37.90624605127636,0.0866596562107338
495,495,20240823b,Young,F,fa/fa,vehicle,2,double,18.6228968734819,23.563225658798054,0.1021875040775517
496,496,20240823b,Young,F,fa/fa,vehicle,3,double,37.54280641048634,21.64371032931145,-0.2391950211254905
497,497,20240823b,Young,F,fa/fa,vehicle,5,double,45.29229674737768,46.87488802318527,0.0149158992001534
498,498,20240823b,Young,F,fa/fa,vehicle,7,single,39.40582845743039,50.11441429054583,0.1044021965037445
499,499,20240823b,Young,F,fa/fa,vehicle,8,single,62.61115143086925,51.512021980549065,-0.0847430932152129
500,500,20240823b,Young,F,fa/fa,vehicle,9,single,126.6194811962203,132.1034027057802,0.0184134745364414
501,501,20240823b,Young,F,fa/fa,vehicle,10,double,68.54382975498802,19.313005314099897,-0.550118506150328
502,502,20240823b,Young,F,fa/fa,vehicle,12,double,118.480653059181,53.216296154363896,-0.3476027948870235
503,503,20240823b,Young,F,fa/fa,vehicle,13,single,32.11026762414583,24.928944881499923,-0.1099400278611009
504,504,20240823b,Young,F,fa/fa,vehicle,14,double,34.82908042533802,11.169869713021466,-0.4938939006798188
505,505,20240823b,Young,F,fa/fa,vehicle,15,double,137.61579858387154,50.191471611837365,-0.438038365319257
506,506,20240823b,Young,F,fa/fa,vehicle,16,single,91.05342037404314,47.02093747380899,-0.2870049809172577
507,507,20240823b,Young,F,fa/fa,vehicle,17,single,48.72617794251456,23.843161978998427,-0.3103984976918534
508,508,20240823b,Young,F,fa/fa,vehicle,20,double,134.94361283770726,54.01626936370932,-0.3976277469990084
509,509,20240823b,Young,F,fa/fa,vehicle,21,double,169.7984488580471,74.05746100781373,-0.3603648999809281
510,510,20240823b,Young,F,fa/fa,vehicle,22,single,61.109244667015815,39.734075836601626,-0.1869437993713276
511,511,20240823b,Young,F,fa/fa,vehicle,23,double,22.546753999174463,17.647591077683167,-0.1063985944742624
512,512,20240823b,Young,F,fa/fa,vehicle,24,single,38.90709515250885,42.35100675749028,0.0368349316291662
513,513,20240823b,Young,F,fa/fa,vehicle,26,double,93.46783802977292,71.66466245945287,-0.1153571376150544
514,514,20240823b,Young,F,fa/fa,vehicle,27,double,68.61321930993842,93.01345235692337,0.1321379675127509
515,515,20240823b,Young,F,fa/fa,vehicle,28,double,89.60610215753498,79.09414323349573,-0.0541932600042076
516,516,20240823b,Young,F,fa/fa,vehicle,29,single,35.0560063283083,16.019180706430355,-0.3401221380891559
517,517,20240823b,Young,F,fa/fa,vehicle,30,single,18.02652904875626,33.55506552204239,0.269845978447002
518,518,20240823b,Young,F,fa/fa,vehicle,31,double,60.57305614209736,35.87946546053138,-0.2274335218178869
519,519,20240823b,Young,F,fa/fa,vehicle,33,single,41.77527335816684,41.05101956923414,-0.007595352394571
520,520,20240826a,Young,M,fa/+,empa,0,single,26.423920294545468,1.0655977148948266,-1.394403970162967
521,521,20240826a,Young,M,fa/+,empa,1,single,3.910639671647864,1.554796543026677,-0.4005742353393338
522,522,20240826a,Young,M,fa/+,empa,2,single,3.1864410709628603,0.5543942034668167,-0.7594872103739105
523,523,20240826a,Young,M,fa/+,empa,3,single,4.067686909703911,1.1252486109722837,-0.55809903233473
524,524,20240826a,Young,M,fa/+,empa,4,single,9.793043874904468,1.2890923640770475,-0.8806336643683289
525,525,20240826a,Young,M,fa/+,empa,5,single,39.75232455478534,1.7892304971531778,-1.3466962374706943
526,526,20240826a,Young,M,fa/+,empa,7,single,4.711293025688069,1.3881402684208264,-0.5307067638450553
527,527,20240826a,Young,M,fa/+,empa,8,single,16.765393325382068,1.0419498971620524,-1.206566910539456
528,528,20240826a,Young,M,fa/+,empa,9,single,16.37074286429714,1.5743312347035576,-1.0169722751510328
529,529,20240826a,Young,M,fa/+,empa,10,single,6.543301028979871,1.5660567967598404,-0.6209893920429038
530,530,20240826a,Young,M,fa/+,empa,13,single,2.7283999965738324,0.7478138309290036,-0.5621145470796636
531,531,20240826a,Young,M,fa/+,empa,15,single,1.882205043292321,1.2888251427674562,-0.1644729329233752
532,532,20240826a,Young,M,fa/+,empa,17,single,1.6669710430072164,0.5347778275484014,-0.4937546630970867
533,533,20240826a,Young,M,fa/+,empa,19,single,5.711392269497167,0.3622149269690211,-1.1977756456437998
534,534,20240826a,Young,M,fa/+,empa,20,single,5.397863489414586,0.9206256145262892,-0.7681388430806695
535,535,20240826a,Young,M,fa/+,empa,22,single,4.236590267196379,1.0849917031258831,-0.5915900469958293
536,536,20240826a,Young,M,fa/+,empa,23,single,5.51836788768593,1.7314169016247842,-0.5034089971302282
537,537,20240826a,Young,M,fa/+,empa,24,double,6.545430261586334,0.8590785207911216,-0.8819053393482832
538,538,20240826a,Young,M,fa/+,empa,25,single,10.134683314448964,0.4185637677924724,-1.3840485508154028
539,539,20240826a,Young,M,fa/+,empa,26,single,34.688948051785246,12.233152127092865,-0.4526527534900479
540,540,20240826a,Young,M,fa/+,empa,27,single,8.536786464516842,1.127347294930657,-0.8792366912214664
541,541,20240826a,Young,M,fa/+,empa,28,single,6.917267058284802,0.9574388570039292,-0.8588234939707262
542,542,20240826a,Young,M,fa/+,empa,29,single,5.404681251897309,0.919584628477638,-0.7691783828514983
543,543,20240826a,Young,M,fa/+,vehicle,0,single,23.540547933933,11.789478339460835,-0.3003219784708069
544,544,20240826a,Young,M,fa/+,vehicle,1,single,6.973611395486335,3.1128555041848065,-0.3502987810427218
545,545,20240826a,Young,M,fa/+,vehicle,2,single,7.134609756297139,3.252826989515797,-0.3411092586177313
546,546,20240826a,Young,M,fa/+,vehicle,3,single,1.1735470100006096,4.73777271654871,0.6060737313632996
547,547,20240826a,Young,M,fa/+,vehicle,4,single,37.42000863816011,26.324149253950434,-0.152749538898937
548,548,20240826a,Young,M,fa/+,vehicle,5,single,84.17609967014843,77.32110350346262,-0.0368907551666162
549,549,20240826a,Young,M,fa/+,vehicle,6,single,43.08638625428696,25.78251245018332,-0.2230148342860833
550,550,20240826a,Young,M,fa/+,vehicle,8,single,19.67895135794963,13.395587467956586,-0.1670401877550034
551,551,20240826a,Young,M,fa/+,vehicle,9,single,23.10304348531857,13.061471722296051,-0.2476770810309276
552,552,20240826a,Young,M,fa/+,vehicle,10,single,22.84810629875496,10.498557852109974,-0.3377205648692631
553,553,20240826a,Young,M,fa/+,vehicle,12,single,10.22675478316711,2.870129755356756,-0.5518363114270637
554,554,20240826a,Young,M,fa/+,vehicle,13,single,21.0072650146395,5.717322142797829,-0.5651768510160964
555,555,20240826a,Young,M,fa/+,vehicle,14,single,29.92558857133881,3.6905626786224186,-0.9089501152313064
556,556,20240826a,Young,M,fa/+,vehicle,15,single,13.017794518472815,5.509462299872583,-0.3734281964444697
557,557,20240826a,Young,M,fa/+,vehicle,16,single,23.914459002549307,11.32585979354888,-0.3245893795734471
558,558,20240826a,Young,M,fa/+,vehicle,17,single,21.40766192592333,6.507504855783271,-0.5171547368324687
559,559,20240826a,Young,M,fa/+,vehicle,18,single,15.62005057604844,10.640591620083873,-0.1667166602087837
560,560,20240826a,Young,M,fa/+,vehicle,19,single,28.22729573214496,10.519272610447658,-0.4286835631569565
561,561,20240826a,Young,M,fa/+,vehicle,20,single,18.46136396125804,6.4238702854637415,-0.458467021559505
562,562,20240826a,Young,M,fa/+,vehicle,21,single,13.886471774077355,4.929278100064957,-0.4498085948615089
563,563,20240826a,Young,M,fa/+,vehicle,22,single,38.71043734566092,7.529319094972248,-0.711072374880261
564,564,20240826a,Young,M,fa/+,vehicle,23,single,32.62104278419416,12.176107450652328,-0.4279893678815205
565,565,20240826a,Young,M,fa/+,vehicle,24,single,20.140953316995965,9.19873832893701,-0.3403517579312167
566,566,20240826a,Young,M,fa/+,vehicle,25,single,14.910537746665668,13.437077483662728,-0.0451884850207495
567,567,20240826a,Young,M,fa/+,vehicle,26,single,59.51115096280724,38.1236217838821,-0.193404197370911
568,568,20240826a,Young,M,fa/+,vehicle,27,double,10.17141824232735,6.644665874233747,-0.1849083651837143
569,569,20240826a,Young,M,fa/+,vehicle,28,single,8.880320128198344,5.715720637530683,-0.191357628026189
570,570,20240826a,Young,M,fa/+,vehicle,29,single,8.230499007291561,8.00755135148682,-0.0119264344457105
571,571,20240826a,Young,M,fa/+,vehicle,30,single,21.154910082819452,5.365183663000859,-0.5958265902490028
572,572,20241011a,Adult,F,fa/+,empa,0,single,58.86579799916854,7.340863622177813,-0.9041158799293608
573,573,20241011a,Adult,F,fa/+,empa,1,single,28.48275175246784,8.094289138876361,-0.5464032307826638
574,574,20241011a,Adult,F,fa/+,empa,2,single,38.46710834212287,8.066876529098884,-0.6783841309333188
575,575,20241011a,Adult,F,fa/+,empa,3,single,7.822458294061164,7.90443456250468,0.004527552110464
576,576,20241011a,Adult,F,fa/+,empa,4,single,19.21643459850754,5.946000111691255,-0.5094478991385516
577,577,20241011a,Adult,F,fa/+,empa,5,single,10.000996935824174,6.433384696171534,-0.1916037725936974
578,578,20241011a,Adult,F,fa/+,empa,6,single,13.200721940967837,2.715859738411786,-0.6866903463189432
579,579,20241011a,Adult,F,fa/+,empa,7,single,37.25992268923134,15.04266396564687,-0.393917195424784
580,580,20241011a,Adult,F,fa/+,empa,8,single,16.517760172436347,8.122404413906619,-0.3082665469560209
581,581,20241011a,Adult,F,fa/+,empa,9,single,8.902211871981988,10.960128650725885,0.0903177257101041
582,582,20241011a,Adult,F,fa/+,empa,10,single,25.68641874917411,14.885101915481592,-0.2369517457742267
583,583,20241011a,Adult,F,fa/+,empa,11,double,26.789437252083093,13.764415299751432,-0.2892058230944863
584,584,20241011a,Adult,F,fa/+,empa,13,double,32.24790485034712,20.40294168879662,-0.198808715368673
585,585,20241011a,Adult,F,fa/+,empa,14,single,24.94844521719091,16.598198868195983,-0.1769825219452925
586,586,20241011a,Adult,F,fa/+,empa,15,single,15.069735047973612,3.544187280003693,-0.628588954160462
587,587,20241011a,Adult,F,fa/+,empa,16,double,13.184819309310312,34.31627991909252,0.4154260193204682
588,588,20241011a,Adult,F,fa/+,empa,17,double,67.21711482238237,13.673196885172482,-0.6916097997951305
589,589,20241011a,Adult,F,fa/+,empa,18,single,13.829813052374268,16.444909433237257,0.0752151765677295
590,590,20241011a,Adult,F,fa/+,empa,21,double,14.81132823786374,4.588524898412504,-0.5089209139331966
591,591,20241011a,Adult,F,fa/+,empa,22,single,28.80568095093998,20.57653357926866,-0.1461059328998639
592,592,20241011a,Adult,F,fa/+,empa,23,single,38.17121538721357,20.7220448976179,-0.2653033779480926
593,593,20241011a,Adult,F,fa/+,empa,24,single,18.217660165346853,5.204873615636306,-0.5440824079602137
594,594,20241011a,Adult,F,fa/+,empa,25,single,21.691720522772133,11.528762682087972,-0.2745113009403828
595,595,20241011a,Adult,F,fa/+,empa,26,single,27.68829021916536,8.646520396565313,-0.5054547681500917
596,596,20241011a,Adult,F,fa/+,empa,27,single,7.942521600463962,18.152512929838803,0.3589783501655182
597,597,20241011a,Adult,F,fa/+,empa,28,single,32.59300830240597,12.212679171729205,-0.42631349897538
598,598,20241011a,Adult,F,fa/+,vehicle,0,single,172.21651008575955,92.0689007539375,-0.2719618261676761
599,599,20241011a,Adult,F,fa/+,vehicle,1,double,103.58273887957527,37.753102054711945,-0.4383347481617918
600,600,20241011a,Adult,F,fa/+,vehicle,2,single,39.12319365780996,34.97049364249462,-0.0487325365299007
601,601,20241011a,Adult,F,fa/+,vehicle,3,double,64.35615328912905,25.311454459993342,-0.405272975921358
602,602,20241011a,Adult,F,fa/+,vehicle,4,double,27.576784217256183,21.81568913842933,-0.1017746843433151
603,603,20241011a,Adult,F,fa/+,vehicle,5,double,23.76410575329033,21.35178999089507,-0.0464871871502037
604,604,20241011a,Adult,F,fa/+,vehicle,6,double,23.199615966587388,25.75214687494304,0.0453326447588042
605,605,20241011a,Adult,F,fa/+,vehicle,7,double,57.56355357744364,50.35606170438248,-0.0580958394023818
606,606,20241011a,Adult,F,fa/+,vehicle,8,single,66.30191361587941,33.19069062453951,-0.3005097740528082
607,607,20241011a,Adult,F,fa/+,vehicle,9,single,29.960497373995317,15.449542862251802,-0.2876333852296355
608,608,20241011a,Adult,F,fa/+,vehicle,10,double,40.31862043409096,36.48388655684979,-0.0434045669534508
609,609,20241011a,Adult,F,fa/+,vehicle,11,single,17.68888145003887,14.873257341143558,-0.0752942790394002
610,610,20241011a,Adult,F,fa/+,vehicle,12,double,44.77233626093363,37.6653597609255,-0.0750676368979939
611,611,20241011a,Adult,F,fa/+,vehicle,13,double,89.12660603438414,36.53999451030128,-0.3872388910162019
612,612,20241011a,Adult,F,fa/+,vehicle,14,double,32.76483185228247,17.685362828607587,-0.2677939693948878
613,613,20241011a,Adult,F,fa/+,vehicle,15,double,37.25533653497562,32.08632427228444,-0.0648685225475191
614,614,20241011a,Adult,F,fa/+,vehicle,16,double,21.476135733678277,12.929817335126328,-0.2203637506659252
615,615,20241011a,Adult,F,fa/+,vehicle,17,double,143.29507090509608,119.06386990842404,-0.0804512574693903
616,616,20241011a,Adult,F,fa/+,vehicle,18,double,55.55149659774983,18.73480313595496,-0.4720466297271939
617,617,20241011a,Adult,F,fa/+,vehicle,21,double,45.12910010205446,20.86620552401278,-0.3350131928476123
618,618,20241011a,Adult,F,fa/+,vehicle,22,double,10.749729953350808,6.831575184403918,-0.1968767020748441
619,619,20241011a,Adult,F,fa/+,vehicle,23,single,62.6527594243872,43.70135918747325,-0.1564452589587794
620,620,20241011a,Adult,F,fa/+,vehicle,24,single,43.85931722596016,26.852166801263312,-0.2130825302855441
621,621,20241011a,Adult,F,fa/+,vehicle,25,single,8.819034677431826,25.171761146862917,0.4554925518031162
622,622,20241011a,Adult,F,fa/+,vehicle,26,single,16.530646990412684,11.393979691894415,-0.1616144106332091
623,623,20241011a,Adult,F,fa/+,vehicle,27,single,31.776505560112827,8.713474022209073,-0.5619147956833436
624,624,20241011a,Adult,F,fa/+,vehicle,28,single,85.84413684671344,45.41825167875769,-0.2764802256439684
625,625,20241011b,Adult,F,fa/+,empa,1,single,15.776445718944116,4.183932065265014,-0.57642454328215
626,626,20241011b,Adult,F,fa/+,empa,2,single,17.25413650573414,2.7507867825711565,-0.7974363007209528
627,627,20241011b,Adult,F,fa/+,empa,3,single,6.680812206209067,2.245581157911557,-0.4735005085675883
628,628,20241011b,Adult,F,fa/+,empa,5,single,1.455065819949929,1.6756876967953966,0.0613104419113201
629,629,20241011b,Adult,F,fa/+,empa,6,single,9.71006852358976,5.592866125556983,-0.2395878708182628
630,630,20241011b,Adult,F,fa/+,empa,7,single,8.15005208408618,2.7956196418040404,-0.4646823010390948
631,631,20241011b,Adult,F,fa/+,empa,8,single,9.031929456230351,4.251830417162334,-0.3272046023724886
632,632,20241011b,Adult,F,fa/+,empa,10,single,5.537328929655901,7.946658482148749,0.1568842267184957
633,633,20241011b,Adult,F,fa/+,empa,12,single,25.92775112287767,3.8760589146478543,-0.8253744797649034
634,634,20241011b,Adult,F,fa/+,empa,13,single,8.573354452855874,3.0422543780834825,-0.4499552546048601
635,635,20241011b,Adult,F,fa/+,empa,14,single,7.501409448743005,2.200536592785126,-0.5326142763111454
636,636,20241011b,Adult,F,fa/+,empa,15,single,17.501632199239012,6.055848151133913,-0.4609035760005965
637,637,20241011b,Adult,F,fa/+,empa,16,single,6.261530961821496,2.886854911314453,-0.3362555749217463
638,638,20241011b,Adult,F,fa/+,empa,17,single,3.65722270010334,9.040684943951852,0.3930499281752441
639,639,20241011b,Adult,F,fa/+,empa,18,single,7.767016406518041,2.7643226121224123,-0.4486654962412265
640,640,20241011b,Adult,F,fa/+,empa,21,single,6.209841559335516,2.120660907630275,-0.466609288886567
641,641,20241011b,Adult,F,fa/+,empa,22,single,10.778490735336185,1.257262259101056,-0.9331320738022012
642,642,20241011b,Adult,F,fa/+,empa,23,single,9.236916340108175,2.2982611313344203,-0.6041276379382009
643,643,20241011b,Adult,F,fa/+,empa,24,single,3.0143736048018277,2.590508015537604,-0.0658121378363302
644,644,20241011b,Adult,F,fa/+,empa,25,single,5.925598724156626,2.9612123201042504,-0.3012626905421653
645,645,20241011b,Adult,F,fa/+,empa,26,single,5.954423193705512,9.989235948406703,0.2246925737474645
646,646,20241011b,Adult,F,fa/+,empa,29,single,7.075039472676321,1.3263144795765132,-0.7270823562850911
647,647,20241011b,Adult,F,fa/+,vehicle,0,single,25.984463439654437,17.239775348359917,-0.1781821511540799
648,648,20241011b,Adult,F,fa/+,vehicle,1,single,15.919301892662183,9.172989327087745,-0.2394131305529682
649,649,20241011b,Adult,F,fa/+,vehicle,2,single,17.688645283079477,20.08524541275257,0.0551825695985335
650,650,20241011b,Adult,F,fa/+,vehicle,3,single,5.345433242442192,7.976382603445816,0.1738230674839024
651,651,20241011b,Adult,F,fa/+,vehicle,4,single,4.875041687932244,1.0705280307799798,-0.658380290455711
652,652,20241011b,Adult,F,fa/+,vehicle,5,single,9.327809074677171,9.36246300160668,0.0016104662817539
653,653,20241011b,Adult,F,fa/+,vehicle,6,single,11.648383670268249,5.234232901700871,-0.347412623799056
654,654,20241011b,Adult,F,fa/+,vehicle,7,single,14.791159350533167,12.054766933695296,-0.0888433977387279
655,655,20241011b,Adult,F,fa/+,vehicle,8,single,12.975352615514348,12.24707368662221,-0.0250868381204829
656,656,20241011b,Adult,F,fa/+,vehicle,9,single,3.468169209522061,3.2496181861703173,-0.0282679416874818
657,657,20241011b,Adult,F,fa/+,vehicle,10,single,14.435051435937169,6.433686373084881,-0.3509584494680788
658,658,20241011b,Adult,F,fa/+,vehicle,11,single,4.477066371450613,6.139521516023683,0.1371409929494195
659,659,20241011b,Adult,F,fa/+,vehicle,12,single,16.37283187434634,19.80932266902358,0.0827458239019482
660,660,20241011b,Adult,F,fa/+,vehicle,13,single,10.49258467873886,5.263584340892356,-0.2996008965703532
661,661,20241011b,Adult,F,fa/+,vehicle,14,single,5.802477754092446,6.124882194382794,0.0234842558174601
662,662,20241011b,Adult,F,fa/+,vehicle,15,double,19.176328454154785,17.37270668734058,-0.0428979724406088
663,663,20241011b,Adult,F,fa/+,vehicle,16,single,1.909300014366505,2.85768075920345,0.1751395348929201
664,664,20241011b,Adult,F,fa/+,vehicle,17,single,13.969997977037352,14.56252467618893,0.0180403310574239
665,665,20241011b,Adult,F,fa/+,vehicle,18,single,10.413012278215152,3.671986210494934,-0.4526753388627578
666,666,20241011b,Adult,F,fa/+,vehicle,19,single,12.360264024683554,6.603093844613408,-0.2722802781088377
667,667,20241011b,Adult,F,fa/+,vehicle,21,single,9.488904492838657,4.882712032928127,-0.2885549637119287
668,668,20241011b,Adult,F,fa/+,vehicle,22,single,10.079029662339652,12.21799255943022,0.08358113299521
669,669,20241011b,Adult,F,fa/+,vehicle,23,single,23.17531259348761,15.646046844596912,-0.1706209745124345
670,670,20241011b,Adult,F,fa/+,vehicle,24,single,18.964041299604887,16.51582346189425,-0.0600306604065308
671,671,20241011b,Adult,F,fa/+,vehicle,25,single,10.243998212700326,7.6555639811339455,-0.1264923035784042
672,672,20241011b,Adult,F,fa/+,vehicle,26,single,17.571544648330217,17.628433892502976,0.0014037909884889
673,673,20241011b,Adult,F,fa/+,vehicle,27,single,10.259281521939233,2.573303062792833,-0.6006260104180945
674,674,20241011b,Adult,F,fa/+,vehicle,28,single,13.731749307395798,13.150769451241295,-0.0187747020328366
675,675,20241011b,Adult,F,fa/+,vehicle,29,single,7.722104834186578,3.2044772359160603,-0.3819785024737507
676,676,20241014a,Adult,F,fa/+,empa,0,single,11.976937043364805,11.855956863858776,-0.0044091561752395
677,677,20241014a,Adult,F,fa/+,empa,1,single,79.139859511835,16.991518528159993,-0.6681630815732267
678,678,20241014a,Adult,F,fa/+,empa,2,double,12.149508566255324,4.447321456635961,-0.4364601897710554
679,679,20241014a,Adult,F,fa/+,empa,3,single,11.721845805514198,2.390579575734927,-0.6904927994502669
680,680,20241014a,Adult,F,fa/+,empa,4,single,14.429652525554642,15.043703484198517,0.0180988916082012
681,681,20241014a,Adult,F,fa/+,empa,5,double,22.28959457041943,12.284503906031595,-0.2587445463456006
682,682,20241014a,Adult,F,fa/+,empa,6,single,13.048078913102554,6.39414248929996,-0.309764264584198
683,683,20241014a,Adult,F,fa/+,empa,7,single,8.304053038505238,12.377103162487328,0.1733288963985112
684,684,20241014a,Adult,F,fa/+,empa,8,single,19.05201344452698,15.88269995026016,-0.0790165478547348
685,685,20241014a,Adult,F,fa/+,empa,9,single,16.877233932305337,3.917141575211649,-0.6343320017999442
686,686,20241014a,Adult,F,fa/+,empa,12,single,12.105634348194434,6.961435647852557,-0.2402887390342545
687,687,20241014a,Adult,F,fa/+,empa,13,single,5.459223259102924,0.8367473757187023,-0.8145364965144374
688,688,20241014a,Adult,F,fa/+,empa,14,single,21.89174846343105,1.5009689965094155,-1.163908727747012
689,689,20241014a,Adult,F,fa/+,empa,15,single,16.938635056957676,11.19207192057696,-0.1799679189601533
690,690,20241014a,Adult,F,fa/+,empa,16,single,7.586382047206225,9.943529920772797,0.1175058750812392
691,691,20241014a,Adult,F,fa/+,empa,17,single,15.500141898258027,8.203564451850834,-0.2763330794919549
692,692,20241014a,Adult,F,fa/+,empa,18,double,24.06373475831669,1.0891451118576727,-1.3442772852619744
693,693,20241014a,Adult,F,fa/+,empa,19,single,9.399909949471164,9.065195719449248,-0.0157465080662266
694,694,20241014a,Adult,F,fa/+,empa,21,single,19.6008856584742,7.4499271424700595,-0.4201236696990575
695,695,20241014a,Adult,F,fa/+,empa,22,single,12.828941480512809,2.316893613764913,-0.7432847316162853
696,696,20241014a,Adult,F,fa/+,empa,23,single,25.27854497999388,3.721714460917133,-0.8320090226308852
697,697,20241014a,Adult,F,fa/+,empa,24,single,15.847658602081346,2.940379229582025,-0.7315617605553504
698,698,20241014a,Adult,F,fa/+,empa,25,double,25.557667094354407,0.8745079570951043,-1.4657574434128104
699,699,20241014a,Adult,F,fa/+,empa,26,single,49.64788667042406,8.860848200346434,-0.7484254703885523
700,700,20241014a,Adult,F,fa/+,empa,27,single,10.957102256891764,7.667608840053022,-0.1550357652959467
701,701,20241014a,Adult,F,fa/+,empa,28,single,8.737069239453806,10.090717649051744,0.0625562768201754
702,702,20241014a,Adult,F,fa/+,empa,29,double,14.510977027748533,3.3684653375690905,-0.6342645718768268
703,703,20241014a,Adult,F,fa/+,empa,30,double,15.653172115644812,2.049725214202928,-0.8829067170696718
704,704,20241014a,Adult,F,fa/+,empa,31,single,3.680360317034468,4.1121536084776,0.0481789899164117
705,705,20241014a,Adult,F,fa/+,vehicle,0,single,53.63284376163594,36.61826757905309,-0.1657330312147888
706,706,20241014a,Adult,F,fa/+,vehicle,1,double,53.55355290204389,55.63718888311424,0.0165768902597986
707,707,20241014a,Adult,F,fa/+,vehicle,2,double,45.7162914738922,22.868587725168965,-0.3008316478879314
708,708,20241014a,Adult,F,fa/+,vehicle,4,single,24.07145489368192,18.28134637731307,-0.119494162773883
709,709,20241014a,Adult,F,fa/+,vehicle,5,single,129.9002486365854,65.45147392721468,-0.2976905512952088
710,710,20241014a,Adult,F,fa/+,vehicle,6,single,68.98064990566293,55.91743795512189,-0.0911800172483989
711,711,20241014a,Adult,F,fa/+,vehicle,7,single,23.688168046782327,25.432407538713345,0.030855998934131
712,712,20241014a,Adult,F,fa/+,vehicle,8,single,61.20014992612876,46.79484892616269,-0.1165544365415878
713,713,20241014a,Adult,F,fa/+,vehicle,9,double,67.22420289472298,21.3089457479758,-0.4989636976253135
714,714,20241014a,Adult,F,fa/+,vehicle,10,double,52.7071684086287,12.036388693158292,-0.641373481164438
715,715,20241014a,Adult,F,fa/+,vehicle,11,single,22.057061732830736,10.680949984553964,-0.3149377772741109
716,716,20241014a,Adult,F,fa/+,vehicle,12,single,73.36372711273627,39.34754460423007,-0.2705637504135725
717,717,20241014a,Adult,F,fa/+,vehicle,13,single,39.50856510864875,13.925459775669111,-0.4528817139040564
718,718,20241014a,Adult,F,fa/+,vehicle,14,double,97.11755632701885,36.96389097621157,-0.4195200655096163
719,719,20241014a,Adult,F,fa/+,vehicle,15,single,28.43222819649077,16.359235970831033,-0.2400478792603582
720,720,20241014a,Adult,F,fa/+,vehicle,16,single,46.73236139978109,30.11666512788762,-0.1908108466174858
721,721,20241014a,Adult,F,fa/+,vehicle,17,single,62.728565821659416,19.04892050904728,-0.5175949887713254
722,722,20241014a,Adult,F,fa/+,vehicle,18,double,37.3354560104285,27.930221031812103,-0.1260470875158663
723,723,20241014a,Adult,F,fa/+,vehicle,19,single,64.0973643063209,42.152823766257534,-0.1820134988357642
724,724,20241014a,Adult,F,fa/+,vehicle,20,double,94.34057593736134,31.443838809341955,-0.4771629619469142
725,725,20241014a,Adult,F,fa/+,vehicle,21,double,78.90567913871777,52.11619281544015,-0.180135579961032
726,726,20241014a,Adult,F,fa/+,vehicle,22,double,49.00765238103747,24.682773924407197,-0.2978699335298778
727,727,20241014a,Adult,F,fa/+,vehicle,23,double,43.6792019798032,31.634765193932857,-0.1401100799000638
728,728,20241014a,Adult,F,fa/+,vehicle,24,single,25.815885168487785,17.464238919153868,-0.1697373565187248
729,729,20241014a,Adult,F,fa/+,vehicle,26,double,53.70767695347047,38.73508209290612,-0.1419318872905663
730,730,20241014a,Adult,F,fa/+,vehicle,27,double,43.17372021922453,26.45973370491718,-0.2126340037552958
731,731,20241014a,Adult,F,fa/+,vehicle,28,single,31.446857843640625,35.78511420403061,0.0561251501191399
732,732,20241014a,Adult,F,fa/+,vehicle,29,double,39.96257954009704,32.11348430639836,-0.0949660847005378
733,733,20241014a,Adult,F,fa/+,vehicle,30,double,36.754745402352704,34.21201082702198,-0.0311348179697903
734,734,20241014a,Adult,F,fa/+,vehicle,31,double,16.19568276984823,6.530188002868545,-0.3944735768007313
735,735,20241014b,Adult,M,fa/+,vehicle,1,single,4.130362230654211,1.8393353274123887,-0.3513272284749237
736,736,20241014b,Adult,M,fa/+,vehicle,2,single,21.46484205273152,4.555265025215554,-0.6732140478199697
737,737,20241014b,Adult,M,fa/+,vehicle,3,single,22.564602157404845,3.474778595903116,-0.8125005430977768
738,738,20241014b,Adult,M,fa/+,vehicle,4,single,28.07544226498584,1.1476955823282824,-1.3884998963407116
739,739,20241014b,Adult,M,fa/+,vehicle,5,single,9.043648929596207,2.7982169835736364,-0.5094623067019675
740,740,20241014b,Adult,M,fa/+,vehicle,6,single,17.006285825795715,2.306518969778648,-0.8676524432397907
741,741,20241014b,Adult,M,fa/+,vehicle,7,single,10.626510607485828,0.8349430825021183,-1.1047338091387928
742,742,20241014b,Adult,M,fa/+,vehicle,8,single,13.544345354173082,6.7100867974858565,-0.3050298809302499
743,743,20241014b,Adult,M,fa/+,vehicle,9,single,4.185804892827564,3.264852656964692,-0.1079153949903116
744,744,20241014b,Adult,M,fa/+,vehicle,10,single,5.39023662208736,2.3493983359254176,-0.3606511735770592
745,745,20241014b,Adult,M,fa/+,vehicle,11,single,10.957520645069726,2.9317327179791306,-0.5725879238351681
746,746,20241014b,Adult,M,fa/+,vehicle,14,single,21.183040863101404,1.5880051487183264,-1.1251363978031217
747,747,20241014b,Adult,M,fa/+,vehicle,17,single,16.253299130624335,1.1780187265262028,-1.1397893339938927
748,748,20241014b,Adult,M,fa/+,vehicle,18,single,8.8911657663295,1.1731531155096009,-0.8796040089909534
749,749,20241014b,Adult,M,fa/+,vehicle,19,single,7.525410596723696,1.2603283413832789,-0.7760464981365576
750,750,20241015a,Adult,M,fa/+,empa,0,single,19.286946780660934,0.8649170368343426,-1.3482890303410602
751,751,20241015a,Adult,M,fa/+,empa,1,single,17.699933292080527,2.0072751753493785,-0.9453647160201242
752,752,20241015a,Adult,M,fa/+,empa,2,single,19.212857590390986,3.609996019608841,-0.7260852406357391
753,753,20241015a,Adult,M,fa/+,empa,3,single,24.183417789245325,0.8172653998455058,-1.471154565945484
754,754,20241015a,Adult,M,fa/+,empa,4,single,14.769857786366082,0.5371806625576925,-1.4392559431322005
755,755,20241015a,Adult,M,fa/+,empa,5,double,47.16762852101897,1.435738200205617,-1.5165687858109416
756,756,20241015a,Adult,M,fa/+,empa,6,single,13.450961633723006,2.8199485432961007,-0.6785121503006971
757,757,20241015a,Adult,M,fa/+,empa,7,single,13.863993024883346,1.2816274203004712,-1.034126540677968
758,758,20241015a,Adult,M,fa/+,empa,8,single,23.70514304821496,0.9188118838435744,-1.4116159767129366
759,759,20241015a,Adult,M,fa/+,empa,9,single,5.403482188944048,1.017276609917667,-0.7252346653295845
760,760,20241015a,Adult,M,fa/+,empa,10,single,11.893564351450213,2.8379341070792927,-0.6223097191930258
761,761,20241015a,Adult,M,fa/+,empa,11,double,22.88525066016052,1.2669544891457802,-1.2567946589070258
762,762,20241015a,Adult,M,fa/+,empa,14,single,7.197126353246361,2.171543489293933,-0.5203905958988557
763,763,20241015a,Adult,M,fa/+,empa,15,single,39.49618863361416,1.791269960280134,-1.3433941455905465
764,764,20241015a,Adult,M,fa/+,empa,16,single,169.47859639016949,2.027642224590144,-1.9221235319461976
765,765,20241015a,Adult,M,fa/+,empa,17,single,34.341598018600905,0.9220891138653388,-1.5710476055378724
766,766,20241015a,Adult,M,fa/+,empa,18,double,26.058138584626303,1.4347434766035327,-1.2591691306520123
767,767,20241015a,Adult,M,fa/+,empa,19,single,14.829851983246312,0.3971799814112617,-1.572149465208433
768,768,20241015a,Adult,M,fa/+,empa,20,single,33.82983433437256,1.7124532406105928,-1.2956811493421525
769,769,20241015a,Adult,M,fa/+,empa,21,single,12.91908399436016,1.2791347780267806,-1.004315414836705
770,770,20241015a,Adult,M,fa/+,empa,22,double,78.8273201702544,0.9136178828240448,-1.935912170742403
771,771,20241015a,Adult,M,fa/+,empa,25,single,4.523750346715421,0.3850209371693238,-1.070014282621163
772,772,20241015a,Adult,M,fa/+,vehicle,0,single,6.669868667283248,7.039053333288194,0.0233969732182439
773,773,20241015a,Adult,M,fa/+,vehicle,1,single,20.32546063218733,15.756185053801188,-0.1105893238295478
774,774,20241015a,Adult,M,fa/+,vehicle,2,single,15.112687987603405,11.099116327165222,-0.1340533129618435
775,775,20241015a,Adult,M,fa/+,vehicle,3,single,6.069723901686332,15.127321031604671,0.3965930871519857
776,776,20241015a,Adult,M,fa/+,vehicle,4,double,7.20062232217428,117.4004585777671,1.2122997608520043
777,777,20241015a,Adult,M,fa/+,vehicle,5,double,2.944263141492551,81.44851571193674,1.4419065521216974
778,778,20241015a,Adult,M,fa/+,vehicle,6,single,8.790885118556169,9.277879627282903,0.0234161289875054
779,779,20241015a,Adult,M,fa/+,vehicle,7,single,32.82680605025035,8.028378876988404,-0.6116007696166728
780,780,20241015a,Adult,M,fa/+,vehicle,9,single,37.70109086083219,42.55013691342899,0.0525470453853462
781,781,20241015a,Adult,M,fa/+,vehicle,10,single,12.962605472469685,21.430458452789303,0.2183391586972525
782,782,20241015a,Adult,M,fa/+,vehicle,11,single,3.661779433093992,112.79217742394304,1.4885867996105842
783,783,20241015a,Adult,M,fa/+,vehicle,12,single,7.400643400661535,10.37685709470589,0.1467963575988359
784,784,20241015a,Adult,M,fa/+,vehicle,13,single,3.350261185182489,9.31042274184215,0.4438907348662473
785,785,20241015a,Adult,M,fa/+,vehicle,16,single,18.3751451600328,256.54969009123147,1.1449407157587246
786,786,20241015a,Adult,M,fa/+,vehicle,17,single,3.910156929756325,27.715717168815413,0.8505319331627404
787,787,20241015a,Adult,M,fa/+,vehicle,18,single,15.15600529200094,12.67694514760976,-0.0775701370790724
788,788,20241015a,Adult,M,fa/+,vehicle,19,single,2.0096911576272896,55.410677038868485,1.4404641349697251
789,789,20241015a,Adult,M,fa/+,vehicle,20,single,5.995904403748611,21.00828725629749,0.5445359470833226
790,790,20241015a,Adult,M,fa/+,vehicle,21,single,9.933962977991746,6.093757020115734,-0.2122374037707013
791,791,20241015a,Adult,M,fa/+,vehicle,22,single,16.042945641446284,104.43828947283956,0.8135756382043717
792,792,20241015a,Adult,M,fa/+,vehicle,24,single,10.853856184797028,7.153698454578417,-0.1810534331629542
793,793,20241015a,Adult,M,fa/+,vehicle,25,single,8.212238427372906,8.053575104103388,-0.008472836752866
794,794,20241015b,Adult,M,fa/+,empa,0,single,16.142454513561727,0.9990033362413115,-1.2084026327333095
795,795,20241015b,Adult,M,fa/+,empa,1,single,30.69089952041298,1.01396369600963,-1.4809872115858012
796,796,20241015b,Adult,M,fa/+,empa,2,single,48.61470222896148,1.2345229975846923,-1.595268445294734
797,797,20241015b,Adult,M,fa/+,empa,3,single,26.67232615241517,1.6104643683313302,-1.219109772663986
798,798,20241015b,Adult,M,fa/+,empa,4,single,7.707291400792737,0.8228851021379675,-0.971562579557242
799,799,20241015b,Adult,M,fa/+,empa,5,single,153.89439752452645,0.5732513495532422,-2.428877723946965
800,800,20241015b,Adult,M,fa/+,empa,6,single,5.670817569519853,0.6411700233577786,-0.9466724666626748
801,801,20241015b,Adult,M,fa/+,empa,7,single,32.54191455297726,0.5331030911572899,-1.785631899638079
802,802,20241015b,Adult,M,fa/+,empa,8,single,26.359153367800957,1.9084199137377456,-1.1402575173680365
803,803,20241015b,Adult,M,fa/+,empa,9,single,29.458382642026702,1.1169060223185925,-1.4211922663812968
804,804,20241015b,Adult,M,fa/+,empa,10,single,14.532354355996082,0.6864041076337262,-1.3257561053407698
805,805,20241015b,Adult,M,fa/+,empa,11,single,35.19272510125618,1.1428967063343334,-1.4884459160030752
806,806,20241015b,Adult,M,fa/+,empa,12,single,91.54058164616748,1.1585541780697126,-1.89769731985553
807,807,20241015b,Adult,M,fa/+,empa,13,single,30.71101762019612,1.0100805155206594,-1.4829382135427005
808,808,20241015b,Adult,M,fa/+,empa,14,single,33.43145564053109,3.8315215755767,-0.94078401119664
809,809,20241015b,Adult,M,fa/+,empa,15,single,93.19680314608752,0.8562698662860024,-2.0367903546923065
810,810,20241015b,Adult,M,fa/+,empa,16,single,18.17386922854425,0.7927647965185058,-1.3603030420866309
811,811,20241015b,Adult,M,fa/+,empa,17,single,47.59667439053197,0.9547216474925504,-1.697699839422374
812,812,20241015b,Adult,M,fa/+,empa,18,single,91.2377478432174,1.434549036074252,-1.8034591584151387
813,813,20241015b,Adult,M,fa/+,empa,19,single,53.28113075181671,1.2393698669991104,-1.6333725001480512
814,814,20241015b,Adult,M,fa/+,vehicle,0,single,11.774686219761834,30.74130962697333,0.416773022603371
815,815,20241015b,Adult,M,fa/+,vehicle,1,single,23.143235710486582,22.341021843354092,-0.0153210454154411
816,816,20241015b,Adult,M,fa/+,vehicle,2,single,88.73041788654163,122.61940483328364,0.1404866769439519
817,817,20241015b,Adult,M,fa/+,vehicle,3,single,23.430434341836097,36.30613676584234,0.1901996999054458
818,818,20241015b,Adult,M,fa/+,vehicle,4,single,36.08687158834864,41.25222525115375,0.0580981462671628
819,819,20241015b,Adult,M,fa/+,vehicle,5,single,134.16871076974851,160.82930500587443,0.0787139385761497
820,820,20241015b,Adult,M,fa/+,vehicle,7,single,27.85648603825256,32.448295393886184,0.066265555563399
821,821,20241015b,Adult,M,fa/+,vehicle,8,single,29.587918572758674,39.88699076533289,0.1297168577928347
822,822,20241015b,Adult,M,fa/+,vehicle,9,double,33.78105075489995,59.30727190819123,0.2444347931445669
823,823,20241015b,Adult,M,fa/+,vehicle,10,single,13.377006714584663,21.55137866059057,0.2071161125209246
824,824,20241015b,Adult,M,fa/+,vehicle,11,single,20.57506021793152,20.005898901827777,-0.0121830451517386
825,825,20241015b,Adult,M,fa/+,vehicle,12,single,37.16630416071143,68.84016211597408,0.2676925076613385
826,826,20241015b,Adult,M,fa/+,vehicle,13,single,14.266133555109295,19.17713601658418,0.1284774631221894
827,827,20241015b,Adult,M,fa/+,vehicle,14,single,13.292668357767916,19.915501859811684,0.1755790853071852
828,828,20241015b,Adult,M,fa/+,vehicle,15,single,97.38980730164045,146.24331149930003,0.1765625060370672
829,829,20241015b,Adult,M,fa/+,vehicle,16,single,26.74492491423316,38.071466969352905,0.1533582284061574
830,830,20241015b,Adult,M,fa/+,vehicle,17,single,45.13697953891285,46.93423476346693,0.0169572475869368
831,831,20241015b,Adult,M,fa/+,vehicle,18,single,42.67745069282176,82.69125545452559,0.2872611163719303
832,832,20241015b,Adult,M,fa/+,vehicle,19,single,15.933603667077575,37.21226821001646,0.3683721321936894
833,833,20241021a,Adult,M,fa/fa,empa,4,single,3.90775643854856,15.348660108718654,0.5941429815661076
834,834,20241021a,Adult,M,fa/fa,empa,5,single,6.169095650941404,10.972616526764847,0.2500886976833055
835,835,20241021a,Adult,M,fa/fa,empa,7,single,6.699504983474068,4.04087695792185,-0.2195670878494623
836,836,20241021a,Adult,M,fa/fa,vehicle,0,single,37.142684066093246,14.861838077357715,-0.3978007589725609
837,837,20241021a,Adult,M,fa/fa,vehicle,1,single,16.762936771595847,9.775027889069328,-0.2342321017413489
838,838,20241021a,Adult,M,fa/fa,vehicle,2,single,23.175309801946486,14.400033441607947,-0.2066620477282559
839,839,20241021a,Adult,M,fa/fa,vehicle,3,single,18.07734279608141,14.047566520268896,-0.1095334962051064
840,840,20241021a,Adult,M,fa/fa,vehicle,4,single,23.043389047785748,20.616131543137385,-0.0483391755961295
841,841,20241021a,Adult,M,fa/fa,vehicle,5,single,112.21783939252876,48.16944637177106,-0.3672902478313589
842,842,20241021a,Adult,M,fa/fa,vehicle,6,single,18.70720565023841,21.37231796565829,0.0578427062410678
843,843,20241021a,Adult,M,fa/fa,vehicle,7,single,6.866061129395098,10.77052783107192,0.195529321597051
844,844,20241021a,Adult,M,fa/fa,vehicle,8,single,54.84423108699698,13.753706618439772,-0.6007111959476705
845,845,20241021a,Adult,M,fa/fa,vehicle,9,single,7.541342956948277,8.09586267254845,0.0308144411571152
846,846,20241021a,Adult,M,fa/fa,vehicle,10,single,8.080531497391506,16.40135885828332,0.3074399035302619
847,847,20241021a,Adult,M,fa/fa,vehicle,14,single,4.2062479965282815,8.132058611767684,0.2863056254424257
848,848,20241021a,Adult,M,fa/fa,vehicle,15,single,10.339903034200328,13.920732341746332,0.129145617195822
849,849,20241021a,Adult,M,fa/fa,vehicle,16,single,15.620973176438078,11.820931842583905,-0.1210563733724328
850,850,20241021a,Adult,M,fa/fa,vehicle,17,single,11.245806426156364,9.96676730618025,-0.0524362848164364
851,851,20241021a,Adult,M,fa/fa,vehicle,18,single,11.7586438079668,16.19068073140343,0.1389078739464806
852,852,20241021a,Adult,M,fa/fa,vehicle,20,single,10.339005634121174,8.2620130913519,-0.0973928931991905
853,853,20241021a,Adult,M,fa/fa,vehicle,21,single,11.618814292254838,20.1494231353213,0.2391008068167097
854,854,20241021a,Adult,M,fa/fa,vehicle,22,single,18.08809397904128,28.857911077256748,0.2028720850677452
855,855,20241022a,Adult,F,fa/+,empa,0,single,71.97343195875756,21.442898655052385,-0.5258887189458297
856,856,20241022a,Adult,F,fa/+,empa,1,double,4.425376182346056,1.5270891934013493,-0.4620857902888754
857,857,20241022a,Adult,F,fa/+,empa,2,single,24.602799981191914,15.00510396501053,-0.2147455270078646
858,858,20241022a,Adult,F,fa/+,empa,4,single,3.1924101950164805,1.5681114511826464,-0.3087417627875336
859,859,20241022a,Adult,F,fa/+,empa,5,single,11.596248716150908,8.362684764588801,-0.141971795369081
860,860,20241022a,Adult,F,fa/+,empa,6,single,12.61491289831209,4.9923300987247625,-0.4025809625235117
861,861,20241022a,Adult,F,fa/+,empa,7,single,8.791989144269241,2.740704666773482,-0.5062249038825397
862,862,20241022a,Adult,F,fa/+,empa,8,single,27.84594458272056,28.134642302017923,0.0044794434980537
863,863,20241022a,Adult,F,fa/+,empa,9,single,29.804288169492477,33.56852300632343,0.0516534791670668
864,864,20241022a,Adult,F,fa/+,empa,10,single,31.026347800851894,21.968116249688524,-0.1499378384862628
865,865,20241022a,Adult,F,fa/+,empa,11,single,15.084514578802034,4.152897949284222,-0.5601800799355794
866,866,20241022a,Adult,F,fa/+,empa,12,single,39.73436201745879,39.701846399343616,-0.0003555394849081
867,867,20241022a,Adult,F,fa/+,empa,13,single,7.572735191453367,5.842636978963266,-0.1126438672914671
868,868,20241022a,Adult,F,fa/+,empa,14,single,29.173941892348367,27.030588339184128,-0.0331396150898586
869,869,20241022a,Adult,F,fa/+,empa,15,single,10.238430974363828,5.937585568306148,-0.236623525275166
870,870,20241022a,Adult,F,fa/+,empa,16,single,3.858357513490117,7.432183528499852,0.2847139587951376
871,871,20241022a,Adult,F,fa/+,empa,17,single,26.158445989286538,11.93118072165854,-0.3409285160057789
872,872,20241022a,Adult,F,fa/+,empa,18,single,12.648625585239715,4.063008529782543,-0.4931956030437778
873,873,20241022a,Adult,F,fa/+,empa,19,single,15.648567053573002,7.558097936019462,-0.3160620600581091
874,874,20241022a,Adult,F,fa/+,empa,20,single,6.77553502412862,1.3956255274468543,-0.6861746900321609
875,875,20241022a,Adult,F,fa/+,empa,21,single,32.13203456017157,15.659100900681118,-0.3121714028731759
876,876,20241022a,Adult,F,fa/+,empa,22,double,11.429247367879812,3.230084455394652,-0.5488037546713159
877,877,20241022a,Adult,F,fa/+,empa,23,double,44.49274954099589,27.991866555569175,-0.2012573858073467
878,878,20241022a,Adult,F,fa/+,empa,24,double,24.12765035570425,24.435593093128965,0.0055078538682602
879,879,20241022a,Adult,F,fa/+,empa,25,double,20.611489722577325,9.735874791225717,-0.3257344021306069
880,880,20241022a,Adult,F,fa/+,vehicle,0,single,109.13991355952427,103.20639487457235,-0.0242769976000869
881,881,20241022a,Adult,F,fa/+,vehicle,1,double,8.085355169042172,6.589550821474509,-0.0888432903096115
882,882,20241022a,Adult,F,fa/+,vehicle,2,double,34.252833404227644,42.32385731842596,0.0918887393515224
883,883,20241022a,Adult,F,fa/+,vehicle,3,double,19.928871385151623,21.76579959491932,0.0382919217920354
884,884,20241022a,Adult,F,fa/+,vehicle,4,single,11.13358866833214,10.743937812853726,-0.0154716862879336
885,885,20241022a,Adult,F,fa/+,vehicle,5,double,26.160792692457058,31.228083999528003,0.0768944395767941
886,886,20241022a,Adult,F,fa/+,vehicle,6,single,14.414850735261291,13.96157061677484,-0.0138758723587628
887,887,20241022a,Adult,F,fa/+,vehicle,7,single,15.615494971296014,19.38536945748489,0.0939183276453907
888,888,20241022a,Adult,F,fa/+,vehicle,8,single,39.06923877445804,46.01962097470138,0.0711080879172876
889,889,20241022a,Adult,F,fa/+,vehicle,9,double,49.56794397809556,37.366028893951736,-0.1227239599460199
890,890,20241022a,Adult,F,fa/+,vehicle,10,double,31.700767399905807,29.51484187423591,-0.0310293147469278
891,891,20241022a,Adult,F,fa/+,vehicle,11,double,13.04013168319096,11.56640751227004,-0.0520834875819238
892,892,20241022a,Adult,F,fa/+,vehicle,12,double,59.72096016874161,54.52188437304024,-0.0395559241053273
893,893,20241022a,Adult,F,fa/+,vehicle,13,double,18.66338599776761,13.77986094159048,-0.1317456033270778
894,894,20241022a,Adult,F,fa/+,vehicle,14,double,24.763414280401165,25.821878993233412,0.0181773183376554
895,895,20241022a,Adult,F,fa/+,vehicle,15,double,12.66660726555009,9.47725794061292,-0.1259776043507847
896,896,20241022a,Adult,F,fa/+,vehicle,16,single,6.106254286918737,4.255626567360413,-0.1568113744865789
897,897,20241022a,Adult,F,fa/+,vehicle,17,single,25.821648426494512,25.81131214197395,-0.0001738808443756
898,898,20241022a,Adult,F,fa/+,vehicle,18,single,12.47421666779706,10.409829508981533,-0.0785696664078376
899,899,20241022a,Adult,F,fa/+,vehicle,19,single,17.9925234233986,9.393172770861614,-0.2822797662503387
900,900,20241022a,Adult,F,fa/+,vehicle,20,single,5.065474247314908,4.954266284235472,-0.0096407662181774
901,901,20241022a,Adult,F,fa/+,vehicle,21,double,35.29418984841199,24.87888540633004,-0.1518722977232494
902,902,20241022a,Adult,F,fa/+,vehicle,22,double,18.403297263793515,14.86095020348968,-0.09284906228997
903,903,20241022a,Adult,F,fa/+,vehicle,23,double,56.82534222015159,27.25628100074794,-0.3190754618877429
904,904,20241022a,Adult,F,fa/+,vehicle,24,single,20.097085626503976,23.044903357099844,0.0594418082848411
905,905,20241022a,Adult,F,fa/+,vehicle,25,double,64.49897720986324,38.02535019213324,-0.2294796055293657
906,906,20241022a,Adult,F,fa/+,vehicle,26,double,61.80689656224079,38.38737040485496,-0.2068485741335315
907,907,20241022a,Adult,F,fa/+,vehicle,27,single,7.647745043846385,8.369738995218315,0.0391785137697591
908,908,20241022a,Adult,F,fa/+,vehicle,28,double,19.812609226940804,25.863585589272883,0.1157470591495544
909,909,20241022a,Adult,F,fa/+,vehicle,29,double,37.56691701383857,14.47406270606302,-0.414215105698285
910,910,20241022b,Adult,M,fa/fa,empa,2,single,1.5630262864802171,1.0163162510297172,-0.1869374118476779
911,911,20241022b,Adult,M,fa/fa,empa,3,single,9.166184634455965,1.8887894852122968,-0.6860050446067847
912,912,20241022b,Adult,M,fa/fa,empa,8,single,8.375636136970375,2.329603172845905,-0.5557358528827672
913,913,20241022b,Adult,M,fa/fa,vehicle,0,single,6.096005593583745,3.2993609793174272,-0.2666155230242125
914,914,20241022b,Adult,M,fa/fa,vehicle,1,single,18.12786778106769,4.878058716243874,-0.5700997013969527
915,915,20241022b,Adult,M,fa/fa,vehicle,2,single,66.54956647486081,8.789704223917989,-0.8791709695018043
916,916,20241022b,Adult,M,fa/fa,vehicle,3,single,13.981177664929495,2.598083108094603,-0.7308907152434936
917,917,20241022b,Adult,M,fa/fa,vehicle,4,single,9.631274946994507,2.032384062918242,-0.6756780002754413
918,918,20241022b,Adult,M,fa/fa,vehicle,5,single,9.532209574184936,5.637017580760291,-0.228144192831222
919,919,20241022b,Adult,M,fa/fa,vehicle,6,single,45.51993807736953,5.491785437396196,-0.9184881014732124
920,920,20241022b,Adult,M,fa/fa,vehicle,8,single,13.37031944044406,5.217142087020744,-0.4087091187046918
921,921,20241022b,Adult,M,fa/fa,vehicle,9,single,4.265623066573373,0.7077868706544536,-0.7800799739340927
922,922,20241023a,Adult,M,fa/+,empa,0,single,2.7813804233579504,2.613733703114152,-0.0269990555969421
923,923,20241023a,Adult,M,fa/+,empa,5,single,3.479207765609652,2.1035697047826387,-0.2185234564473058
924,924,20241023a,Adult,M,fa/+,empa,10,single,2.336061418685341,1.579833931347821,-0.1698728195900401
925,925,20241023a,Adult,M,fa/+,empa,11,single,21.875666957842583,18.07295895222605,-0.0829320407012006
926,926,20241023a,Adult,M,fa/+,empa,12,double,10.676398531203947,7.540595785018399,-0.1510191158891832
927,927,20241023a,Adult,M,fa/+,empa,13,double,9.610428587897225,10.3039234080475,0.0302598658426026
928,928,20241023a,Adult,M,fa/+,empa,14,double,12.566854035167104,11.69610653581389,-0.0311852552803701
929,929,20241023a,Adult,M,fa/+,empa,16,single,0.9090426199710948,1.3449518177876778,0.1701224808780149
930,930,20241023a,Adult,M,fa/+,empa,18,single,1.2414766542444895,1.0208446689479194,-0.084978891982408
931,931,20241023a,Adult,M,fa/+,empa,19,double,2.781225558302368,1.3258670227289475,-0.3217362428450743
932,932,20241023a,Adult,M,fa/+,empa,20,single,2.135647082980192,2.022477989612677,-0.0236456829153208
933,933,20241023a,Adult,M,fa/+,vehicle,3,single,1.8603848699091443,2.267722660805333,0.0859871410480734
934,934,20241023a,Adult,M,fa/+,vehicle,4,single,6.288143476908651,7.204797999557138,0.0590993665701545
935,935,20241023a,Adult,M,fa/+,vehicle,5,single,5.168622411171548,1.438273256541334,-0.5555334011590861
936,936,20241023a,Adult,M,fa/+,vehicle,6,single,4.077135197925313,1.4876695401274205,-0.4378486419396039
937,937,20241023a,Adult,M,fa/+,vehicle,10,single,5.855879395617626,1.9628471348097791,-0.4747056452985125
938,938,20241023a,Adult,M,fa/+,vehicle,11,single,34.214279907154115,15.129704853694385,-0.354376948021049
939,939,20241023a,Adult,M,fa/+,vehicle,12,single,34.19096741517667,20.1387926546294,-0.2298779585909593
940,940,20241023a,Adult,M,fa/+,vehicle,13,single,22.47981710143627,18.1513428285129,-0.0928840139588733
941,941,20241023a,Adult,M,fa/+,vehicle,14,single,27.39457274399996,15.45442029765393,-0.2486118122834366
942,942,20241023a,Adult,M,fa/+,vehicle,19,single,22.620127774848697,3.039907743852586,-0.8716346501127779
943,943,20241023a,Adult,M,fa/+,vehicle,20,single,7.077183665494076,3.2479061264721145,-0.338256998034056
944,944,20241023b,Adult,F,fa/fa,empa,0,single,52.993011341211805,36.52093451191035,-0.1616767172078659
945,945,20241023b,Adult,F,fa/fa,empa,1,single,21.039335410957676,7.991025471983839,-0.4204295022204454
946,946,20241023b,Adult,F,fa/fa,empa,2,double,28.52856698456736,13.919698805033574,-0.3116501191088645
947,947,20241023b,Adult,F,fa/fa,empa,3,single,30.33566399214042,17.856536799292265,-0.2301562721759458
948,948,20241023b,Adult,F,fa/fa,empa,4,single,16.586338391232538,4.617413572969833,-0.5553517463020391
949,949,20241023b,Adult,F,fa/fa,empa,5,single,7.286719374497305,3.0359770289157457,-0.3802335630978948
950,950,20241023b,Adult,F,fa/fa,empa,7,single,16.508407764639593,17.250385204990348,0.0190936098163829
951,951,20241023b,Adult,F,fa/fa,empa,8,single,17.120432352247512,5.800303587681031,-0.4700640028556848
952,952,20241023b,Adult,F,fa/fa,empa,9,single,13.370901884696965,8.837426172403791,-0.1798349032399174
953,953,20241023b,Adult,F,fa/fa,empa,10,single,14.727034019100236,13.028451620573842,-0.053222485415419
954,954,20241023b,Adult,F,fa/fa,empa,11,single,17.571838351941448,11.429757774475194,-0.1867801727276847
955,955,20241023b,Adult,F,fa/fa,empa,12,single,22.15999553765789,20.066015978609475,-0.043108514862739
956,956,20241023b,Adult,F,fa/fa,empa,13,single,49.63987790902623,33.48447054704433,-0.1709872683584667
957,957,20241023b,Adult,F,fa/fa,empa,14,single,29.5793100214844,7.465764271098871,-0.5979137661465717
958,958,20241023b,Adult,F,fa/fa,empa,15,single,39.35242071890873,17.944464444494244,-0.3410409513703285
959,959,20241023b,Adult,F,fa/fa,empa,16,single,21.355614999381928,10.423538390089185,-0.3114969125102989
960,960,20241023b,Adult,F,fa/fa,vehicle,0,single,58.519676556258005,38.02012516439277,-0.1872883748198994
961,961,20241023b,Adult,F,fa/fa,vehicle,1,double,78.35982166692034,32.69545903956102,-0.3796059997725827
962,962,20241023b,Adult,F,fa/fa,vehicle,2,double,53.30031751059626,40.89789784945808,-0.1150288102718424
963,963,20241023b,Adult,F,fa/fa,vehicle,3,single,37.01614075121354,23.656098203860303,-0.1944480234545289
964,964,20241023b,Adult,F,fa/fa,vehicle,4,single,25.171591788185346,9.17329815347865,-0.4383851707924867
965,965,20241023b,Adult,F,fa/fa,vehicle,5,single,21.769281498657072,11.600368097829604,-0.2733723249754607
966,966,20241023b,Adult,F,fa/fa,vehicle,6,single,23.22536271562142,8.509730648140119,-0.4360466912735347
967,967,20241023b,Adult,F,fa/fa,vehicle,7,double,54.06446558068722,23.63747986677015,-0.3593107424675283
968,968,20241023b,Adult,F,fa/fa,vehicle,8,single,37.203120184764416,23.72388992638458,-0.1953934648744568
969,969,20241023b,Adult,F,fa/fa,vehicle,9,single,58.77178673418623,21.36418629381498,-0.4394825376753446
970,970,20241023b,Adult,F,fa/fa,vehicle,10,single,24.92134147672468,19.46766937148102,-0.1072574541990152
971,971,20241023b,Adult,F,fa/fa,vehicle,11,single,37.93158583973764,24.94401765724124,-0.1820345947492285
972,972,20241023b,Adult,F,fa/fa,vehicle,12,single,69.42721286499098,42.56206264758263,-0.2125070643562514
973,973,20241023b,Adult,F,fa/fa,vehicle,13,single,102.12631818990508,45.06876056727551,-0.3552620604750165
974,974,20241023b,Adult,F,fa/fa,vehicle,14,single,71.74137488565435,32.97065714121303,-0.3376420922517986
975,975,20241023b,Adult,F,fa/fa,vehicle,15,single,98.3313913938769,62.54617727680306,-0.1964914130429036
976,976,20241023b,Adult,F,fa/fa,vehicle,16,single,28.12336658868892,23.37945548191041,-0.0802329159042054
977,977,20241024a,Adult,F,fa/fa,empa,1,double,5.502959001604354,5.815821697105097,0.0240148061251301
978,978,20241024a,Adult,F,fa/fa,empa,2,single,6.298186331391448,4.056365951100044,-0.1910783764450028
979,979,20241024a,Adult,F,fa/fa,empa,3,single,12.902144640439811,5.12032164675243,-0.4013646630687832
980,980,20241024a,Adult,F,fa/fa,empa,4,single,6.719541551694383,4.148636771818829,-0.2094342313954384
981,981,20241024a,Adult,F,fa/fa,empa,5,single,1.9665024195742309,11.577225374920612,0.7699100027245891
982,982,20241024a,Adult,F,fa/fa,empa,6,double,13.756961110353366,11.107855071861785,-0.0928923048503558
983,983,20241024a,Adult,F,fa/fa,empa,7,single,54.43770614793882,21.738655225468094,-0.3986671422683481
984,984,20241024a,Adult,F,fa/fa,empa,8,single,10.624277659611954,3.8031302643855818,-0.4461582111464123
985,985,20241024a,Adult,F,fa/fa,empa,9,single,21.916227822923315,9.32513433842801,-0.371110709353918
986,986,20241024a,Adult,F,fa/fa,empa,10,single,27.895121769462808,10.826296023682616,-0.4110483637166502
987,987,20241024a,Adult,F,fa/fa,empa,11,double,10.292049373431697,4.203069595166746,-0.3889352797686907
988,988,20241024a,Adult,F,fa/fa,empa,13,single,6.005480233424866,3.485332118139568,-0.2363035734296981
989,989,20241024a,Adult,F,fa/fa,vehicle,0,single,6.789099531697631,4.261131900187047,-0.2022871980288985
990,990,20241024a,Adult,F,fa/fa,vehicle,1,single,19.534663091002788,10.824245841848592,-0.2564082780059891
991,991,20241024a,Adult,F,fa/fa,vehicle,3,double,59.662744405701446,42.38337856617483,-0.1485076531607065
992,992,20241024a,Adult,F,fa/fa,vehicle,4,single,13.509636148183969,10.926615207607217,-0.0921580032263831
993,993,20241024a,Adult,F,fa/fa,vehicle,5,single,3.7222839938236856,35.55307494392892,0.9800676635036428
994,994,20241024a,Adult,F,fa/fa,vehicle,6,single,2.032503446972632,7.02197672589173,0.5384280948796709
995,995,20241024a,Adult,F,fa/fa,vehicle,7,double,16.43196831108954,53.12582821324693,0.5096161248907638
996,996,20241024a,Adult,F,fa/fa,vehicle,8,double,4.945351158381561,10.713918511633295,0.3357512035614673
997,997,20241024a,Adult,F,fa/fa,vehicle,9,single,3.199222190213692,45.74100464794275,1.1552612956905306
998,998,20241024a,Adult,F,fa/fa,vehicle,10,single,4.475924830535839,27.90230041090736,0.7947572259476353
999,999,20241024a,Adult,F,fa/fa,vehicle,11,single,3.2344013832020404,11.421339276338117,0.5479231185975804
1000,1000,20241024a,Adult,F,fa/fa,vehicle,13,single,13.39614602531414,11.429029116792844,-0.0689705338079056
1001,1001,20241024b,Adult,M,fa/+,empa,0,double,49.34724929931866,9.52665467603495,-0.7143225262427159
1002,1002,20241024b,Adult,M,fa/+,empa,1,single,14.192010870248124,1.569743980205912,-0.9562151088694824
1003,1003,20241024b,Adult,M,fa/+,empa,2,single,35.747161691225394,7.932777312001504,-0.6538163017235479
1004,1004,20241024b,Adult,M,fa/+,empa,3,single,5.735507422021978,2.544421490404376,-0.3529827910882373
1005,1005,20241024b,Adult,M,fa/+,empa,4,single,59.78505219321969,6.420860283958186,-0.9689993928276956
1006,1006,20241024b,Adult,M,fa/+,empa,5,single,45.27327105339385,3.838202440523574,-1.0717139967288043
1007,1007,20241024b,Adult,M,fa/+,empa,6,single,172.41780302363577,14.786488484905597,-1.066717057533509
1008,1008,20241024b,Adult,M,fa/+,empa,7,single,71.51003994225354,3.977677801355821,-1.2547374189941405
1009,1009,20241024b,Adult,M,fa/+,empa,8,single,136.9063339887921,0.9518165445523892,-2.157870291817464
1010,1010,20241024b,Adult,M,fa/+,empa,11,single,104.7154728172404,1.710093382604421,-1.7869910315771815
1011,1011,20241024b,Adult,M,fa/+,empa,12,single,50.047057778506186,0.8930211677900084,-1.7485167974436693
1012,1012,20241024b,Adult,M,fa/+,empa,13,single,67.32236964792187,4.298030101697151,-1.1948899413045055
1013,1013,20241024b,Adult,M,fa/+,empa,14,single,36.64830311835716,1.4086366387875189,-1.4152548905869182
1014,1014,20241024b,Adult,M,fa/+,empa,15,single,48.31906736513968,12.996377249150012,-0.5702962338872808
1015,1015,20241024b,Adult,M,fa/+,empa,17,single,39.38479078819814,2.587414899164106,-1.182462468214634
1016,1016,20241024b,Adult,M,fa/+,empa,18,double,61.25236822351658,7.978002640219763,-0.8852287089551099
1017,1017,20241024b,Adult,M,fa/+,empa,19,single,36.98943719915459,1.355017079285891,-1.4361329541970145
1018,1018,20241024b,Adult,M,fa/+,empa,20,single,66.97167034741469,1.0457071275542251,-1.8064810626690675
1019,1019,20241025a,Adult,F,fa/fa,empa,2,single,17.128436515139587,14.91370128578794,-0.0601322822109124
1020,1020,20241025a,Adult,F,fa/fa,empa,3,single,22.980819845192585,21.465932302394176,-0.0296157627861988
1021,1021,20241025a,Adult,F,fa/fa,empa,4,single,25.25103187526192,12.970870362526368,-0.2893100113260725
1022,1022,20241025a,Adult,F,fa/fa,empa,5,single,14.335458966410528,9.826392853331608,-0.1640174789680878
1023,1023,20241025a,Adult,F,fa/fa,empa,7,single,10.494988306994832,6.577392249019043,-0.20292821685442
1024,1024,20241025a,Adult,F,fa/fa,empa,9,single,24.653075361422577,10.198073517539056,-0.3833529648404874
1025,1025,20241025a,Adult,F,fa/fa,empa,10,single,4.167600404477906,1.314144790198898,-0.5012428538335052
1026,1026,20241025a,Adult,F,fa/fa,empa,11,single,20.02859668441306,20.18457323739004,0.0033690502940155
1027,1027,20241025a,Adult,F,fa/fa,empa,13,single,12.727287055406872,5.108601337334107,-0.3964338267077457
1028,1028,20241025a,Adult,F,fa/fa,empa,14,double,30.24814516225497,27.83931071847184,-0.0360402703096618
1029,1029,20241025a,Adult,F,fa/fa,empa,15,double,11.417436834263295,5.425703817771067,-0.3231125351057751
1030,1030,20241025a,Adult,F,fa/fa,empa,16,single,12.907419417951347,15.061534467541236,0.0670297976020344
1031,1031,20241025a,Adult,F,fa/fa,empa,18,single,6.236895213203889,2.839418017410246,-0.3417391136760193
1032,1032,20241025a,Adult,F,fa/fa,vehicle,1,single,14.532267984807646,17.679589024890596,0.0851387673510615
1033,1033,20241025a,Adult,F,fa/fa,vehicle,2,single,49.33185363845303,15.415917684824684,-0.5051580516463732
1034,1034,20241025a,Adult,F,fa/fa,vehicle,3,single,108.00454072242026,61.4153100205666,-0.2451653659811057
1035,1035,20241025a,Adult,F,fa/fa,vehicle,4,single,24.97261310968348,19.91544804454037,-0.0982739075522867
1036,1036,20241025a,Adult,F,fa/fa,vehicle,5,single,33.78461907740884,25.531214185636976,-0.1216475576066602
1037,1037,20241025a,Adult,F,fa/fa,vehicle,6,single,29.97398784088519,18.6755293789904,-0.2054716055688221
1038,1038,20241025a,Adult,F,fa/fa,vehicle,7,single,10.740646935794546,23.016798592085028,0.3310144766636702
1039,1039,20241025a,Adult,F,fa/fa,vehicle,9,single,56.70952609338568,50.61381345462927,-0.0493869579271839
1040,1040,20241025a,Adult,F,fa/fa,vehicle,10,single,22.613752040108437,19.006593129286877,-0.0754683478666558
1041,1041,20241025a,Adult,F,fa/fa,vehicle,11,single,62.96808002217918,33.718716531301645,-0.2712494160171577
1042,1042,20241025a,Adult,F,fa/fa,vehicle,12,single,62.421792398438846,24.37750545331057,-0.4083469727098818
1043,1043,20241025a,Adult,F,fa/fa,vehicle,13,single,41.80806865407066,27.793778110276083,-0.1773125195164346
1044,1044,20241025a,Adult,F,fa/fa,vehicle,14,double,69.71061364567178,67.52502216186812,-0.0138341703466566
1045,1045,20241025a,Adult,F,fa/fa,vehicle,15,single,51.61100626740237,36.658471114194334,-0.1485679784279916
1046,1046,20241025a,Adult,F,fa/fa,vehicle,16,single,33.85544144590512,19.56816465098157,-0.2380783870377498
1047,1047,20241025a,Adult,F,fa/fa,vehicle,18,single,40.45873324282344,14.184844153928683,-0.455187712298581
1048,1048,20241028a,Adult,M,fa/fa,empa,0,single,60.05631991916268,28.778324207016357,-0.3194932154461447
1049,1049,20241028a,Adult,M,fa/fa,empa,1,double,84.11100321425877,19.94291444347416,-0.6250641868485609
1050,1050,20241028a,Adult,M,fa/fa,empa,2,single,3.542451607242707,4.258827472378087,0.079986120757811
1051,1051,20241028a,Adult,M,fa/fa,empa,5,single,6.333720748559662,3.2673609655336207,-0.2874617952544988
1052,1052,20241028a,Adult,M,fa/fa,empa,6,single,3.986782431127153,1.7680166651629836,-0.3531361814365944
1053,1053,20241028a,Adult,M,fa/fa,empa,10,single,15.923672431909436,1.106538606748514,-1.1580766641598992
1054,1054,20241028a,Adult,M,fa/fa,empa,11,single,39.32881875097672,28.611220843041234,-0.1381745129027529
1055,1055,20241028a,Adult,M,fa/fa,empa,12,single,15.620928108913514,8.511857866434985,-0.2636824706458228
1056,1056,20241028a,Adult,M,fa/fa,empa,13,single,29.51375757835105,2.995888433968746,-0.9934988694009892
1057,1057,20241028a,Adult,M,fa/fa,empa,14,single,12.85880787024359,3.804946417854057,-0.5288521620485208
1058,1058,20241028a,Adult,M,fa/fa,vehicle,0,single,107.9745814143819,60.34121814169487,-0.2527074558196787
1059,1059,20241028a,Adult,M,fa/fa,vehicle,1,double,69.65794803982595,37.84784305435104,-0.264929542878918
1060,1060,20241028a,Adult,M,fa/fa,vehicle,2,double,15.111785637870664,8.372390458773827,-0.2564663103461064
1061,1061,20241028a,Adult,M,fa/fa,vehicle,3,single,5.027101750811164,2.221657487439896,-0.35464057097508
1062,1062,20241028a,Adult,M,fa/fa,vehicle,4,single,6.510499397136112,2.689145458272551,-0.384000008789259
1063,1063,20241028a,Adult,M,fa/fa,vehicle,5,double,23.361669548685143,22.860227368789747,-0.0094233309421285
1064,1064,20241028a,Adult,M,fa/fa,vehicle,6,single,5.277057230693492,1.8496270758358329,-0.4553076299861139
1065,1065,20241028a,Adult,M,fa/fa,vehicle,8,single,31.081976257976454,4.62688485648029,-0.8272199324824814
1066,1066,20241028a,Adult,M,fa/fa,vehicle,9,single,13.726862236082,2.976937092603803,-0.6638016176754156
1067,1067,20241028a,Adult,M,fa/fa,vehicle,10,single,33.956284807063334,28.188941017910675,-0.0808414066419918
1068,1068,20241028a,Adult,M,fa/fa,vehicle,11,single,100.6185346539421,41.065280986760335,-0.3892031894319212
1069,1069,20241028a,Adult,M,fa/fa,vehicle,12,single,27.700409690709524,19.08852823246644,-0.1617137477289996
1070,1070,20241028a,Adult,M,fa/fa,vehicle,13,single,99.52458572412404,40.96659700797524,-0.3855004887854933
1071,1071,20241029b,Adult,F,fa/+,empa,0,single,5.542961828692241,2.941750859875076,-0.2751359987869735
1072,1072,20241029b,Adult,F,fa/+,empa,1,double,23.5258714386022,15.220145915248333,-0.1891269033818323
1073,1073,20241029b,Adult,F,fa/+,empa,2,single,10.544960295436676,7.491500495664733,-0.1484761362561556
1074,1074,20241029b,Adult,F,fa/+,empa,3,single,12.54667353997934,7.16848709018474,-0.2431010904996318
1075,1075,20241029b,Adult,F,fa/+,empa,4,double,13.648959545005512,7.848796434425023,-0.2402964811229122
1076,1076,20241029b,Adult,F,fa/+,empa,5,double,21.583761802955845,10.494912533808566,-0.3131483160500818
1077,1077,20241029b,Adult,F,fa/+,empa,6,single,11.966810330208162,11.311870416121309,-0.0244439862749941
1078,1078,20241029b,Adult,F,fa/+,empa,7,single,14.866322621742144,15.206110429117713,0.009814586657693
1079,1079,20241029b,Adult,F,fa/+,empa,8,single,7.776332531794207,5.561986396401541,-0.1455449013057954
1080,1080,20241029b,Adult,F,fa/+,empa,9,single,27.43568812119745,29.035658253877063,0.0246158188540395
1081,1081,20241029b,Adult,F,fa/+,empa,11,double,9.18373282632065,6.12867245740606,-0.1756528293089897
1082,1082,20241029b,Adult,F,fa/+,empa,12,double,12.190952574844395,6.90324153504721,-0.2469845727537444
1083,1083,20241029b,Adult,F,fa/+,empa,13,single,14.201958943761966,9.884747249522594,-0.1573826838268662
1084,1084,20241029b,Adult,F,fa/+,empa,14,single,24.53341044472055,10.25151421992016,-0.3789699062144231
1085,1085,20241029b,Adult,F,fa/+,empa,15,single,8.774443045913353,5.400510003005052,-0.2107847845239842
1086,1086,20241029b,Adult,F,fa/+,empa,16,double,28.062388904727293,14.800226472255938,-0.2778562780403857
1087,1087,20241029b,Adult,F,fa/+,empa,17,single,27.90001241353917,18.4407530763622,-0.1798257438737569
1088,1088,20241029b,Adult,F,fa/+,empa,19,single,17.74906443162605,28.70510793840808,0.2087837183022698
1089,1089,20241029b,Adult,F,fa/+,empa,20,double,4.460924846150935,8.43853856567335,0.2768423328569196
1090,1090,20241029b,Adult,F,fa/+,empa,22,double,10.807324429187965,20.06343536209379,0.2686871082172155
1091,1091,20241029b,Adult,F,fa/+,empa,23,single,8.524421203149197,11.40351327692127,0.1263737718912495
1092,1092,20241029b,Adult,F,fa/+,empa,24,double,10.38099136986263,15.98186043310196,0.1873885037301901
1093,1093,20241029b,Adult,F,fa/+,vehicle,0,single,12.798788005607998,4.494140378532392,-0.4545222117571625
1094,1094,20241029b,Adult,F,fa/+,vehicle,2,single,16.77042271718494,13.564311293348249,-0.0921462615846491
1095,1095,20241029b,Adult,F,fa/+,vehicle,3,single,16.36631982682173,6.85228328459251,-0.3781157246964786
1096,1096,20241029b,Adult,F,fa/+,vehicle,4,double,12.201304779894382,15.572733319937583,0.1059585708264643
1097,1097,20241029b,Adult,F,fa/+,vehicle,5,double,34.01647180416045,27.2421650843651,-0.0964476461161998
1098,1098,20241029b,Adult,F,fa/+,vehicle,6,double,29.639879732735118,9.604835642499529,-0.4893864994760769
1099,1099,20241029b,Adult,F,fa/+,vehicle,7,single,29.79319420841373,17.196543731243413,-0.2386758991288409
1100,1100,20241029b,Adult,F,fa/+,vehicle,8,single,15.572096574873578,12.1444469603893,-0.1079693459752206
1101,1101,20241029b,Adult,F,fa/+,vehicle,9,single,64.12927021289991,42.70159888301615,-0.1766121610117612
1102,1102,20241029b,Adult,F,fa/+,vehicle,10,single,15.724964005041542,3.4066927449638222,-0.6642566943799296
1103,1103,20241029b,Adult,F,fa/+,vehicle,11,single,2.255550390401242,11.067902197327976,0.6908127788459277
1104,1104,20241029b,Adult,F,fa/+,vehicle,12,double,9.97724248437795,7.632152546958522,-0.1163634851253798
1105,1105,20241029b,Adult,F,fa/+,vehicle,13,single,10.489385387081926,6.8099982377464965,-0.1876030424478459
1106,1106,20241029b,Adult,F,fa/+,vehicle,14,single,33.88393907877012,23.23660581834488,-0.1638212014780597
1107,1107,20241029b,Adult,F,fa/+,vehicle,15,single,15.02902170067859,10.8351798716978,-0.142094586223495
1108,1108,20241029b,Adult,F,fa/+,vehicle,16,double,48.22361633418594,26.08243101729514,-0.2669117079775005
1109,1109,20241029b,Adult,F,fa/+,vehicle,17,single,41.04550423724103,28.45744866709562,-0.1590696341489625
1110,1110,20241029b,Adult,F,fa/+,vehicle,19,single,24.971078909435143,12.048672475633955,-0.3164981081187143
1111,1111,20241029b,Adult,F,fa/+,vehicle,20,double,11.297963824504688,16.476739356884075,0.1638710919025905
1112,1112,20241029b,Adult,F,fa/+,vehicle,21,single,9.816090464950596,2.7982957999046323,-0.5450449315700792
1113,1113,20241029b,Adult,F,fa/+,vehicle,22,double,43.27734968568797,29.88924357466074,-0.1607457324015888
1114,1114,20241029b,Adult,F,fa/+,vehicle,23,single,44.26311987237895,28.072853371867307,-0.1977554644859962
1115,1115,20241029b,Adult,F,fa/+,vehicle,24,single,22.111884428269207,17.441545638103612,-0.1030407870916865
1116,1116,20241029c,Adult,F,fa/+,empa,0,single,13.15872787112805,3.585384644248934,-0.5646781514739547
1117,1117,20241029c,Adult,F,fa/+,empa,1,single,11.554324920624762,13.232648886107112,0.0589022128940841
1118,1118,20241029c,Adult,F,fa/+,empa,2,single,10.720350124299989,2.3338882697167724,-0.6621289083336153
1119,1119,20241029c,Adult,F,fa/+,empa,3,single,3.867847047843734,6.429162745768922,0.2206851277086636
1120,1120,20241029c,Adult,F,fa/+,empa,4,single,4.136638953735495,4.15963772300597,0.002407890807047
1121,1121,20241029c,Adult,F,fa/+,empa,5,single,6.225612919523414,3.436956304531661,-0.2580081039134266
1122,1122,20241029c,Adult,F,fa/+,empa,7,single,5.994586201857053,5.017195246547923,-0.0772982075776615
1123,1123,20241029c,Adult,F,fa/+,empa,8,single,11.074478497181923,6.196858061921668,-0.2521517354133914
1124,1124,20241029c,Adult,F,fa/+,empa,9,single,12.756941667146323,4.401593389523583,-0.4621366488543336
1125,1125,20241029c,Adult,F,fa/+,empa,10,single,11.041189805045526,3.735180187672636,-0.4707043184187185
1126,1126,20241029c,Adult,F,fa/+,empa,11,single,8.226088441060377,2.0633822023147417,-0.600613694205538
1127,1127,20241029c,Adult,F,fa/+,empa,12,single,25.34990696851072,9.522742634996783,-0.4252143227644708
1128,1128,20241029c,Adult,F,fa/+,empa,13,single,12.42079844419968,6.069450101938345,-0.3110001690639898
1129,1129,20241029c,Adult,F,fa/+,empa,14,single,8.053234396543461,3.137551531618249,-0.4093794723376499
1130,1130,20241029c,Adult,F,fa/+,empa,15,single,10.718891330990449,3.761990360548439,-0.4547321896198663
1131,1131,20241029c,Adult,F,fa/+,empa,16,single,7.210380288672855,4.152485238466295,-0.239650073543561
1132,1132,20241029c,Adult,F,fa/+,empa,17,single,20.03392291804648,10.61787259943767,-0.2757284883905793
1133,1133,20241029c,Adult,F,fa/+,empa,19,single,8.792079599361688,10.145192722813306,0.0621686901766724
1134,1134,20241029c,Adult,F,fa/+,empa,20,single,8.243259913940888,6.482445973119869,-0.1043600876724949
1135,1135,20241029c,Adult,F,fa/+,empa,22,single,8.402999703211556,2.086371378367567,-0.605042731927662
1136,1136,20241029c,Adult,F,fa/+,vehicle,0,single,13.832841009353364,8.006858110094614,-0.2374492528908156
1137,1137,20241029c,Adult,F,fa/+,vehicle,1,single,10.642107481249134,11.66412828185189,0.0398246465418796
1138,1138,20241029c,Adult,F,fa/+,vehicle,2,single,10.091556028965844,7.618416429681898,-0.1220934278687414
1139,1139,20241029c,Adult,F,fa/+,vehicle,3,single,10.748913516565588,7.318409285673395,-0.1669478746959813
1140,1140,20241029c,Adult,F,fa/+,vehicle,4,single,21.95828987046749,13.594392385119432,-0.2082387127527039
1141,1141,20241029c,Adult,F,fa/+,vehicle,5,single,21.4763636143304,21.3819974834742,-0.0019124742564879
1142,1142,20241029c,Adult,F,fa/+,vehicle,6,single,28.497260404286035,11.011536535014711,-0.4129551868699068
1143,1143,20241029c,Adult,F,fa/+,vehicle,7,single,10.400046329124208,6.491280647639689,-0.2047048878899644
1144,1144,20241029c,Adult,F,fa/+,vehicle,8,single,12.40957477981377,14.355691916443234,0.0632672290471993
1145,1145,20241029c,Adult,F,fa/+,vehicle,9,single,19.43781714993862,11.988739334001089,-0.2098739748120246
1146,1146,20241029c,Adult,F,fa/+,vehicle,10,single,31.07774102730416,20.10183510823016,-0.1892137371382865
1147,1147,20241029c,Adult,F,fa/+,vehicle,11,single,10.54995048269026,8.445846320684675,-0.096607246425896
1148,1148,20241029c,Adult,F,fa/+,vehicle,12,single,31.41689514585168,33.42867517354163,0.0269559026451922
1149,1149,20241029c,Adult,F,fa/+,vehicle,13,single,22.54531797860201,22.947774364816432,0.0076842060440247
1150,1150,20241029c,Adult,F,fa/+,vehicle,14,single,19.01684129854649,21.450628428993326,0.052301637844448
1151,1151,20241029c,Adult,F,fa/+,vehicle,15,single,21.029111346776865,17.468188040676946,-0.0805730622078828
1152,1152,20241029c,Adult,F,fa/+,vehicle,16,single,22.25313102317769,12.212019482418189,-0.2606036365209727
1153,1153,20241029c,Adult,F,fa/+,vehicle,17,single,26.791305072772875,28.827111834591083,0.0318072632340882
1154,1154,20241029c,Adult,F,fa/+,vehicle,18,single,12.532402019222458,8.023942873979886,-0.1936464898112239
1155,1155,20241029c,Adult,F,fa/+,vehicle,19,single,17.767659545385023,13.518875355442006,-0.1186896600449671
1156,1156,20241029c,Adult,F,fa/+,vehicle,20,single,5.744049200147781,4.285948750771889,-0.1271711775003261
1157,1157,20241029c,Adult,F,fa/+,vehicle,21,single,10.336850010263172,2.582690203423793,-0.602315899431492
1158,1158,20241030a,Adult,F,fa/fa,empa,0,single,14.059719571940684,6.060677423327885,-0.3654554890440155
1159,1159,20241030a,Adult,F,fa/fa,empa,1,single,14.416612567750969,7.531060073036653,-0.2820071155231314
1160,1160,20241030a,Adult,F,fa/fa,empa,3,single,17.212967025885995,9.15353798566086,-0.2742667486669512
1161,1161,20241030a,Adult,F,fa/fa,empa,4,single,19.76650761387361,20.09836299294577,0.0072307416018897
1162,1162,20241030a,Adult,F,fa/fa,empa,5,single,39.00191321470753,19.85925265489321,-0.2931230105364768
1163,1163,20241030a,Adult,F,fa/fa,empa,6,single,29.80293600538876,46.31601734546405,0.1914721576479638
1164,1164,20241030a,Adult,F,fa/fa,empa,7,single,36.42516962200936,40.36999214906047,0.044657082114218
1165,1165,20241030a,Adult,F,fa/fa,empa,8,single,39.75968968644804,46.014078438267816,0.0634477422891535
1166,1166,20241030a,Adult,F,fa/fa,empa,9,single,28.96577822614485,32.84813982702433,0.0546255795024386
1167,1167,20241030a,Adult,F,fa/fa,empa,10,single,39.22172628006589,23.51393965886814,-0.222201305130038
1168,1168,20241030a,Adult,F,fa/fa,empa,14,single,53.69903176072015,47.72358005378388,-0.0512334396180336
1169,1169,20241030a,Adult,F,fa/fa,empa,15,single,152.1890930897642,153.52274387665298,0.003789194802132
1170,1170,20241030a,Adult,F,fa/fa,empa,16,single,133.35019070220469,108.48577921423772,-0.0896208283906956
1171,1171,20241030a,Adult,F,fa/fa,empa,17,single,158.61655156892914,120.49883556997987,-0.1193656536244085
1172,1172,20241030a,Adult,F,fa/fa,empa,18,single,40.35470637694618,24.39792296393362,-0.2185413360106476
1173,1173,20241030a,Adult,F,fa/fa,empa,19,single,13.46242075139192,14.802178403411627,0.0412024744713848
1174,1174,20241030a,Adult,F,fa/fa,vehicle,1,single,10.180425310781306,6.52880096346144,-0.1929324930976932
1175,1175,20241030a,Adult,F,fa/fa,vehicle,7,single,18.58992891990206,43.71818265522301,0.3713843710157434
1176,1176,20241030a,Adult,F,fa/fa,vehicle,8,single,40.69319615509467,91.20519372585451,0.3504977682802068
1177,1177,20241030a,Adult,F,fa/fa,vehicle,9,single,13.468503984174738,39.29657831089831,0.4650353774117828
1178,1178,20241030a,Adult,F,fa/fa,vehicle,14,single,30.461951178200867,32.10736990876985,0.0228470138353713
1179,1179,20241030a,Adult,F,fa/fa,vehicle,15,single,31.07257796659422,58.50079235055256,0.2747844619108956
1180,1180,20241030a,Adult,F,fa/fa,vehicle,16,single,48.16156737146206,36.05649803926895,-0.1257170682681636
1181,1181,20241030b,Adult,F,fa/fa,empa,1,single,26.2982214972427,16.567284365587394,-0.2006750522426079
1182,1182,20241030b,Adult,F,fa/fa,empa,2,single,8.374821088734972,6.752049044082378,-0.0935399498129766
1183,1183,20241030b,Adult,F,fa/fa,empa,4,single,5.663133084443738,5.575946563103246,-0.0067381646660694
1184,1184,20241030b,Adult,F,fa/fa,empa,7,double,4.99663459551681,2.87083991107899,-0.2406686153322769
1185,1185,20241030b,Adult,F,fa/fa,empa,11,single,23.786136074485704,23.902418074741785,0.0021179392851358
1186,1186,20241030b,Adult,F,fa/fa,empa,12,single,5.263543370368582,4.580180393144984,-0.0603956224822551
1187,1187,20241030b,Adult,F,fa/fa,empa,14,double,8.875300521697456,9.485558707274084,0.0288798488991407
1188,1188,20241030b,Adult,F,fa/fa,vehicle,2,single,3.097068413357269,7.088205122107581,0.359585477992942
1189,1189,20241030b,Adult,F,fa/fa,vehicle,6,single,2.124041826536732,6.527596506042371,0.4875902366876643
1190,1190,20241030b,Adult,F,fa/fa,vehicle,8,single,19.46653207824912,18.60565456921878,-0.0196436361356129
1191,1191,20241030b,Adult,F,fa/fa,vehicle,10,single,28.88324928494399,59.71960739321118,0.3154708953738447
1192,1192,20241030b,Adult,F,fa/fa,vehicle,11,single,11.009296348137584,23.775285868689263,0.3343661852845365
1193,1193,20241030b,Adult,F,fa/fa,vehicle,13,single,3.7052519613486288,4.333175616925729,0.0679885448383467
1194,1194,20241030b,Adult,F,fa/fa,vehicle,14,single,5.997509360733114,15.811463917938545,0.4210011468463464
