,Unnamed: 0.1,Unnamed: 0,rat,age,sex,gtyp,recording,vessel_idx,baseline,baseline_log
0,0,0,20240813a,Young,M,fa/fa,empa,0,1.519564913210503,0.1817192571286765
1,1,1,20240813a,Young,M,fa/fa,empa,1,0.8291370118260561,-0.081373697961939
2,2,2,20240813a,Young,M,fa/fa,empa,2,1.048169565372076,0.0204315453848371
3,3,3,20240813a,Young,M,fa/fa,empa,3,0.8364257297190433,-0.0775726160945249
4,4,4,20240813a,Young,M,fa/fa,empa,4,0.9968250105076004,-0.0013810740264228
5,5,5,20240813a,Young,M,fa/fa,empa,5,1.5132533535305193,0.1799116450284592
6,6,6,20240813a,Young,M,fa/fa,empa,6,0.7881986693251638,-0.1033643026665923
7,7,7,20240813a,Young,M,fa/fa,empa,7,0.4079516701730581,-0.3893912845091482
8,8,8,20240813a,Young,M,fa/fa,empa,8,0.8670672051325246,-0.0619472396782676
9,9,9,20240813a,Young,M,fa/fa,empa,10,0.4071824796760556,-0.3902109171735279
10,10,10,20240813a,Young,M,fa/fa,empa,11,0.910453043847314,-0.0407424478085097
11,11,11,20240813a,Young,M,fa/fa,empa,12,1.4892780530432426,0.172975789510942
12,12,12,20240813a,Young,M,fa/fa,empa,13,1.5323124394524277,0.1853473272387953
13,13,13,20240813a,Young,M,fa/fa,empa,14,1.5911273960828058,0.2017049534999956
14,14,14,20240813a,Young,M,fa/fa,empa,15,1.7562767130325927,0.2445929429342348
15,15,15,20240813a,Young,M,fa/fa,vehicle,0,0.6480925754608523,-0.1883629537896387
16,16,16,20240813a,Young,M,fa/fa,vehicle,1,0.5951856989414052,-0.2253475125183766
17,17,17,20240813a,Young,M,fa/fa,vehicle,2,1.689480150891239,0.2277530937675921
18,18,18,20240813a,Young,M,fa/fa,vehicle,3,0.9972839053551732,-0.0011811897553006
19,19,19,20240813a,Young,M,fa/fa,vehicle,4,0.4798769177397362,-0.3188701392931456
20,20,20,20240813a,Young,M,fa/fa,vehicle,5,0.9350195410374992,-0.0291793126824818
21,21,21,20240813a,Young,M,fa/fa,vehicle,6,0.1618237050846382,-0.7909578595261371
22,22,22,20240813a,Young,M,fa/fa,vehicle,7,1.2643214736622594,0.1018575142046982
23,23,23,20240813a,Young,M,fa/fa,vehicle,8,0.848313637498785,-0.0714435512196465
24,24,24,20240813a,Young,M,fa/fa,vehicle,9,0.3968400351467793,-0.4013845205746776
25,25,25,20240813a,Young,M,fa/fa,vehicle,10,0.3983800888792645,-0.3997023758355803
26,26,26,20240813a,Young,M,fa/fa,vehicle,11,0.5905960122355967,-0.2287094897615979
27,27,27,20240813a,Young,M,fa/fa,vehicle,12,1.6484623296543788,0.2170790271781943
28,28,28,20240813a,Young,M,fa/fa,vehicle,13,1.203873112649765,0.0805807150114904
29,29,29,20240813a,Young,M,fa/fa,vehicle,14,1.3204176187027212,0.1207113106100464
30,30,30,20240814a,Young,M,fa/fa,empa,0,4.405642821619514,0.6440092847149823
31,31,31,20240814a,Young,M,fa/fa,empa,1,3.102158873082425,0.4916640358812533
32,32,32,20240814a,Young,M,fa/fa,empa,2,3.994818058464572,0.6014970044249263
33,33,33,20240814a,Young,M,fa/fa,empa,3,1.687993257238931,0.2273707074852679
34,34,34,20240814a,Young,M,fa/fa,empa,4,4.036873702170734,0.6060451622643286
35,35,35,20240814a,Young,M,fa/fa,empa,5,2.3964519705197,0.3795687293230964
36,36,36,20240814a,Young,M,fa/fa,empa,6,4.018323617896202,0.6040449099649832
37,37,37,20240814a,Young,M,fa/fa,empa,7,2.000189276736568,0.3010710946403638
38,38,38,20240814a,Young,M,fa/fa,empa,8,2.2331929269974458,0.3489262436764913
39,39,39,20240814a,Young,M,fa/fa,empa,9,1.75200804697657,0.2435360965520931
40,40,40,20240814a,Young,M,fa/fa,empa,10,1.822054400276116,0.2605613393697105
41,41,41,20240814a,Young,M,fa/fa,empa,11,2.450026372935352,0.38917075928643
42,42,42,20240814a,Young,M,fa/fa,empa,12,0.5136643404176462,-0.2893205828008552
43,43,43,20240814a,Young,M,fa/fa,empa,13,3.034460454615669,0.4820814820953578
44,44,44,20240814a,Young,M,fa/fa,empa,14,3.6051736124270697,0.5569261836472826
45,45,45,20240814a,Young,M,fa/fa,empa,15,1.3492389620441678,0.1300888738427413
46,46,46,20240814a,Young,M,fa/fa,empa,16,0.7577746093354809,-0.1204599506712539
47,47,47,20240814a,Young,M,fa/fa,empa,17,2.656933036428546,0.4243806088792092
48,48,48,20240814a,Young,M,fa/fa,empa,18,1.488490056733306,0.1727459378606202
49,49,49,20240814a,Young,M,fa/fa,empa,19,0.9247478879690596,-0.0339766518962454
50,50,50,20240814a,Young,M,fa/fa,empa,20,4.152950908291348,0.6183567973790361
51,51,51,20240814a,Young,M,fa/fa,vehicle,0,4.230788495894199,0.6264213147753968
52,52,52,20240814a,Young,M,fa/fa,vehicle,2,1.6948458125694177,0.2291301946947744
53,53,53,20240814a,Young,M,fa/fa,vehicle,3,7.948929399629478,0.9003086397076541
54,54,54,20240814a,Young,M,fa/fa,vehicle,4,4.902984540978179,0.690460523925669
55,55,55,20240814a,Young,M,fa/fa,vehicle,5,2.946609744967556,0.4693226208074614
56,56,56,20240814a,Young,M,fa/fa,vehicle,6,5.650844628893532,0.7521133664481686
57,57,57,20240814a,Young,M,fa/fa,vehicle,8,0.3998131940471224,-0.3981428780335346
58,58,58,20240814a,Young,M,fa/fa,vehicle,10,2.559276491229724,0.408117207391206
59,59,59,20240814a,Young,M,fa/fa,vehicle,12,0.6388670681203776,-0.1945894980037352
60,60,60,20240814a,Young,M,fa/fa,vehicle,13,5.223800879795564,0.7179866141984576
61,61,61,20240814a,Young,M,fa/fa,vehicle,14,1.8055099767305955,0.2565998925562954
62,62,62,20240814a,Young,M,fa/fa,vehicle,15,1.8022583623335744,0.2558170492916755
63,63,63,20240814a,Young,M,fa/fa,vehicle,16,1.8672508642776977,0.2712026691288112
64,64,64,20240814a,Young,M,fa/fa,vehicle,17,2.4703154895083945,0.3927524215199707
65,65,65,20240814a,Young,M,fa/fa,vehicle,18,7.786580222626493,0.8913467623536578
66,66,66,20240814a,Young,M,fa/fa,vehicle,19,0.8578209908267135,-0.0666033308077466
67,67,67,20240815a,Young,F,fa/+,empa,0,11.173238607565615,1.0481790733424607
68,68,68,20240815a,Young,F,fa/+,empa,1,20.270342241133186,1.3068610813116994
69,69,69,20240815a,Young,F,fa/+,empa,2,16.38707276221019,1.214501382078259
70,70,70,20240815a,Young,F,fa/+,empa,3,1.5525349216227493,0.1910413776714765
71,71,71,20240815a,Young,F,fa/+,empa,4,4.871255356277696,0.6876408963374299
72,72,72,20240815a,Young,F,fa/+,empa,5,5.999353279474084,0.778104436668026
73,73,73,20240815a,Young,F,fa/+,empa,6,17.5711039335238,1.2447990476180553
74,74,74,20240815a,Young,F,fa/+,empa,7,6.832107292019438,0.8345546779336003
75,75,75,20240815a,Young,F,fa/+,empa,8,3.306375510992109,0.5193521756391307
76,76,76,20240815a,Young,F,fa/+,empa,9,1.4653071031672562,0.165928654883693
77,77,77,20240815a,Young,F,fa/+,empa,10,17.19437846063856,1.235386481641393
78,78,78,20240815a,Young,F,fa/+,empa,11,9.2880313348913,0.9679236719057356
79,79,79,20240815a,Young,F,fa/+,empa,12,3.715444980637312,0.5700108345333144
80,80,80,20240815a,Young,F,fa/+,empa,13,9.094072853860814,0.9587584290754892
81,81,81,20240815a,Young,F,fa/+,empa,14,8.007422740787165,0.9034927570877572
82,82,82,20240815a,Young,F,fa/+,empa,15,5.229568510898028,0.7184658569233658
83,83,83,20240815a,Young,F,fa/+,empa,16,5.095410594003029,0.7071791856977078
84,84,84,20240815a,Young,F,fa/+,empa,17,1.4851566994126757,0.17177227863635
85,85,85,20240815a,Young,F,fa/+,empa,18,5.0831031559380815,0.7061289233167303
86,86,86,20240815a,Young,F,fa/+,empa,19,19.7378599827217,1.2953000638312433
87,87,87,20240815a,Young,F,fa/+,empa,20,6.051963412758719,0.7818962938248724
88,88,88,20240815a,Young,F,fa/+,empa,21,10.985816773742936,1.040832351392425
89,89,89,20240815a,Young,F,fa/+,empa,22,5.834730761394679,0.766020820700437
90,90,90,20240815a,Young,F,fa/+,empa,23,1.5741464324118462,0.1970451294401003
91,91,91,20240815a,Young,F,fa/+,empa,24,4.432699518353464,0.6466682925571836
92,92,92,20240815a,Young,F,fa/+,empa,26,1.103065199462561,0.0426011832742425
93,93,93,20240815a,Young,F,fa/+,empa,27,17.600518305056095,1.2455254572295709
94,94,94,20240815a,Young,F,fa/+,empa,28,6.071314605307688,0.7832827378653788
95,95,95,20240815a,Young,F,fa/+,vehicle,0,58.458423985265,1.766847102781099
96,96,96,20240815a,Young,F,fa/+,vehicle,1,11.160500361212767,1.0476836658598367
97,97,97,20240815a,Young,F,fa/+,vehicle,4,5.870576670191294,0.7686807643448701
98,98,98,20240815a,Young,F,fa/+,vehicle,5,4.644905767698711,0.6669769077842166
99,99,99,20240815a,Young,F,fa/+,vehicle,6,34.7728060287313,1.5412397379545528
100,100,100,20240815a,Young,F,fa/+,vehicle,7,9.741200187434655,0.9886124684462568
101,101,101,20240815a,Young,F,fa/+,vehicle,8,16.031275407602358,1.204968075095864
102,102,102,20240815a,Young,F,fa/+,vehicle,9,3.643793057565359,0.5615537040557631
103,103,103,20240815a,Young,F,fa/+,vehicle,10,36.08055592888231,1.5572732205269406
104,104,104,20240815a,Young,F,fa/+,vehicle,11,17.994160980152078,1.25513160146489
105,105,105,20240815a,Young,F,fa/+,vehicle,13,15.122893415295952,1.1796348913026953
106,106,106,20240815a,Young,F,fa/+,vehicle,14,8.506535547069635,0.929752721173154
107,107,107,20240815a,Young,F,fa/+,vehicle,15,21.23130320108305,1.3269766524641051
108,108,108,20240815a,Young,F,fa/+,vehicle,16,8.590536234837472,0.9340202740247556
109,109,109,20240815a,Young,F,fa/+,vehicle,17,3.029038715394812,0.4813048242654666
110,110,110,20240815a,Young,F,fa/+,vehicle,18,11.595853731551372,1.0643027285887243
111,111,111,20240815a,Young,F,fa/+,vehicle,19,22.711163973330496,1.356239392882896
112,112,112,20240815a,Young,F,fa/+,vehicle,20,5.678101225878907,0.7542031306077267
113,113,113,20240815a,Young,F,fa/+,vehicle,21,15.922231012233471,1.202003920714272
114,114,114,20240815a,Young,F,fa/+,vehicle,22,1.3754085780592502,0.1384317285941821
115,115,115,20240815a,Young,F,fa/+,vehicle,23,8.537521445267975,0.9313318075885462
116,116,116,20240815a,Young,F,fa/+,vehicle,24,5.5371962356683655,0.7432899149798321
117,117,117,20240815a,Young,F,fa/+,vehicle,26,2.742496294382664,0.4381460494353547
118,118,118,20240815a,Young,F,fa/+,vehicle,27,9.916144926676074,0.9963428654531608
119,119,119,20240815a,Young,F,fa/+,vehicle,28,7.95824095833343,0.90081708450757
120,120,120,20240815b,Young,F,fa/fa,empa,0,36.1532563748336,1.558147420909351
121,121,121,20240815b,Young,F,fa/fa,empa,1,47.2339148388267,1.6742539422406928
122,122,122,20240815b,Young,F,fa/fa,empa,2,21.064610248803497,1.3235534279366434
123,123,123,20240815b,Young,F,fa/fa,empa,4,21.54157066262396,1.3332773658719814
124,124,124,20240815b,Young,F,fa/fa,empa,5,30.458608540269925,1.4837100593058106
125,125,125,20240815b,Young,F,fa/fa,empa,6,36.78955931625037,1.5657245856656747
126,126,126,20240815b,Young,F,fa/fa,empa,7,20.28891979944085,1.307258925415293
127,127,127,20240815b,Young,F,fa/fa,empa,8,25.02685189593596,1.3984062235511108
128,128,128,20240815b,Young,F,fa/fa,empa,12,22.215758546095785,1.3466611466004976
129,129,129,20240815b,Young,F,fa/fa,empa,13,41.95757390671197,1.6228103682396082
130,130,130,20240815b,Young,F,fa/fa,empa,14,50.47411047184701,1.7030686739143903
131,131,131,20240815b,Young,F,fa/fa,empa,15,21.97178533674398,1.3418653473344402
132,132,132,20240815b,Young,F,fa/fa,empa,16,35.288873827535575,1.5476377989581258
133,133,133,20240815b,Young,F,fa/fa,empa,17,55.34163817872289,1.7430520106316354
134,134,134,20240815b,Young,F,fa/fa,empa,18,18.72812679484532,1.2724943409980107
135,135,135,20240815b,Young,F,fa/fa,empa,19,70.18286911310486,1.8462311184322464
136,136,136,20240815b,Young,F,fa/fa,empa,20,52.48023774242588,1.719995793783568
137,137,137,20240815b,Young,F,fa/fa,empa,21,41.97901728762192,1.6230322677013955
138,138,138,20240815b,Young,F,fa/fa,empa,22,15.67100805171168,1.19509693375097
139,139,139,20240815b,Young,F,fa/fa,empa,23,57.581384583183485,1.7602821035710097
140,140,140,20240815b,Young,F,fa/fa,empa,24,23.709927488352665,1.3749302257851697
141,141,141,20240815b,Young,F,fa/fa,vehicle,0,64.14646133986366,1.8071727033772085
142,142,142,20240815b,Young,F,fa/fa,vehicle,1,42.95584473508082,1.6330222639413736
143,143,143,20240815b,Young,F,fa/fa,vehicle,2,43.35514809830509,1.637040674083031
144,144,144,20240815b,Young,F,fa/fa,vehicle,4,39.08623831482019,1.5920238756579597
145,145,145,20240815b,Young,F,fa/fa,vehicle,5,57.331059996636974,1.7583899715397988
146,146,146,20240815b,Young,F,fa/fa,vehicle,6,70.94648191255962,1.8509308645737053
147,147,147,20240815b,Young,F,fa/fa,vehicle,7,102.06591348844027,2.008880726851386
148,148,148,20240815b,Young,F,fa/fa,vehicle,8,48.75464558426345,1.6880160037368452
149,149,149,20240815b,Young,F,fa/fa,vehicle,9,52.50978604683676,1.7202402487409232
150,150,150,20240815b,Young,F,fa/fa,vehicle,10,101.20843817225987,2.0052167229669906
151,151,151,20240815b,Young,F,fa/fa,vehicle,11,84.92121115841995,1.9290161795079448
152,152,152,20240815b,Young,F,fa/fa,vehicle,12,34.6418817047494,1.539601474332428
153,153,153,20240815b,Young,F,fa/fa,vehicle,13,23.941221497911872,1.3791463046447263
154,154,154,20240815b,Young,F,fa/fa,vehicle,14,14.803769143788909,1.1703723039048135
155,155,155,20240815b,Young,F,fa/fa,vehicle,15,27.94680473643689,1.4463321605351322
156,156,156,20240815b,Young,F,fa/fa,vehicle,16,82.78945016581154,1.9179749982983445
157,157,157,20240815b,Young,F,fa/fa,vehicle,17,72.5185732687681,1.860449251192964
158,158,158,20240815b,Young,F,fa/fa,vehicle,18,59.4401852276168,1.7740801541039075
159,159,159,20240815b,Young,F,fa/fa,vehicle,19,43.78276926480139,1.641303227272723
160,160,160,20240815b,Young,F,fa/fa,vehicle,20,94.73733748823692,1.976521175088844
161,161,161,20240815b,Young,F,fa/fa,vehicle,21,28.352605851545093,1.4525929805106974
162,162,162,20240815b,Young,F,fa/fa,vehicle,22,77.79317421363662,1.890941492472969
163,163,163,20240815b,Young,F,fa/fa,vehicle,23,28.62939114550759,1.4568121120817448
164,164,164,20240815b,Young,F,fa/fa,vehicle,24,4.957947682915073,0.6953019397086944
165,165,165,20240815b,Young,F,fa/fa,vehicle,25,35.26471129917525,1.547340332766234
166,166,166,20240815b,Young,F,fa/fa,vehicle,26,159.04787235747506,2.2015278637634794
167,167,167,20240816a,Young,F,fa/fa,empa,0,7.750649649143698,0.8893381060177543
168,168,168,20240816a,Young,F,fa/fa,empa,1,4.649037784428884,0.667363075867381
169,169,169,20240816a,Young,F,fa/fa,empa,3,8.116246677711546,0.9093552381075996
170,170,170,20240816a,Young,F,fa/fa,empa,5,19.56335579732292,1.2914433534809675
171,171,171,20240816a,Young,F,fa/fa,empa,6,13.331763193629689,1.1248875908710845
172,172,172,20240816a,Young,F,fa/fa,empa,7,9.011235999357837,0.954784363774359
173,173,173,20240816a,Young,F,fa/fa,empa,8,9.645829494748178,0.9843395808136816
174,174,174,20240816a,Young,F,fa/fa,empa,10,14.744899643913795,1.168641821021911
175,175,175,20240816a,Young,F,fa/fa,empa,11,9.96330188018811,0.9984032892976408
176,176,176,20240816a,Young,F,fa/fa,empa,13,19.31635461433897,1.2859251696852854
177,177,177,20240816a,Young,F,fa/fa,empa,17,4.395422994179022,0.6430006758143755
178,178,178,20240816a,Young,F,fa/fa,empa,18,27.84662174087341,1.4447725155496416
179,179,179,20240816a,Young,F,fa/fa,empa,21,33.04287028282978,1.5190777654598444
180,180,180,20240816a,Young,F,fa/fa,empa,24,2.1135113049310807,0.325004575162935
181,181,181,20240816a,Young,F,fa/fa,empa,26,43.82001685970887,1.6416725403190982
182,182,182,20240816a,Young,F,fa/fa,empa,27,29.601988540287014,1.4713208861625224
183,183,183,20240816a,Young,F,fa/fa,empa,28,15.763756393369738,1.1976597148365022
184,184,184,20240816a,Young,F,fa/fa,empa,30,19.5276861573658,1.290650786625258
185,185,185,20240816a,Young,F,fa/fa,vehicle,0,12.390012954848585,1.0930717604693898
186,186,186,20240816a,Young,F,fa/fa,vehicle,1,3.897011136546445,0.5907316468842371
187,187,187,20240816a,Young,F,fa/fa,vehicle,3,1.6121337770637527,0.2074010773139689
188,188,188,20240816a,Young,F,fa/fa,vehicle,4,6.455896993648054,0.8099565924316205
189,189,189,20240816a,Young,F,fa/fa,vehicle,5,34.96974305024451,1.543692441223431
190,190,190,20240816a,Young,F,fa/fa,vehicle,6,17.790223182384793,1.2501813964408777
191,191,191,20240816a,Young,F,fa/fa,vehicle,8,17.585469724730547,1.2451539732292458
192,192,192,20240816a,Young,F,fa/fa,vehicle,9,13.321624192774223,1.124557177909152
193,193,193,20240816a,Young,F,fa/fa,vehicle,10,8.530308519939446,0.93096473879756
194,194,194,20240816a,Young,F,fa/fa,vehicle,11,4.623560987895027,0.6649765906403913
195,195,195,20240816a,Young,F,fa/fa,vehicle,12,26.985617338809035,1.4311323576901531
196,196,196,20240816a,Young,F,fa/fa,vehicle,13,14.173294233608594,1.1514708030494152
197,197,197,20240816a,Young,F,fa/fa,vehicle,14,29.620674082420727,1.4715949376066806
198,198,198,20240816a,Young,F,fa/fa,vehicle,15,24.384943522493646,1.387121754067517
199,199,199,20240816a,Young,F,fa/fa,vehicle,16,26.326065041359783,1.420385949932707
200,200,200,20240816a,Young,F,fa/fa,vehicle,17,5.834500984556517,0.7660037174643254
201,201,201,20240816a,Young,F,fa/fa,vehicle,18,32.96760945520153,1.5180874567562934
202,202,202,20240816a,Young,F,fa/fa,vehicle,20,10.866852934208335,1.036103789606454
203,203,203,20240816a,Young,F,fa/fa,vehicle,21,7.637249047092211,0.8829369529718984
204,204,204,20240816a,Young,F,fa/fa,vehicle,23,6.078370828183696,0.7837871919139141
205,205,205,20240816a,Young,F,fa/fa,vehicle,24,2.855341285211004,0.4556580248150129
206,206,206,20240816a,Young,F,fa/fa,vehicle,25,3.110742262938842,0.4928640296170966
207,207,207,20240816a,Young,F,fa/fa,vehicle,26,46.75810361982119,1.66985688905635
208,208,208,20240816a,Young,F,fa/fa,vehicle,27,33.75139387681783,1.5282917131821614
209,209,209,20240816a,Young,F,fa/fa,vehicle,28,31.54815381384441,1.4989739495731909
210,210,210,20240816a,Young,F,fa/fa,vehicle,32,68.8559344303481,1.8379413763908627
211,211,211,20240816b,Young,F,fa/+,empa,0,1.1718571544773282,0.0688746758431968
212,212,212,20240816b,Young,F,fa/+,empa,1,10.514003148088202,1.0217681027182757
213,213,213,20240816b,Young,F,fa/+,empa,2,21.25018961206268,1.327362809544219
214,214,214,20240816b,Young,F,fa/+,empa,3,4.5035645396894814,0.6535563909123873
215,215,215,20240816b,Young,F,fa/+,empa,4,4.229188508565615,0.6262570434834446
216,216,216,20240816b,Young,F,fa/+,empa,5,2.6513589052170934,0.4234685206433186
217,217,217,20240816b,Young,F,fa/+,empa,6,2.5388425315710164,0.4046357651547123
218,218,218,20240816b,Young,F,fa/+,empa,7,7.720391816002607,0.8876393416841576
219,219,219,20240816b,Young,F,fa/+,empa,8,6.492605130435259,0.8124189905998787
220,220,220,20240816b,Young,F,fa/+,empa,9,4.690576322030891,0.6712262069156478
221,221,221,20240816b,Young,F,fa/+,empa,10,8.992007881480639,0.953856678883577
222,222,222,20240816b,Young,F,fa/+,empa,11,4.282719375262738,0.631719618228539
223,223,223,20240816b,Young,F,fa/+,empa,12,14.417593391257933,1.1588927732736138
224,224,224,20240816b,Young,F,fa/+,empa,13,9.306103074674136,0.9687678584824724
225,225,225,20240816b,Young,F,fa/+,empa,14,8.103674268255222,0.9086819759921052
226,226,226,20240816b,Young,F,fa/+,empa,15,4.033763624564219,0.6057104453008528
227,227,227,20240816b,Young,F,fa/+,empa,16,9.518116845605412,0.9785510319494152
228,228,228,20240816b,Young,F,fa/+,empa,17,20.148268801277933,1.3042377362164963
229,229,229,20240816b,Young,F,fa/+,empa,18,0.9327282187840908,-0.0302448838816946
230,230,230,20240816b,Young,F,fa/+,empa,20,30.291454893512643,1.4813201329251362
231,231,231,20240816b,Young,F,fa/+,empa,21,10.512275996856834,1.021696754645161
232,232,232,20240816b,Young,F,fa/+,empa,22,11.544113196137262,1.0623605765934734
233,233,233,20240816b,Young,F,fa/+,empa,23,12.742630602601087,1.1052590934829003
234,234,234,20240816b,Young,F,fa/+,empa,24,6.953750320652546,0.8422190929751476
235,235,235,20240816b,Young,F,fa/+,empa,25,5.822233463567783,0.765089616064377
236,236,236,20240816b,Young,F,fa/+,empa,26,3.9186743612429167,0.5931391754476848
237,237,237,20240816b,Young,F,fa/+,empa,27,3.617673998787617,0.5584294284976485
238,238,238,20240816b,Young,F,fa/+,empa,28,9.447083330094484,0.9752977461639336
239,239,239,20240816b,Young,F,fa/+,empa,29,2.8001199047371155,0.4471766287889086
240,240,240,20240816b,Young,F,fa/+,vehicle,0,10.231377989009268,1.009934129579259
241,241,241,20240816b,Young,F,fa/+,vehicle,1,22.721522448863805,1.356437427786718
242,242,242,20240816b,Young,F,fa/+,vehicle,2,57.49256928265368,1.7596117172447927
243,243,243,20240816b,Young,F,fa/+,vehicle,3,18.60405642318146,1.2696076479884362
244,244,244,20240816b,Young,F,fa/+,vehicle,4,14.556934442323488,1.163069926147443
245,245,245,20240816b,Young,F,fa/+,vehicle,5,24.88123742379577,1.3958719754143836
246,246,246,20240816b,Young,F,fa/+,vehicle,6,22.29154847067663,1.348140237565592
247,247,247,20240816b,Young,F,fa/+,vehicle,7,50.27287906386657,1.7013337574330942
248,248,248,20240816b,Young,F,fa/+,vehicle,8,16.44269843002361,1.2159730916165488
249,249,249,20240816b,Young,F,fa/+,vehicle,9,27.13705567464964,1.4335627256516947
250,250,250,20240816b,Young,F,fa/+,vehicle,10,24.289484470646787,1.385418297269959
251,251,251,20240816b,Young,F,fa/+,vehicle,11,26.254610319809068,1.4192055767189602
252,252,252,20240816b,Young,F,fa/+,vehicle,12,40.89478034106474,1.6116678797986803
253,253,253,20240816b,Young,F,fa/+,vehicle,13,48.976683465936254,1.6899893728423967
254,254,254,20240816b,Young,F,fa/+,vehicle,14,7.393057086224453,0.8688240596584337
255,255,255,20240816b,Young,F,fa/+,vehicle,15,15.153566448216278,1.1805148576896545
256,256,256,20240816b,Young,F,fa/+,vehicle,16,7.79742682678773,0.89195130790864
257,257,257,20240816b,Young,F,fa/+,vehicle,17,36.11542294511528,1.5576927052174696
258,258,258,20240816b,Young,F,fa/+,vehicle,18,9.889779434974288,0.9951866059306748
259,259,259,20240816b,Young,F,fa/+,vehicle,19,25.8735415232634,1.4128558782233978
260,260,260,20240816b,Young,F,fa/+,vehicle,20,43.88789496670066,1.6423447509003353
261,261,261,20240816b,Young,F,fa/+,vehicle,21,14.274171152023596,1.1545508997863148
262,262,262,20240816b,Young,F,fa/+,vehicle,22,25.14887143081228,1.4005185006298004
263,263,263,20240816b,Young,F,fa/+,vehicle,23,58.030336033450425,1.76365508541979
264,264,264,20240816b,Young,F,fa/+,vehicle,24,4.311457047143634,0.6346240638029007
265,265,265,20240816b,Young,F,fa/+,vehicle,25,14.244547003244575,1.1536486426159045
266,266,266,20240816b,Young,F,fa/+,vehicle,26,4.778829044387987,0.6793214945494743
267,267,267,20240816b,Young,F,fa/+,vehicle,27,15.60059690220536,1.193141215429761
268,268,268,20240816b,Young,F,fa/+,vehicle,28,33.41503008806685,1.523941856513895
269,269,269,20240816b,Young,F,fa/+,vehicle,29,10.15505346870989,1.006682214407938
270,270,270,20240820a,Young,M,fa/+,empa,0,7.355377825966844,0.8666049861754558
271,271,271,20240820a,Young,M,fa/+,empa,1,3.918271229106471,0.5930944952695536
272,272,272,20240820a,Young,M,fa/+,empa,2,10.867937215622645,1.0361471208217277
273,273,273,20240820a,Young,M,fa/+,empa,3,2.119826077693012,0.3263002304586032
274,274,274,20240820a,Young,M,fa/+,empa,4,10.842273684429864,1.0351203656947612
275,275,275,20240820a,Young,M,fa/+,empa,5,1.3490669703296458,0.1300335094366856
276,276,276,20240820a,Young,M,fa/+,empa,6,6.009487224106939,0.7788374162221072
277,277,277,20240820a,Young,M,fa/+,empa,7,8.965710288429767,0.9525847012742406
278,278,278,20240820a,Young,M,fa/+,empa,8,11.232003838054553,1.0504572431872283
279,279,279,20240820a,Young,M,fa/+,empa,9,6.664041194935024,0.8237376730742513
280,280,280,20240820a,Young,M,fa/+,empa,10,3.6429871142112167,0.5614576350802741
281,281,281,20240820a,Young,M,fa/+,empa,11,3.292623531607984,0.5175420776624563
282,282,282,20240820a,Young,M,fa/+,empa,12,3.9357846127611102,0.5950313234867375
283,283,283,20240820a,Young,M,fa/+,empa,13,1.7389082683591324,0.2402766725166766
284,284,284,20240820a,Young,M,fa/+,empa,14,1.211995927097879,0.0835011603897653
285,285,285,20240820a,Young,M,fa/+,empa,15,5.3671531967911,0.7297439917043037
286,286,286,20240820a,Young,M,fa/+,empa,16,4.110406574189085,0.613884781533929
287,287,287,20240820a,Young,M,fa/+,empa,17,4.476539438165885,0.6509424149659501
288,288,288,20240820a,Young,M,fa/+,empa,18,6.20805780330661,0.7929557519905035
289,289,289,20240820a,Young,M,fa/+,empa,19,3.634765935084789,0.5604764492049474
290,290,290,20240820a,Young,M,fa/+,empa,21,2.115257222023297,0.3253631865162215
291,291,291,20240820a,Young,M,fa/+,empa,22,9.178923640489574,0.9627917569743528
292,292,292,20240820a,Young,M,fa/+,empa,23,2.737301838184924,0.4373226890544456
293,293,293,20240820a,Young,M,fa/+,empa,24,12.776265451649966,1.106403926532834
294,294,294,20240820a,Young,M,fa/+,empa,25,3.2668248929919264,0.514125856224608
295,295,295,20240820a,Young,M,fa/+,empa,26,5.515670609392611,0.7415983226244476
296,296,296,20240820a,Young,M,fa/+,empa,27,8.71509616384579,0.9402721835512524
297,297,297,20240820a,Young,M,fa/+,empa,28,1.843171377075279,0.2655657175619214
298,298,298,20240820a,Young,M,fa/+,vehicle,0,13.805313726398335,1.1400462804497822
299,299,299,20240820a,Young,M,fa/+,vehicle,1,17.63829245191279,1.2464565391514413
300,300,300,20240820a,Young,M,fa/+,vehicle,2,31.663613385384657,1.5005604741330665
301,301,301,20240820a,Young,M,fa/+,vehicle,3,8.608294371267862,0.9349171098129448
302,302,302,20240820a,Young,M,fa/+,vehicle,5,15.04577730087722,1.1774146293483876
303,303,303,20240820a,Young,M,fa/+,vehicle,6,9.132747387291351,0.9606014451851164
304,304,304,20240820a,Young,M,fa/+,vehicle,7,11.69784743186085,1.0681059528169226
305,305,305,20240820a,Young,M,fa/+,vehicle,8,3.2418103049185825,0.5107875984405036
306,306,306,20240820a,Young,M,fa/+,vehicle,9,6.576186244146574,0.8179741043586004
307,307,307,20240820a,Young,M,fa/+,vehicle,10,17.842952896999154,1.2514667290058945
308,308,308,20240820a,Young,M,fa/+,vehicle,11,23.316991855297044,1.3676725210049503
309,309,309,20240820a,Young,M,fa/+,vehicle,12,11.094768899911667,1.0451182604627174
310,310,310,20240820a,Young,M,fa/+,vehicle,13,19.95114111289909,1.2999677403667582
311,311,311,20240820a,Young,M,fa/+,vehicle,14,7.990695265600254,0.902584568660302
312,312,312,20240820a,Young,M,fa/+,vehicle,15,28.61203121885461,1.4565486902354186
313,313,313,20240820a,Young,M,fa/+,vehicle,16,31.38307809682921,1.4966955375590092
314,314,314,20240820a,Young,M,fa/+,vehicle,17,22.514471622321256,1.3524617592401962
315,315,315,20240820a,Young,M,fa/+,vehicle,18,25.162025459918265,1.4007455974513143
316,316,316,20240820a,Young,M,fa/+,vehicle,19,24.819135620650982,1.3947866521942
317,317,317,20240820a,Young,M,fa/+,vehicle,20,4.478595876816772,0.6511418759328117
318,318,318,20240820a,Young,M,fa/+,vehicle,22,10.031119821072547,1.0013494180618685
319,319,319,20240820a,Young,M,fa/+,vehicle,23,14.482820951453906,1.160853161607546
320,320,320,20240820a,Young,M,fa/+,vehicle,24,15.446947745241872,1.1888426773948615
321,321,321,20240820a,Young,M,fa/+,vehicle,25,5.404731180875896,0.732774097999683
322,322,322,20240820a,Young,M,fa/+,vehicle,26,4.529078580935536,0.6560098558939585
323,323,323,20240820a,Young,M,fa/+,vehicle,28,1.0669361304976752,0.0281384222336136
324,324,324,20240820b,Young,M,fa/fa,empa,0,16.41322054860156,1.2151938052612892
325,325,325,20240820b,Young,M,fa/fa,empa,1,4.850336916614361,0.6857719068382322
326,326,326,20240820b,Young,M,fa/fa,empa,2,5.703671450019882,0.7561545007931525
327,327,327,20240820b,Young,M,fa/fa,empa,3,25.168926401388745,1.4008646908007747
328,328,328,20240820b,Young,M,fa/fa,empa,4,4.331809763080346,0.6366693757790932
329,329,329,20240820b,Young,M,fa/fa,empa,5,7.0483595680606514,0.8480880512554919
330,330,330,20240820b,Young,M,fa/fa,empa,6,19.077847479526227,1.280529372438335
331,331,331,20240820b,Young,M,fa/fa,empa,7,39.0341319417871,1.5914445257761858
332,332,332,20240820b,Young,M,fa/fa,empa,8,16.170542772985645,1.2087245974794658
333,333,333,20240820b,Young,M,fa/fa,empa,9,15.434653647905751,1.1884968884024352
334,334,334,20240820b,Young,M,fa/fa,empa,10,17.233110923389642,1.2363636834206302
335,335,335,20240820b,Young,M,fa/fa,empa,11,38.40289358601946,1.5843639488752437
336,336,336,20240820b,Young,M,fa/fa,empa,12,19.43892684183592,1.2886722853056043
337,337,337,20240820b,Young,M,fa/fa,empa,14,28.51749741882199,1.4551114109104084
338,338,338,20240820b,Young,M,fa/fa,empa,15,15.249406911166425,1.1832529531768037
339,339,339,20240820b,Young,M,fa/fa,empa,16,24.36653260761307,1.3867937328564997
340,340,340,20240820b,Young,M,fa/fa,empa,17,24.125908826074514,1.3824836822527178
341,341,341,20240820b,Young,M,fa/fa,empa,18,13.092218273767598,1.1170132372640291
342,342,342,20240820b,Young,M,fa/fa,empa,19,53.58139452594969,1.7290140125018192
343,343,343,20240820b,Young,M,fa/fa,empa,20,58.65605805748172,1.7683128731449067
344,344,344,20240820b,Young,M,fa/fa,empa,21,10.576647215550317,1.0243480186867442
345,345,345,20240820b,Young,M,fa/fa,empa,22,15.32463725730219,1.1853902033198822
346,346,346,20240820b,Young,M,fa/fa,vehicle,0,2.322875645981555,0.366025960678588
347,347,347,20240820b,Young,M,fa/fa,vehicle,1,3.3895996186569413,0.5301484021331281
348,348,348,20240820b,Young,M,fa/fa,vehicle,2,8.892482063179465,0.9490229978533156
349,349,349,20240820b,Young,M,fa/fa,vehicle,4,4.7977720090198375,0.6810396063710403
350,350,350,20240820b,Young,M,fa/fa,vehicle,5,3.120329274540337,0.4942004256115338
351,351,351,20240820b,Young,M,fa/fa,vehicle,6,15.034479170655842,1.1770883877256573
352,352,352,20240820b,Young,M,fa/fa,vehicle,8,7.248547821972398,0.8602510084917403
353,353,353,20240820b,Young,M,fa/fa,vehicle,9,18.46630171979153,1.266379927193955
354,354,354,20240820b,Young,M,fa/fa,vehicle,10,16.521936639031576,1.2180609523275416
355,355,355,20240820b,Young,M,fa/fa,vehicle,11,9.10327434841885,0.9591976314062444
356,356,356,20240820b,Young,M,fa/fa,vehicle,12,9.847730061992785,0.9933361355575292
357,357,357,20240820b,Young,M,fa/fa,vehicle,13,3.381671342297932,0.5291313971226804
358,358,358,20240820b,Young,M,fa/fa,vehicle,14,21.35967525740748,1.329594645594905
359,359,359,20240820b,Young,M,fa/fa,vehicle,15,10.514461178126698,1.0217870218286027
360,360,360,20240820b,Young,M,fa/fa,vehicle,16,14.932220544586936,1.174124395705766
361,361,361,20240820b,Young,M,fa/fa,vehicle,17,4.491536484939916,0.6523949318237382
362,362,362,20240820b,Young,M,fa/fa,vehicle,18,6.248868364963437,0.7958013761681063
363,363,363,20240820b,Young,M,fa/fa,vehicle,19,30.146673188877177,1.4792393929129606
364,364,364,20240820b,Young,M,fa/fa,vehicle,20,33.66525039759697,1.527181849039824
365,365,365,20240820b,Young,M,fa/fa,vehicle,21,7.477072367006178,0.8737315839955311
366,366,366,20240820b,Young,M,fa/fa,vehicle,22,6.836425625230723,0.8348290933896602
367,367,367,20240821a,Young,M,fa/fa,empa,0,8.492242133446773,0.929022368409725
368,368,368,20240821a,Young,M,fa/fa,empa,1,8.697149630345663,0.9393769419700764
369,369,369,20240821a,Young,M,fa/fa,empa,2,11.12770856867675,1.046405743091745
370,370,370,20240821a,Young,M,fa/fa,empa,3,2.493318128270616,0.3967776946842493
371,371,371,20240821a,Young,M,fa/fa,empa,6,44.54435684820975,1.6487926927743075
372,372,372,20240821a,Young,M,fa/fa,empa,7,4.1622504552144965,0.6193282094760416
373,373,373,20240821a,Young,M,fa/fa,empa,8,13.48757514768146,1.1299338774227534
374,374,374,20240821a,Young,M,fa/fa,empa,9,2.225621977515332,0.3474514012292564
375,375,375,20240821a,Young,M,fa/fa,empa,10,1.8274816750907843,0.2618530308026178
376,376,376,20240821a,Young,M,fa/fa,empa,11,4.641615071039638,0.6666691215884418
377,377,377,20240821a,Young,M,fa/fa,empa,12,3.019736689984128,0.4799690757146315
378,378,378,20240821a,Young,M,fa/fa,empa,13,41.78363286825721,1.6210061969187683
379,379,379,20240821a,Young,M,fa/fa,empa,14,9.66461597439559,0.9851846019223178
380,380,380,20240821a,Young,M,fa/fa,empa,15,11.930721032512473,1.076666691028174
381,381,381,20240821a,Young,M,fa/fa,empa,18,5.82786662585464,0.7655096041277807
382,382,382,20240821a,Young,M,fa/fa,empa,19,3.490401522270036,0.5428753893878092
383,383,383,20240821a,Young,M,fa/fa,empa,20,3.319118927221284,0.5210228138760991
384,384,384,20240821a,Young,M,fa/fa,empa,21,4.942564121185211,0.693952312238876
385,385,385,20240821a,Young,M,fa/fa,empa,22,4.605583591409984,0.6632846691627293
386,386,386,20240821a,Young,M,fa/fa,empa,23,1.1960440302607882,0.0777471677354351
387,387,387,20240821a,Young,M,fa/fa,vehicle,0,2.139728303854727,0.3303586314670771
388,388,388,20240821a,Young,M,fa/fa,vehicle,2,27.936786699580555,1.4461764519251086
389,389,389,20240821a,Young,M,fa/fa,vehicle,3,3.664385617603993,0.5640011699044877
390,390,390,20240821a,Young,M,fa/fa,vehicle,4,24.00597930033683,1.3803194272832036
391,391,391,20240821a,Young,M,fa/fa,vehicle,6,76.35893720323037,1.882859875064943
392,392,392,20240821a,Young,M,fa/fa,vehicle,7,5.282072823964604,0.7228043845323887
393,393,393,20240821a,Young,M,fa/fa,vehicle,9,17.158748266672355,1.2344856028189135
394,394,394,20240821a,Young,M,fa/fa,vehicle,10,10.537875590389548,1.0227530670089982
395,395,395,20240821a,Young,M,fa/fa,vehicle,12,10.835610110571563,1.0348533697578024
396,396,396,20240821a,Young,M,fa/fa,vehicle,13,132.84814575051655,2.1233554970531183
397,397,397,20240821a,Young,M,fa/fa,vehicle,15,20.575584832485408,1.3133521882785513
398,398,398,20240821a,Young,M,fa/fa,vehicle,16,41.63346562328907,1.6194425636234044
399,399,399,20240821a,Young,M,fa/fa,vehicle,17,31.62024597924539,1.4999652440596127
400,400,400,20240821a,Young,M,fa/fa,vehicle,19,9.91097208222372,0.9961162527942083
401,401,401,20240821a,Young,M,fa/fa,vehicle,20,5.761676046603877,0.7605488361853738
402,402,402,20240821a,Young,M,fa/fa,vehicle,22,35.639938802872955,1.5519369496410045
403,403,403,20240821b,Young,M,fa/+,empa,2,20.892628734169246,1.3199930868409866
404,404,404,20240821b,Young,M,fa/+,empa,4,18.753551477701365,1.2730835249231145
405,405,405,20240821b,Young,M,fa/+,empa,5,9.805914407994118,0.9914880981393988
406,406,406,20240821b,Young,M,fa/+,empa,6,33.86745227141519,1.52978252743641
407,407,407,20240821b,Young,M,fa/+,empa,7,17.160461378299285,1.2345289601651217
408,408,408,20240821b,Young,M,fa/+,empa,8,10.154289280012968,1.0066495316236186
409,409,409,20240821b,Young,M,fa/+,empa,9,42.30749296816343,1.6264172909339567
410,410,410,20240821b,Young,M,fa/+,empa,10,6.038897704364332,0.7809576729588102
411,411,411,20240821b,Young,M,fa/+,empa,11,16.0363600230995,1.205105797783668
412,412,412,20240821b,Young,M,fa/+,empa,12,12.98444533129217,1.1134234021975762
413,413,413,20240821b,Young,M,fa/+,empa,13,5.828396287244774,0.7655490728701874
414,414,414,20240821b,Young,M,fa/+,empa,14,13.243896268174622,1.122015770514357
415,415,415,20240821b,Young,M,fa/+,empa,15,4.79707142198067,0.6809761845782967
416,416,416,20240821b,Young,M,fa/+,empa,16,19.94290860128636,1.2997884988787678
417,417,417,20240821b,Young,M,fa/+,empa,17,4.675544441653428,0.6698321893772483
418,418,418,20240821b,Young,M,fa/+,empa,18,10.683828859048628,1.0287269225760196
419,419,419,20240821b,Young,M,fa/+,empa,19,41.5256661648993,1.618316608237681
420,420,420,20240821b,Young,M,fa/+,empa,20,20.562724384061426,1.3130806544176004
421,421,421,20240821b,Young,M,fa/+,empa,22,18.006769089875014,1.25543579542283
422,422,422,20240821b,Young,M,fa/+,empa,23,11.026974401751396,1.042456366395213
423,423,423,20240821b,Young,M,fa/+,empa,24,14.301985416227838,1.1553963308538506
424,424,424,20240821b,Young,M,fa/+,empa,26,7.416147592410065,0.8701783643310778
425,425,425,20240821b,Young,M,fa/+,empa,27,2.4896051431722395,0.3961304725015196
426,426,426,20240821b,Young,M,fa/+,vehicle,0,12.001314388070083,1.0792288127331204
427,427,427,20240821b,Young,M,fa/+,vehicle,1,2.855084385136853,0.4556189488192394
428,428,428,20240821b,Young,M,fa/+,vehicle,2,47.86155669401276,1.6799868199068622
429,429,429,20240821b,Young,M,fa/+,vehicle,3,22.24528173134568,1.3472379103580128
430,430,430,20240821b,Young,M,fa/+,vehicle,4,5.698347187058262,0.755748906263605
431,431,431,20240821b,Young,M,fa/+,vehicle,5,35.18529593035585,1.546361208067126
432,432,432,20240821b,Young,M,fa/+,vehicle,6,12.751701544246862,1.1055681394344454
433,433,433,20240821b,Young,M,fa/+,vehicle,7,12.387553026198583,1.0929855265396409
434,434,434,20240821b,Young,M,fa/+,vehicle,8,15.898430277799322,1.201354246625894
435,435,435,20240821b,Young,M,fa/+,vehicle,9,27.82597867425881,1.4444504479521414
436,436,436,20240821b,Young,M,fa/+,vehicle,10,15.526574103564244,1.1910756404001392
437,437,437,20240821b,Young,M,fa/+,vehicle,11,30.58957807971996,1.4855734868273358
438,438,438,20240821b,Young,M,fa/+,vehicle,12,12.62961587350902,1.1013901418021783
439,439,439,20240821b,Young,M,fa/+,vehicle,13,3.924211279830279,0.5937523817849403
440,440,440,20240821b,Young,M,fa/+,vehicle,14,2.599598549708368,0.4149062860062859
441,441,441,20240821b,Young,M,fa/+,vehicle,15,15.59603989433263,1.1930143374332578
442,442,442,20240821b,Young,M,fa/+,vehicle,16,26.407023869042657,1.4217194580004016
443,443,443,20240821b,Young,M,fa/+,vehicle,17,5.540879808850314,0.7435787296727691
444,444,444,20240821b,Young,M,fa/+,vehicle,18,25.473245626218603,1.4060842833128562
445,445,445,20240821b,Young,M,fa/+,vehicle,19,58.04881815018209,1.763793382109402
446,446,446,20240821b,Young,M,fa/+,vehicle,20,16.915281032583085,1.2282792176064812
447,447,447,20240821b,Young,M,fa/+,vehicle,21,48.72926602331217,1.68778986994017
448,448,448,20240821b,Young,M,fa/+,vehicle,22,2.855833198464272,0.45573283787233
449,449,449,20240821b,Young,M,fa/+,vehicle,23,12.408863866091776,1.0937320200745122
450,450,450,20240821b,Young,M,fa/+,vehicle,24,2.96008761930321,0.4713045664699872
451,451,451,20240821b,Young,M,fa/+,vehicle,25,21.899206846445264,1.3404283856871513
452,452,452,20240821b,Young,M,fa/+,vehicle,26,23.63471991635128,1.373550460055313
453,453,453,20240821b,Young,M,fa/+,vehicle,27,2.004305097581941,0.3019638310230277
454,454,454,20240821b,Young,M,fa/+,vehicle,28,19.07770189212896,1.280526058225629
455,455,455,20240822b,Young,M,fa/+,empa,0,11.590588503306169,1.064105487495072
456,456,456,20240822b,Young,M,fa/+,empa,1,16.29661709590113,1.212097461516805
457,457,457,20240822b,Young,M,fa/+,empa,2,25.56591070634192,1.407661267733174
458,458,458,20240822b,Young,M,fa/+,empa,3,18.294358680160943,1.2623171896330088
459,459,459,20240822b,Young,M,fa/+,empa,4,10.372678821641337,1.0158909306625097
460,460,460,20240822b,Young,M,fa/+,empa,5,9.20477280829429,0.964013073739352
461,461,461,20240822b,Young,M,fa/+,empa,6,13.655662741165724,1.135312782311467
462,462,462,20240822b,Young,M,fa/+,empa,7,3.2053858130137307,0.5058803104160291
463,463,463,20240822b,Young,M,fa/+,empa,8,1.919227160726616,0.2831263810989088
464,464,464,20240822b,Young,M,fa/+,empa,9,22.283566826146124,1.3479847075488969
465,465,465,20240822b,Young,M,fa/+,empa,10,1.285460330954253,0.1090586789458225
466,466,466,20240822b,Young,M,fa/+,empa,11,18.638047555440707,1.270400415512067
467,467,467,20240822b,Young,M,fa/+,empa,12,3.6018851593441794,0.5565298618821259
468,468,468,20240822b,Young,M,fa/+,empa,15,6.10913100193392,0.7859794380812672
469,469,469,20240822b,Young,M,fa/+,empa,16,5.771961402233143,0.7613234182542343
470,470,470,20240822b,Young,M,fa/+,empa,17,6.520153235412904,0.8142578025589502
471,471,471,20240822b,Young,M,fa/+,empa,18,5.105668478165192,0.7080526117260091
472,472,472,20240822b,Young,M,fa/+,empa,19,3.643295893770805,0.5614944443172437
473,473,473,20240822b,Young,M,fa/+,empa,20,7.433637255359619,0.8712013646909227
474,474,474,20240822b,Young,M,fa/+,empa,21,9.020733066203702,0.9552418317404806
475,475,475,20240822b,Young,M,fa/+,empa,24,0.7844750833541583,-0.105420846001387
476,476,476,20240822b,Young,M,fa/+,empa,25,1.5922012351980972,0.2019979565002701
477,477,477,20240822b,Young,M,fa/+,empa,26,11.571084159789576,1.0633740523446094
478,478,478,20240822b,Young,M,fa/+,empa,27,6.465519642628486,0.8106034354587716
479,479,479,20240822b,Young,M,fa/+,empa,28,3.101381528331532,0.4915551959234965
480,480,480,20240822b,Young,M,fa/+,empa,29,3.714336541940311,0.5698812509616457
481,481,481,20240822b,Young,M,fa/+,empa,30,2.401845474104566,0.3805450630575414
482,482,482,20240822b,Young,M,fa/+,empa,31,6.223386520461875,0.7940267748701864
483,483,483,20240822b,Young,M,fa/+,empa,32,0.5178589457452448,-0.2857885171400888
484,484,484,20240822b,Young,M,fa/+,empa,33,5.963422628361213,0.7754955889300231
485,485,485,20240822b,Young,M,fa/+,vehicle,0,29.467237555012847,1.46933942425009
486,486,486,20240822b,Young,M,fa/+,vehicle,1,34.882248576467184,1.5426044726159254
487,487,487,20240822b,Young,M,fa/+,vehicle,2,43.75593449277404,1.641036963476724
488,488,488,20240822b,Young,M,fa/+,vehicle,3,16.6825060104017,1.222261289991193
489,489,489,20240822b,Young,M,fa/+,vehicle,4,30.84055766534594,1.489122222452616
490,490,490,20240822b,Young,M,fa/+,vehicle,6,19.91019431575016,1.2990754985932675
491,491,491,20240822b,Young,M,fa/+,vehicle,7,17.939824977627463,1.2538182017169146
492,492,492,20240822b,Young,M,fa/+,vehicle,8,10.9943224992417,1.0411684720864032
493,493,493,20240822b,Young,M,fa/+,vehicle,9,48.8513111887522,1.6888762248490137
494,494,494,20240822b,Young,M,fa/+,vehicle,10,17.528532826095372,1.243745566282221
495,495,495,20240822b,Young,M,fa/+,vehicle,11,36.75294034549093,1.565292089671623
496,496,496,20240822b,Young,M,fa/+,vehicle,13,25.470802465962088,1.4060426277688485
497,497,497,20240822b,Young,M,fa/+,vehicle,15,10.574266467922708,1.024250250280394
498,498,498,20240822b,Young,M,fa/+,vehicle,18,46.95485174838616,1.6716804736774742
499,499,499,20240822b,Young,M,fa/+,vehicle,19,23.828950608040834,1.3771049170769536
500,500,500,20240822b,Young,M,fa/+,vehicle,20,6.4616391299019575,0.8103426998486717
501,501,501,20240822b,Young,M,fa/+,vehicle,21,10.508244385897786,1.0215301644388024
502,502,502,20240822b,Young,M,fa/+,vehicle,26,51.13548662791589,1.7087223932426834
503,503,503,20240822b,Young,M,fa/+,vehicle,27,23.03428396977668,1.3623747165753233
504,504,504,20240822b,Young,M,fa/+,vehicle,28,10.100534848485966,1.0043443713664102
505,505,505,20240822b,Young,M,fa/+,vehicle,29,14.36535467681942,1.1573163530765904
506,506,506,20240822b,Young,M,fa/+,vehicle,30,3.846903173075237,0.5851112552102886
507,507,507,20240822b,Young,M,fa/+,vehicle,31,13.165446387435225,1.1194355888741647
508,508,508,20240822b,Young,M,fa/+,vehicle,32,9.456745086165917,0.975741682452424
509,509,509,20240822b,Young,M,fa/+,vehicle,33,28.179820941179027,1.449938229209642
510,510,510,20240823a,Young,F,fa/fa,empa,0,3.995643865801616,0.6015867723442955
511,511,511,20240823a,Young,F,fa/fa,empa,1,1.2735862515737744,0.105028362188606
512,512,512,20240823a,Young,F,fa/fa,empa,2,5.604805918747556,0.7485605785944505
513,513,513,20240823a,Young,F,fa/fa,empa,3,3.975570946975815,0.5993995081660799
514,514,514,20240823a,Young,F,fa/fa,empa,4,5.652256196695965,0.7522218386488638
515,515,515,20240823a,Young,F,fa/fa,empa,5,2.937494728792963,0.4679770959578579
516,516,516,20240823a,Young,F,fa/fa,empa,6,10.911595871034582,1.0378882727972103
517,517,517,20240823a,Young,F,fa/fa,empa,7,10.262814419769883,1.0112664757235317
518,518,518,20240823a,Young,F,fa/fa,empa,8,16.371941406663,1.2141001816849062
519,519,519,20240823a,Young,F,fa/fa,empa,9,33.586329487888314,1.5261625441733673
520,520,520,20240823a,Young,F,fa/fa,empa,10,11.024362105500613,1.042353469606917
521,521,521,20240823a,Young,F,fa/fa,empa,11,6.665714462094418,0.8238467059352562
522,522,522,20240823a,Young,F,fa/fa,empa,12,6.202485108070409,0.7925657302210528
523,523,523,20240823a,Young,F,fa/fa,empa,13,11.89696603933228,1.0754362218653772
524,524,524,20240823a,Young,F,fa/fa,empa,14,11.184621405855228,1.0486212880186372
525,525,525,20240823a,Young,F,fa/fa,empa,15,1.807764885254184,0.2571419462297781
526,526,526,20240823a,Young,F,fa/fa,empa,16,2.1473345151726666,0.3318997047889215
527,527,527,20240823a,Young,F,fa/fa,empa,17,7.756736810793211,0.889679055907337
528,528,528,20240823a,Young,F,fa/fa,empa,18,7.16400713780988,0.8551560098835683
529,529,529,20240823a,Young,F,fa/fa,empa,19,4.97411960472816,0.6967162238468526
530,530,530,20240823a,Young,F,fa/fa,empa,20,2.624151345281961,0.418988878922133
531,531,531,20240823a,Young,F,fa/fa,empa,21,17.708378934679033,1.2481788067041062
532,532,532,20240823a,Young,F,fa/fa,empa,22,17.77341836834154,1.2497709638623593
533,533,533,20240823a,Young,F,fa/fa,empa,23,3.4651197720655103,0.5397182506211742
534,534,534,20240823a,Young,F,fa/fa,vehicle,0,38.25416976128538,1.5826787808129796
535,535,535,20240823a,Young,F,fa/fa,vehicle,1,60.63127124171202,1.7826966740814592
536,536,536,20240823a,Young,F,fa/fa,vehicle,2,76.89317445118363,1.8858877906499565
537,537,537,20240823a,Young,F,fa/fa,vehicle,3,48.1155225202525,1.6822852064645446
538,538,538,20240823a,Young,F,fa/fa,vehicle,4,23.974219311484752,1.3797444738516884
539,539,539,20240823a,Young,F,fa/fa,vehicle,5,63.91309798146534,1.805589869084264
540,540,540,20240823a,Young,F,fa/fa,vehicle,6,17.21569800880867,1.2359246358253817
541,541,541,20240823a,Young,F,fa/fa,vehicle,7,40.38544028720568,1.606224821976826
542,542,542,20240823a,Young,F,fa/fa,vehicle,8,38.579811974624654,1.586360106703875
543,543,543,20240823a,Young,F,fa/fa,vehicle,9,75.15267401426019,1.8759444378700607
544,544,544,20240823a,Young,F,fa/fa,vehicle,10,14.30461699641828,1.1554762341392624
545,545,545,20240823a,Young,F,fa/fa,vehicle,11,10.913548372333016,1.0379659777170611
546,546,546,20240823a,Young,F,fa/fa,vehicle,12,20.432087933725064,1.3103127489996744
547,547,547,20240823a,Young,F,fa/fa,vehicle,13,57.19951257840148,1.757392327999099
548,548,548,20240823a,Young,F,fa/fa,vehicle,14,65.3633574131887,1.815334351795053
549,549,549,20240823a,Young,F,fa/fa,vehicle,15,58.61493678684266,1.7680083009583565
550,550,550,20240823a,Young,F,fa/fa,vehicle,16,31.005432088834976,1.491437788012889
551,551,551,20240823a,Young,F,fa/fa,vehicle,17,37.77798838125239,1.5772388287001289
552,552,552,20240823a,Young,F,fa/fa,vehicle,18,59.57879351328728,1.7750917043871306
553,553,553,20240823a,Young,F,fa/fa,vehicle,19,23.59527288692907,1.3728250044635475
554,554,554,20240823a,Young,F,fa/fa,vehicle,20,21.282176201057144,1.328016034515301
555,555,555,20240823a,Young,F,fa/fa,vehicle,21,24.312262720129304,1.3858253801158962
556,556,556,20240823a,Young,F,fa/fa,vehicle,22,58.55470874900523,1.767561825138228
557,557,557,20240823a,Young,F,fa/fa,vehicle,23,5.001148109511978,0.699069716413553
558,558,558,20240823b,Young,F,fa/fa,empa,0,34.23007354228325,1.5344078322075088
559,559,559,20240823b,Young,F,fa/fa,empa,3,9.466820372457237,0.9762041367042869
560,560,560,20240823b,Young,F,fa/fa,empa,4,5.055185460434471,0.7037370932535897
561,561,561,20240823b,Young,F,fa/fa,empa,5,6.988919198267206,0.8444100194479932
562,562,562,20240823b,Young,F,fa/fa,empa,7,14.289010697586187,1.155002161369535
563,563,563,20240823b,Young,F,fa/fa,empa,8,18.93367093544455,1.2772348248695329
564,564,564,20240823b,Young,F,fa/fa,empa,9,21.775023238460577,1.3379586271621262
565,565,565,20240823b,Young,F,fa/fa,empa,13,14.62372090093695,1.1650578897997903
566,566,566,20240823b,Young,F,fa/fa,empa,14,13.375889616691882,1.1263226761341596
567,567,567,20240823b,Young,F,fa/fa,empa,24,24.891670910808035,1.396054050605664
568,568,568,20240823b,Young,F,fa/fa,empa,28,56.79486201588233,1.7543090487553883
569,569,569,20240823b,Young,F,fa/fa,empa,29,9.613015467622018,0.9828596411051144
570,570,570,20240823b,Young,F,fa/fa,empa,30,8.482398334750483,0.9285186631392645
571,571,571,20240823b,Young,F,fa/fa,empa,31,32.78729269653787,1.5157055577033494
572,572,572,20240823b,Young,F,fa/fa,empa,33,17.40543979599811,1.2406850013957764
573,573,573,20240823b,Young,F,fa/fa,vehicle,7,39.40582845743039,1.595560462426915
574,574,574,20240823b,Young,F,fa/fa,vehicle,8,62.61115143086925,1.7966516906158891
575,575,575,20240823b,Young,F,fa/fa,vehicle,9,126.6194811962203,2.102500529734494
576,576,576,20240823b,Young,F,fa/fa,vehicle,13,32.11026762414583,1.5066439252240984
577,577,577,20240823b,Young,F,fa/fa,vehicle,16,91.05342037404314,1.9592962644820928
578,578,578,20240823b,Young,F,fa/fa,vehicle,17,48.72617794251456,1.6877623468712484
579,579,579,20240823b,Young,F,fa/fa,vehicle,22,61.109244667015815,1.786106915711737
580,580,580,20240823b,Young,F,fa/fa,vehicle,24,38.90709515250885,1.5900288070995603
581,581,581,20240823b,Young,F,fa/fa,vehicle,29,35.0560063283083,1.5447624386154528
582,582,582,20240823b,Young,F,fa/fa,vehicle,30,18.02652904875626,1.2559121127408823
583,583,583,20240823b,Young,F,fa/fa,vehicle,33,41.77527335816684,1.6209193003979847
584,584,584,20240826a,Young,M,fa/+,empa,0,26.423920294545468,1.421997250673848
585,585,585,20240826a,Young,M,fa/+,empa,1,3.910639671647864,0.5922478016784781
586,586,586,20240826a,Young,M,fa/+,empa,2,3.1864410709628603,0.5033058911848467
587,587,587,20240826a,Young,M,fa/+,empa,3,4.067686909703911,0.6093475178444292
588,588,588,20240826a,Young,M,fa/+,empa,4,9.793043874904468,0.990917700241428
589,589,589,20240826a,Young,M,fa/+,empa,5,39.75232455478534,1.5993625295157252
590,590,590,20240826a,Young,M,fa/+,empa,6,3.3749596929774333,0.5282685904345952
591,591,591,20240826a,Young,M,fa/+,empa,7,4.711293025688069,0.6731401166521075
592,592,592,20240826a,Young,M,fa/+,empa,8,16.765393325382068,1.224413746672638
593,593,593,20240826a,Young,M,fa/+,empa,9,16.37074286429714,1.2140683870811562
594,594,594,20240826a,Young,M,fa/+,empa,10,6.543301028979871,0.8157969007687162
595,595,595,20240826a,Young,M,fa/+,empa,12,1.275143349728195,0.1055590102573801
596,596,596,20240826a,Young,M,fa/+,empa,13,2.7283999965738324,0.4359080403137484
597,597,597,20240826a,Young,M,fa/+,empa,14,3.80209186713184,0.5800226061923431
598,598,598,20240826a,Young,M,fa/+,empa,15,1.882205043292321,0.2746669327574546
599,599,599,20240826a,Young,M,fa/+,empa,16,3.3195761216615587,0.5210826319642685
600,600,600,20240826a,Young,M,fa/+,empa,17,1.6669710430072164,0.2219280557539767
601,601,601,20240826a,Young,M,fa/+,empa,18,2.1921774893574257,0.3408757138305565
602,602,602,20240826a,Young,M,fa/+,empa,19,5.711392269497167,0.7567419893763914
603,603,603,20240826a,Young,M,fa/+,empa,20,5.397863489414586,0.7322218971631392
604,604,604,20240826a,Young,M,fa/+,empa,21,1.9446967124133023,0.2888518800083721
605,605,605,20240826a,Young,M,fa/+,empa,22,4.236590267196379,0.6270164641661629
606,606,606,20240826a,Young,M,fa/+,empa,23,5.51836788768593,0.7418106497977829
607,607,607,20240826a,Young,M,fa/+,empa,25,10.134683314448964,1.0058101825370578
608,608,608,20240826a,Young,M,fa/+,empa,26,34.688948051785246,1.5401911299881552
609,609,609,20240826a,Young,M,fa/+,empa,27,8.536786464516842,0.9312944183032638
610,610,610,20240826a,Young,M,fa/+,empa,28,6.917267058284802,0.8399345430200893
611,611,611,20240826a,Young,M,fa/+,empa,29,5.404681251897309,0.7327700859629469
612,612,612,20240826a,Young,M,fa/+,vehicle,0,23.540547933933,1.3718165673397895
613,613,613,20240826a,Young,M,fa/+,vehicle,1,6.973611395486335,0.8434577426530692
614,614,614,20240826a,Young,M,fa/+,vehicle,2,7.134609756297139,0.8533702233761414
615,615,615,20240826a,Young,M,fa/+,vehicle,3,1.1735470100006096,0.0695004912715839
616,616,616,20240826a,Young,M,fa/+,vehicle,4,37.42000863816011,1.5731038834179951
617,617,617,20240826a,Young,M,fa/+,vehicle,5,84.17609967014843,1.9251887986871867
618,618,618,20240826a,Young,M,fa/+,vehicle,6,43.08638625428696,1.6343400704254292
619,619,619,20240826a,Young,M,fa/+,vehicle,7,3.1258320499222414,0.4949656397895379
620,620,620,20240826a,Young,M,fa/+,vehicle,8,19.67895135794963,1.2940019522462458
621,621,621,20240826a,Young,M,fa/+,vehicle,9,23.10304348531857,1.3636691955550884
622,622,622,20240826a,Young,M,fa/+,vehicle,10,22.84810629875496,1.358850210616709
623,623,623,20240826a,Young,M,fa/+,vehicle,12,10.22675478316711,1.0097378425727672
624,624,624,20240826a,Young,M,fa/+,vehicle,13,21.0072650146395,1.3223695142637668
625,625,625,20240826a,Young,M,fa/+,vehicle,14,29.92558857133881,1.4760427007917636
626,626,626,20240826a,Young,M,fa/+,vehicle,15,13.017794518472815,1.1145374120670033
627,627,627,20240826a,Young,M,fa/+,vehicle,16,23.914459002549307,1.3786605606265443
628,628,628,20240826a,Young,M,fa/+,vehicle,17,21.40766192592333,1.330569237676607
629,629,629,20240826a,Young,M,fa/+,vehicle,18,15.62005057604844,1.1936824357425104
630,630,630,20240826a,Young,M,fa/+,vehicle,19,28.22729573214496,1.45066927329877
631,631,631,20240826a,Young,M,fa/+,vehicle,20,18.46136396125804,1.2662637843911375
632,632,632,20240826a,Young,M,fa/+,vehicle,21,13.886471774077355,1.142591915738196
633,633,633,20240826a,Young,M,fa/+,vehicle,22,38.71043734566092,1.587828077951202
634,634,634,20240826a,Young,M,fa/+,vehicle,23,32.62104278419416,1.5134978398490395
635,635,635,20240826a,Young,M,fa/+,vehicle,24,20.140953316995965,1.3040800228468166
636,636,636,20240826a,Young,M,fa/+,vehicle,25,14.910537746665668,1.1734933065112243
637,637,637,20240826a,Young,M,fa/+,vehicle,26,59.51115096280724,1.774598349726437
638,638,638,20240826a,Young,M,fa/+,vehicle,28,8.880320128198344,0.9484286220177964
639,639,639,20240826a,Young,M,fa/+,vehicle,29,8.230499007291561,0.9154261668700312
640,640,640,20240826a,Young,M,fa/+,vehicle,30,21.15491008281945,1.3254111837387703
641,641,641,20241011a,Adult,F,fa/+,empa,0,58.86579799916854,1.7698630357967813
642,642,642,20241011a,Adult,F,fa/+,empa,1,28.48275175246784,1.4545819446973285
643,643,643,20241011a,Adult,F,fa/+,empa,2,38.46710834212287,1.5850895406540937
644,644,644,20241011a,Adult,F,fa/+,empa,3,7.822458294061164,0.8933432563554782
645,645,645,20241011a,Adult,F,fa/+,empa,4,19.21643459850754,1.2836728121653742
646,646,646,20241011a,Adult,F,fa/+,empa,5,10.000996935824174,1.0000432942146833
647,647,647,20241011a,Adult,F,fa/+,empa,6,13.200721940967837,1.120597683206221
648,648,648,20241011a,Adult,F,fa/+,empa,7,37.25992268923134,1.571241949441731
649,649,649,20241011a,Adult,F,fa/+,empa,8,16.517760172436347,1.2179511561380565
650,650,650,20241011a,Adult,F,fa/+,empa,9,8.902211871981988,0.9494979262459494
651,651,651,20241011a,Adult,F,fa/+,empa,10,25.68641874917411,1.4097035582994462
652,652,652,20241011a,Adult,F,fa/+,empa,14,24.94844521719091,1.3970434856454077
653,653,653,20241011a,Adult,F,fa/+,empa,15,15.069735047973612,1.1781056167330417
654,654,654,20241011a,Adult,F,fa/+,empa,18,13.829813052374268,1.1408163094751087
655,655,655,20241011a,Adult,F,fa/+,empa,22,28.80568095093998,1.4594781461739037
656,656,656,20241011a,Adult,F,fa/+,empa,23,38.17121538721357,1.581735988284359
657,657,657,20241011a,Adult,F,fa/+,empa,24,18.217660165346853,1.2604925964276832
658,658,658,20241011a,Adult,F,fa/+,empa,25,21.691720522772133,1.336294000327322
659,659,659,20241011a,Adult,F,fa/+,empa,26,27.68829021916536,1.442296138435793
660,660,660,20241011a,Adult,F,fa/+,empa,27,7.942521600463962,0.8999584046070918
661,661,661,20241011a,Adult,F,fa/+,empa,28,32.59300830240597,1.5131244472659766
662,662,662,20241011a,Adult,F,fa/+,vehicle,0,172.21651008575955,2.2360747841410458
663,663,663,20241011a,Adult,F,fa/+,vehicle,2,39.12319365780996,1.5924342993709817
664,664,664,20241011a,Adult,F,fa/+,vehicle,8,66.30191361587941,1.8215260632588235
665,665,665,20241011a,Adult,F,fa/+,vehicle,9,29.96049737399532,1.4765490188067558
666,666,666,20241011a,Adult,F,fa/+,vehicle,11,17.68888145003887,1.2477003713249526
667,667,667,20241011a,Adult,F,fa/+,vehicle,23,62.6527594243872,1.796940203444989
668,668,668,20241011a,Adult,F,fa/+,vehicle,24,43.85931722596016,1.642061866573015
669,669,669,20241011a,Adult,F,fa/+,vehicle,25,8.819034677431826,0.9454210503009518
670,670,670,20241011a,Adult,F,fa/+,vehicle,26,16.530646990412684,1.2182898516880416
671,671,671,20241011a,Adult,F,fa/+,vehicle,27,31.776505560112827,1.5021061364395527
672,672,672,20241011a,Adult,F,fa/+,vehicle,28,85.84413684671344,1.9337106382031173
673,673,673,20241011b,Adult,F,fa/+,empa,1,15.776445718944116,1.1980091675352351
674,674,674,20241011b,Adult,F,fa/+,empa,2,17.25413650573414,1.2368932296270136
675,675,675,20241011b,Adult,F,fa/+,empa,3,6.680812206209067,0.8248292641570237
676,676,676,20241011b,Adult,F,fa/+,empa,4,1.0165158810270545,0.0071141680095124
677,677,677,20241011b,Adult,F,fa/+,empa,5,1.455065819949929,0.1628826390913531
678,678,678,20241011b,Adult,F,fa/+,empa,6,9.71006852358976,0.987222294718706
679,679,679,20241011b,Adult,F,fa/+,empa,7,8.15005208408618,0.911160384170522
680,680,680,20241011b,Adult,F,fa/+,empa,8,9.031929456230351,0.9557805368786548
681,681,681,20241011b,Adult,F,fa/+,empa,9,3.3516427390105594,0.52525771975976
682,682,682,20241011b,Adult,F,fa/+,empa,10,5.537328929655901,0.7433003223364837
683,683,683,20241011b,Adult,F,fa/+,empa,11,1.715756916794753,0.2344557583537559
684,684,684,20241011b,Adult,F,fa/+,empa,12,25.92775112287767,1.4137648493077215
685,685,685,20241011b,Adult,F,fa/+,empa,13,8.573354452855874,0.9331507793708738
686,686,686,20241011b,Adult,F,fa/+,empa,14,7.501409448743005,0.8751428711653569
687,687,687,20241011b,Adult,F,fa/+,empa,15,17.501632199239012,1.2430785528044652
688,688,688,20241011b,Adult,F,fa/+,empa,16,6.261530961821496,0.796680532408662
689,689,689,20241011b,Adult,F,fa/+,empa,17,3.65722270010334,0.5631514067370659
690,690,690,20241011b,Adult,F,fa/+,empa,18,7.767016406518041,0.8902542225296763
691,691,691,20241011b,Adult,F,fa/+,empa,19,3.913668148324862,0.5925839977498334
692,692,692,20241011b,Adult,F,fa/+,empa,20,1.441129291890802,0.1587029455855738
693,693,693,20241011b,Adult,F,fa/+,empa,21,6.209841559335516,0.7930805195350165
694,694,694,20241011b,Adult,F,fa/+,empa,22,10.778490735336185,1.0325579527612907
695,695,695,20241011b,Adult,F,fa/+,empa,23,9.236916340108175,0.965527010181926
696,696,696,20241011b,Adult,F,fa/+,empa,24,3.014373604801828,0.4791970782534734
697,697,697,20241011b,Adult,F,fa/+,empa,25,5.925598724156626,0.7727322381354047
698,698,698,20241011b,Adult,F,fa/+,empa,26,5.954423193705512,0.7748396976536225
699,699,699,20241011b,Adult,F,fa/+,empa,27,0.9340687073570432,-0.0296211771654526
700,700,700,20241011b,Adult,F,fa/+,empa,29,7.075039472676321,0.8497288671952947
701,701,701,20241011b,Adult,F,fa/+,vehicle,0,25.98446343965444,1.414713753385041
702,702,702,20241011b,Adult,F,fa/+,vehicle,1,15.919301892662183,1.20192401875264
703,703,703,20241011b,Adult,F,fa/+,vehicle,2,17.688645283079477,1.2476945729542497
704,704,704,20241011b,Adult,F,fa/+,vehicle,3,5.345433242442192,0.7279829101391613
705,705,705,20241011b,Adult,F,fa/+,vehicle,4,4.875041687932244,0.6879783338317916
706,706,706,20241011b,Adult,F,fa/+,vehicle,5,9.327809074677171,0.9697796481929456
707,707,707,20241011b,Adult,F,fa/+,vehicle,6,11.648383670268249,1.0662656668398591
708,708,708,20241011b,Adult,F,fa/+,vehicle,7,14.791159350533167,1.1700022159040022
709,709,709,20241011b,Adult,F,fa/+,vehicle,8,12.975352615514348,1.113119168978396
710,710,710,20241011b,Adult,F,fa/+,vehicle,9,3.468169209522061,0.5401002782416018
711,711,711,20241011b,Adult,F,fa/+,vehicle,10,14.435051435937169,1.159418335726534
712,712,712,20241011b,Adult,F,fa/+,vehicle,11,4.477066371450613,0.6509935327441991
713,713,713,20241011b,Adult,F,fa/+,vehicle,12,16.37283187434634,1.2141238022608047
714,714,714,20241011b,Adult,F,fa/+,vehicle,13,10.49258467873886,1.0208824828023388
715,715,715,20241011b,Adult,F,fa/+,vehicle,14,5.802477754092446,0.7636134841053934
716,716,716,20241011b,Adult,F,fa/+,vehicle,16,1.909300014366505,0.2808741758250592
717,717,717,20241011b,Adult,F,fa/+,vehicle,17,13.969997977037352,1.145196343225021
718,718,718,20241011b,Adult,F,fa/+,vehicle,18,10.413012278215152,1.0175763804776916
719,719,719,20241011b,Adult,F,fa/+,vehicle,19,12.360264024683554,1.0920277477138396
720,720,720,20241011b,Adult,F,fa/+,vehicle,20,4.105157876630283,0.6133298639234004
721,721,721,20241011b,Adult,F,fa/+,vehicle,21,9.488904492838657,0.977216075422202
722,722,722,20241011b,Adult,F,fa/+,vehicle,22,10.079029662339652,1.0034187233221932
723,723,723,20241011b,Adult,F,fa/+,vehicle,23,23.17531259348761,1.3650256007112995
724,724,724,20241011b,Adult,F,fa/+,vehicle,24,18.964041299604887,1.2779308924479618
725,725,725,20241011b,Adult,F,fa/+,vehicle,25,10.243998212700326,1.010469494023798
726,726,726,20241011b,Adult,F,fa/+,vehicle,26,17.571544648330217,1.2448099403661124
727,727,727,20241011b,Adult,F,fa/+,vehicle,27,10.259281521939233,1.0111169473271635
728,728,728,20241011b,Adult,F,fa/+,vehicle,28,13.731749307395798,1.1377258661629406
729,729,729,20241011b,Adult,F,fa/+,vehicle,29,7.722104834186578,0.887735693247587
730,730,730,20241014a,Adult,F,fa/+,empa,0,11.976937043364805,1.078345766697285
731,731,731,20241014a,Adult,F,fa/+,empa,1,79.139859511835,1.8983952749761424
732,732,732,20241014a,Adult,F,fa/+,empa,3,11.721845805514198,1.0689960041762288
733,733,733,20241014a,Adult,F,fa/+,empa,4,14.429652525554642,1.1592558731550908
734,734,734,20241014a,Adult,F,fa/+,empa,6,13.048078913102554,1.115546574597314
735,735,735,20241014a,Adult,F,fa/+,empa,7,8.304053038505238,0.919290114379213
736,736,736,20241014a,Adult,F,fa/+,empa,8,19.05201344452698,1.2799408793103602
737,737,737,20241014a,Adult,F,fa/+,empa,9,16.877233932305337,1.2273012701111656
738,738,738,20241014a,Adult,F,fa/+,empa,10,2.8385561436267293,0.453097488530129
739,739,739,20241014a,Adult,F,fa/+,empa,11,1.2920234478083563,0.111270395362918
740,740,740,20241014a,Adult,F,fa/+,empa,12,12.105634348194434,1.082987551869634
741,741,741,20241014a,Adult,F,fa/+,empa,13,5.459223259102924,0.7371308554735335
742,742,742,20241014a,Adult,F,fa/+,empa,14,21.89174846343105,1.3402804494480172
743,743,743,20241014a,Adult,F,fa/+,empa,15,16.938635056957676,1.228878411241758
744,744,744,20241014a,Adult,F,fa/+,empa,16,7.586382047206225,0.8800347098162262
745,745,745,20241014a,Adult,F,fa/+,empa,17,15.500141898258027,1.1903356739992188
746,746,746,20241014a,Adult,F,fa/+,empa,19,9.399909949471164,0.9731236931066036
747,747,747,20241014a,Adult,F,fa/+,empa,21,19.6008856584742,1.292275695228835
748,748,748,20241014a,Adult,F,fa/+,empa,22,12.828941480512809,1.1081908240961196
749,749,749,20241014a,Adult,F,fa/+,empa,23,25.27854497999388,1.4027520725634528
750,750,750,20241014a,Adult,F,fa/+,empa,24,15.847658602081346,1.199965106849697
751,751,751,20241014a,Adult,F,fa/+,empa,26,49.64788667042406,1.6959007668916848
752,752,752,20241014a,Adult,F,fa/+,empa,27,10.957102256891764,1.0396957147106851
753,753,753,20241014a,Adult,F,fa/+,empa,28,8.737069239453806,0.9413657774187048
754,754,754,20241014a,Adult,F,fa/+,empa,31,3.680360317034468,0.5658903393364173
755,755,755,20241014a,Adult,F,fa/+,vehicle,0,53.63284376163594,1.7294308250675507
756,756,756,20241014a,Adult,F,fa/+,vehicle,4,24.07145489368192,1.3815023400964948
757,757,757,20241014a,Adult,F,fa/+,vehicle,5,129.9002486365854,2.113609982338568
758,758,758,20241014a,Adult,F,fa/+,vehicle,6,68.98064990566293,1.8387272817842504
759,759,759,20241014a,Adult,F,fa/+,vehicle,7,23.688168046782327,1.3745314753307274
760,760,760,20241014a,Adult,F,fa/+,vehicle,8,61.20014992612876,1.786752486067304
761,761,761,20241014a,Adult,F,fa/+,vehicle,11,22.057061732830736,1.3435476586840276
762,762,762,20241014a,Adult,F,fa/+,vehicle,12,73.36372711273627,1.865481386775616
763,763,763,20241014a,Adult,F,fa/+,vehicle,13,39.50856510864875,1.5966912570488965
764,764,764,20241014a,Adult,F,fa/+,vehicle,15,28.43222819649077,1.4538108961139775
765,765,765,20241014a,Adult,F,fa/+,vehicle,16,46.73236139978109,1.669617726604959
766,766,766,20241014a,Adult,F,fa/+,vehicle,17,62.728565821659416,1.79746535827128
767,767,767,20241014a,Adult,F,fa/+,vehicle,19,64.0973643063209,1.8068401716287248
768,768,768,20241014a,Adult,F,fa/+,vehicle,24,25.815885168487785,1.4118870206169898
769,769,769,20241014a,Adult,F,fa/+,vehicle,28,31.446857843640625,1.4975772574333686
770,770,770,20241014b,Adult,M,fa/+,empa,0,1.332569067505463,0.1246897279118526
771,771,771,20241014b,Adult,M,fa/+,empa,1,0.8006907087665505,-0.0965352110267739
772,772,772,20241014b,Adult,M,fa/+,empa,2,2.7772076260755143,0.4436083491374349
773,773,773,20241014b,Adult,M,fa/+,empa,3,1.4025429216532004,0.1469161607316991
774,774,774,20241014b,Adult,M,fa/+,empa,4,2.274695440160186,0.3569232570317264
775,775,775,20241014b,Adult,M,fa/+,empa,5,0.6545066688576162,-0.1840859240050388
776,776,776,20241014b,Adult,M,fa/+,empa,6,0.7494664898911991,-0.125247780535098
777,777,777,20241014b,Adult,M,fa/+,empa,7,1.492447007254278,0.1738989194559235
778,778,778,20241014b,Adult,M,fa/+,empa,8,0.6936461735597722,-0.1588620051299167
779,779,779,20241014b,Adult,M,fa/+,empa,9,0.5686130717251726,-0.245183160627185
780,780,780,20241014b,Adult,M,fa/+,empa,10,0.4377557755847245,-0.3587681152889966
781,781,781,20241014b,Adult,M,fa/+,empa,11,1.3125194432284812,0.1181057456203148
782,782,782,20241014b,Adult,M,fa/+,empa,12,2.893355922271962,0.461401861083478
783,783,783,20241014b,Adult,M,fa/+,empa,13,1.320754405481314,0.1208220679851619
784,784,784,20241014b,Adult,M,fa/+,empa,14,0.803223934946326,-0.0951633586399958
785,785,785,20241014b,Adult,M,fa/+,empa,15,1.411554862071961,0.1496977622789643
786,786,786,20241014b,Adult,M,fa/+,empa,16,1.0702880527801173,0.0295006775889349
787,787,787,20241014b,Adult,M,fa/+,empa,17,1.576135449859342,0.1975935371375205
788,788,788,20241014b,Adult,M,fa/+,empa,18,1.576135449859342,0.1975935371375205
789,789,789,20241014b,Adult,M,fa/+,empa,19,1.617859269434083,0.2089407415244903
790,790,790,20241014b,Adult,M,fa/+,empa,20,0.4748108496234334,-0.3234793657963161
791,791,791,20241014b,Adult,M,fa/+,vehicle,0,3.4487017416149217,0.5376556363587224
792,792,792,20241014b,Adult,M,fa/+,vehicle,1,4.130362230654211,0.6159881407304654
793,793,793,20241014b,Adult,M,fa/+,vehicle,2,21.46484205273152,1.331727697107118
794,794,794,20241014b,Adult,M,fa/+,vehicle,3,22.564602157404845,1.353427680760357
795,795,795,20241014b,Adult,M,fa/+,vehicle,4,28.07544226498584,1.448326606313016
796,796,796,20241014b,Adult,M,fa/+,vehicle,5,9.043648929596207,0.9563436948831344
797,797,797,20241014b,Adult,M,fa/+,vehicle,6,17.006285825795715,1.2306094740185922
798,798,798,20241014b,Adult,M,fa/+,vehicle,7,10.626510607485828,1.0263906800741651
799,799,799,20241014b,Adult,M,fa/+,vehicle,8,13.544345354173082,1.1317580188973562
800,800,800,20241014b,Adult,M,fa/+,vehicle,9,4.185804892827564,0.621778981302445
801,801,801,20241014b,Adult,M,fa/+,vehicle,10,5.39023662208736,0.7316078303836274
802,802,802,20241014b,Adult,M,fa/+,vehicle,11,10.957520645069726,1.0397122975812023
803,803,803,20241014b,Adult,M,fa/+,vehicle,12,3.4077890633900725,0.5324727048033255
804,804,804,20241014b,Adult,M,fa/+,vehicle,14,21.183040863101404,1.3259883039901268
805,805,805,20241014b,Adult,M,fa/+,vehicle,17,16.253299130624335,1.2109415283179403
806,806,806,20241014b,Adult,M,fa/+,vehicle,18,8.8911657663295,0.9489587072797492
807,807,807,20241014b,Adult,M,fa/+,vehicle,19,7.525410596723696,0.8765302006149324
808,808,808,20241015a,Adult,M,fa/+,empa,0,19.286946780660934,1.2852634821145243
809,809,809,20241015a,Adult,M,fa/+,empa,1,17.699933292080527,1.247971629585766
810,810,810,20241015a,Adult,M,fa/+,empa,2,19.212857590390986,1.283591963687417
811,811,811,20241015a,Adult,M,fa/+,empa,3,24.183417789245325,1.38351767874627
812,812,812,20241015a,Adult,M,fa/+,empa,4,14.769857786366082,1.169376313667142
813,813,813,20241015a,Adult,M,fa/+,empa,6,13.450961633723006,1.1287533339511044
814,814,814,20241015a,Adult,M,fa/+,empa,7,13.863993024883346,1.1418883312079209
815,815,815,20241015a,Adult,M,fa/+,empa,8,23.70514304821496,1.3748425804043092
816,816,816,20241015a,Adult,M,fa/+,empa,9,5.403482188944048,0.7326737242768857
817,817,817,20241015a,Adult,M,fa/+,empa,10,11.893564351450213,1.0753120267119158
818,818,818,20241015a,Adult,M,fa/+,empa,12,3.355867681742423,0.5258048287293685
819,819,819,20241015a,Adult,M,fa/+,empa,13,1.7857244886178694,0.2518144543829571
820,820,820,20241015a,Adult,M,fa/+,empa,14,7.197126353246361,0.8571591272582826
821,821,821,20241015a,Adult,M,fa/+,empa,15,39.49618863361416,1.596555188404864
822,822,822,20241015a,Adult,M,fa/+,empa,16,169.47859639016949,2.2291148585474536
823,823,823,20241015a,Adult,M,fa/+,empa,17,34.341598018600905,1.5358205003331358
824,824,824,20241015a,Adult,M,fa/+,empa,19,14.829851983246312,1.1711368163567597
825,825,825,20241015a,Adult,M,fa/+,empa,20,33.82983433437256,1.5292998710411876
826,826,826,20241015a,Adult,M,fa/+,empa,21,12.91908399436016,1.1112317218403591
827,827,827,20241015a,Adult,M,fa/+,empa,23,3.370566425638184,0.5277028904434657
828,828,828,20241015a,Adult,M,fa/+,empa,24,3.6638851001288257,0.5639418456829156
829,829,829,20241015a,Adult,M,fa/+,empa,25,4.523750346715421,0.6554986294020448
830,830,830,20241015a,Adult,M,fa/+,vehicle,0,6.669868667283248,0.8241172825468761
831,831,831,20241015a,Adult,M,fa/+,vehicle,1,20.32546063218733,1.308040396713844
832,832,832,20241015a,Adult,M,fa/+,vehicle,2,15.112687987603405,1.1793417161167057
833,833,833,20241015a,Adult,M,fa/+,vehicle,3,6.069723901686332,0.7831689364292572
834,834,834,20241015a,Adult,M,fa/+,vehicle,6,8.790885118556169,0.9440326046246456
835,835,835,20241015a,Adult,M,fa/+,vehicle,7,32.82680605025035,1.5162286292346518
836,836,836,20241015a,Adult,M,fa/+,vehicle,9,37.70109086083219,1.5763539164653673
837,837,837,20241015a,Adult,M,fa/+,vehicle,10,12.962605472469685,1.1126923031232474
838,838,838,20241015a,Adult,M,fa/+,vehicle,11,3.661779433093992,0.5636921810702402
839,839,839,20241015a,Adult,M,fa/+,vehicle,12,7.400643400661535,0.8692694782728948
840,840,840,20241015a,Adult,M,fa/+,vehicle,13,3.350261185182489,0.5250786658015807
841,841,841,20241015a,Adult,M,fa/+,vehicle,16,18.3751451600328,1.2642307786107756
842,842,842,20241015a,Adult,M,fa/+,vehicle,17,3.910156929756325,0.5921941876668549
843,843,843,20241015a,Adult,M,fa/+,vehicle,18,15.15600529200094,1.1805847482449725
844,844,844,20241015a,Adult,M,fa/+,vehicle,19,2.0096911576272896,0.3031293216772437
845,845,845,20241015a,Adult,M,fa/+,vehicle,20,5.995904403748611,0.7778547000175642
846,846,846,20241015a,Adult,M,fa/+,vehicle,21,9.933962977991746,0.9971225371285164
847,847,847,20241015a,Adult,M,fa/+,vehicle,22,16.042945641446284,1.2052841119765008
848,848,848,20241015a,Adult,M,fa/+,vehicle,24,10.853856184797028,1.035584062815334
849,849,849,20241015a,Adult,M,fa/+,vehicle,25,8.212238427372906,0.914461549830217
850,850,850,20241015b,Adult,M,fa/+,empa,0,16.142454513561727,1.2079695713184238
851,851,851,20241015b,Adult,M,fa/+,empa,1,30.69089952041298,1.4870096173672014
852,852,852,20241015b,Adult,M,fa/+,empa,2,48.61470222896148,1.6867676299888488
853,853,853,20241015b,Adult,M,fa/+,empa,3,26.67232615241517,1.4260608931216074
854,854,854,20241015b,Adult,M,fa/+,empa,4,7.707291400792737,0.8869017793005118
855,855,855,20241015b,Adult,M,fa/+,empa,5,153.89439752452645,2.187222809769937
856,856,856,20241015b,Adult,M,fa/+,empa,6,5.670817569519853,0.7536456762358773
857,857,857,20241015b,Adult,M,fa/+,empa,7,32.54191455297726,1.5124431003935088
858,858,858,20241015b,Adult,M,fa/+,empa,8,26.35915336780096,1.4209314569994729
859,859,859,20241015b,Adult,M,fa/+,empa,9,29.458382642026702,1.469208899026471
860,860,860,20241015b,Adult,M,fa/+,empa,10,14.532354355996082,1.162335979128568
861,861,861,20241015b,Adult,M,fa/+,empa,11,35.19272510125618,1.546452897145387
862,862,862,20241015b,Adult,M,fa/+,empa,12,91.54058164616748,1.961613667594432
863,863,863,20241015b,Adult,M,fa/+,empa,13,30.71101762019612,1.4872942071794328
864,864,864,20241015b,Adult,M,fa/+,empa,14,33.43145564053109,1.524155286640049
865,865,865,20241015b,Adult,M,fa/+,empa,15,93.19680314608752,1.969401015360145
866,866,866,20241015b,Adult,M,fa/+,empa,16,18.17386922854425,1.2594473987288273
867,867,867,20241015b,Adult,M,fa/+,empa,17,47.59667439053197,1.6775766093529172
868,868,868,20241015b,Adult,M,fa/+,empa,18,91.2377478432174,1.9601745564014663
869,869,869,20241015b,Adult,M,fa/+,empa,19,53.28113075181671,1.7265734330177895
870,870,870,20241015b,Adult,M,fa/+,vehicle,0,11.774686219761834,1.07094934256597
871,871,871,20241015b,Adult,M,fa/+,vehicle,1,23.143235710486582,1.364424078598835
872,872,872,20241015b,Adult,M,fa/+,vehicle,2,88.73041788654163,1.948072526885691
873,873,873,20241015b,Adult,M,fa/+,vehicle,3,23.430434341836097,1.3697803394084984
874,874,874,20241015b,Adult,M,fa/+,vehicle,4,36.08687158834864,1.5573492342122603
875,875,875,20241015b,Adult,M,fa/+,vehicle,5,134.16871076974851,2.1276512466495143
876,876,876,20241015b,Adult,M,fa/+,vehicle,7,27.85648603825256,1.4449263313827323
877,877,877,20241015b,Adult,M,fa/+,vehicle,8,29.587918572758674,1.4711144148341746
878,878,878,20241015b,Adult,M,fa/+,vehicle,10,13.377006714584663,1.1263589450633145
879,879,879,20241015b,Adult,M,fa/+,vehicle,11,20.57506021793152,1.3133411149548837
880,880,880,20241015b,Adult,M,fa/+,vehicle,12,37.16630416071143,1.570149376742442
881,881,881,20241015b,Adult,M,fa/+,vehicle,13,14.266133555109295,1.154306285433683
882,882,882,20241015b,Adult,M,fa/+,vehicle,14,13.292668357767916,1.1236121695607175
883,883,883,20241015b,Adult,M,fa/+,vehicle,15,97.38980730164045,1.988513506526581
884,884,884,20241015b,Adult,M,fa/+,vehicle,16,26.74492491423316,1.4272413829608923
885,885,885,20241015b,Adult,M,fa/+,vehicle,17,45.13697953891285,1.6545324937432442
886,886,886,20241015b,Adult,M,fa/+,vehicle,18,42.67745069282176,1.6301984692550813
887,887,887,20241015b,Adult,M,fa/+,vehicle,19,15.933603667077575,1.202314010310287
888,888,888,20241021a,Adult,M,fa/fa,empa,0,3.6001947955557,0.556325999752346
889,889,889,20241021a,Adult,M,fa/fa,empa,1,1.0864934702608569,0.0360271205891713
890,890,890,20241021a,Adult,M,fa/fa,empa,2,3.795140511780434,0.5792278599050696
891,891,891,20241021a,Adult,M,fa/fa,empa,3,1.2465313456110014,0.0957032038624376
892,892,892,20241021a,Adult,M,fa/fa,empa,4,3.90775643854856,0.5919274873162527
893,893,893,20241021a,Adult,M,fa/fa,empa,5,6.169095650941404,0.7902215039697044
894,894,894,20241021a,Adult,M,fa/fa,empa,6,2.2871428757908587,0.3592932954460216
895,895,895,20241021a,Adult,M,fa/fa,empa,7,6.699504983474068,0.8260427145086094
896,896,896,20241021a,Adult,M,fa/fa,empa,8,1.6937179128022215,0.2288410806613238
897,897,897,20241021a,Adult,M,fa/fa,empa,9,2.620678373100902,0.4184137247396443
898,898,898,20241021a,Adult,M,fa/fa,empa,10,3.382506899675517,0.52923869114932
899,899,899,20241021a,Adult,M,fa/fa,empa,11,0.6495201161211344,-0.1874073939595147
900,900,900,20241021a,Adult,M,fa/fa,empa,12,1.608667323994908,0.206466240313094
901,901,901,20241021a,Adult,M,fa/fa,empa,13,2.3398691994326866,0.3691915806783762
902,902,902,20241021a,Adult,M,fa/fa,empa,14,1.8089753799413504,0.2574326561752496
903,903,903,20241021a,Adult,M,fa/fa,empa,15,2.868260157021923,0.4576185401739079
904,904,904,20241021a,Adult,M,fa/fa,empa,16,2.504847602066691,0.3987813080097101
905,905,905,20241021a,Adult,M,fa/fa,empa,17,2.0423636807641614,0.3101330788310753
906,906,906,20241021a,Adult,M,fa/fa,empa,18,4.003956310544984,0.6024893299979032
907,907,907,20241021a,Adult,M,fa/fa,empa,19,1.777058840727512,0.2497018080980412
908,908,908,20241021a,Adult,M,fa/fa,empa,20,1.9342406863575885,0.2865105143453314
909,909,909,20241021a,Adult,M,fa/fa,empa,21,2.572863247190404,0.4104167032064836
910,910,910,20241021a,Adult,M,fa/fa,empa,22,1.7499749268185092,0.2430318262735097
911,911,911,20241021a,Adult,M,fa/fa,vehicle,0,37.142684066093246,1.5698732842442134
912,912,912,20241021a,Adult,M,fa/fa,vehicle,1,16.762936771595847,1.2243501068938196
913,913,913,20241021a,Adult,M,fa/fa,vehicle,2,23.175309801946486,1.365025548399126
914,914,914,20241021a,Adult,M,fa/fa,vehicle,3,18.07734279608141,1.2571345935171454
915,915,915,20241021a,Adult,M,fa/fa,vehicle,4,23.043389047785748,1.3625463522039971
916,916,916,20241021a,Adult,M,fa/fa,vehicle,5,112.21783939252876,2.0500619026766924
917,917,917,20241021a,Adult,M,fa/fa,vehicle,6,18.70720565023841,1.2720089205136529
918,918,918,20241021a,Adult,M,fa/fa,vehicle,7,6.866061129395098,0.8367076656846617
919,919,919,20241021a,Adult,M,fa/fa,vehicle,8,54.84423108699698,1.7391309520775924
920,920,920,20241021a,Adult,M,fa/fa,vehicle,9,7.541342956948277,0.8774486916068582
921,921,921,20241021a,Adult,M,fa/fa,vehicle,10,8.080531497391506,0.9074399274568636
922,922,922,20241021a,Adult,M,fa/fa,vehicle,11,4.175852854245179,0.6207451869014727
923,923,923,20241021a,Adult,M,fa/fa,vehicle,12,7.368433958322141,0.8673751953856982
924,924,924,20241021a,Adult,M,fa/fa,vehicle,13,1.7808732228388973,0.2506330039207315
925,925,925,20241021a,Adult,M,fa/fa,vehicle,14,4.2062479965282815,0.6238948747099435
926,926,926,20241021a,Adult,M,fa/fa,vehicle,15,10.339903034200328,1.0145164660394337
927,927,927,20241021a,Adult,M,fa/fa,vehicle,16,15.620973176438078,1.1937080866470078
928,928,928,20241021a,Adult,M,fa/fa,vehicle,17,11.245806426156364,1.050990603735392
929,929,929,20241021a,Adult,M,fa/fa,vehicle,18,11.7586438079668,1.0703572349475408
930,930,930,20241021a,Adult,M,fa/fa,vehicle,20,10.339005634121174,1.0144787719900104
931,931,931,20241021a,Adult,M,fa/fa,vehicle,21,11.618814292254838,1.065161810274167
932,932,932,20241021a,Adult,M,fa/fa,vehicle,22,18.08809397904128,1.2573928057765456
933,933,933,20241021b,Adult,F,fa/+,empa,0,1.6036466920946877,0.2051086927667215
934,934,934,20241021b,Adult,F,fa/+,empa,1,3.500382775799391,0.5441155381582491
935,935,935,20241021b,Adult,F,fa/+,empa,2,1.43486955426964,0.1568124206268405
936,936,936,20241021b,Adult,F,fa/+,empa,3,0.7126854173179035,-0.1471021274709836
937,937,937,20241021b,Adult,F,fa/+,empa,4,0.7176940151667052,-0.1440606753239223
938,938,938,20241021b,Adult,F,fa/+,empa,5,1.4666086190707746,0.1663142329600672
939,939,939,20241021b,Adult,F,fa/+,empa,6,0.9532481900551508,-0.0207940106541415
940,940,940,20241021b,Adult,F,fa/+,empa,7,0.6037633404930465,-0.2191332601518055
941,941,941,20241021b,Adult,F,fa/+,empa,8,2.3798532496477383,0.3765501777148465
942,942,942,20241021b,Adult,F,fa/+,empa,9,1.9285743549422425,0.2852363874689067
943,943,943,20241021b,Adult,F,fa/+,empa,10,1.6208993868004422,0.2097560579617179
944,944,944,20241021b,Adult,F,fa/+,empa,13,0.5108217312675585,-0.2917306353537421
945,945,945,20241021b,Adult,F,fa/+,empa,16,0.5542331956270943,-0.2563074658401088
946,946,946,20241021b,Adult,F,fa/+,empa,17,0.9511950696268916,-0.0217304094820731
947,947,947,20241021b,Adult,F,fa/+,empa,18,1.8634648609454587,0.2703212077464885
948,948,948,20241021b,Adult,F,fa/+,empa,19,1.5307886981310204,0.1849152471522446
949,949,949,20241021b,Adult,F,fa/+,empa,20,0.7160952921811604,-0.1450291814425044
950,950,950,20241021b,Adult,F,fa/+,empa,21,0.5518988851406065,-0.2581404832273107
951,951,951,20241021b,Adult,F,fa/+,vehicle,1,0.4865329710289361,-0.3128877234311194
952,952,952,20241021b,Adult,F,fa/+,vehicle,2,0.6104689239238805,-0.2143364390276737
953,953,953,20241021b,Adult,F,fa/+,vehicle,3,1.8363620622451653,0.2639583120139509
954,954,954,20241021b,Adult,F,fa/+,vehicle,4,1.3036191275247342,0.1151507240833041
955,955,955,20241021b,Adult,F,fa/+,vehicle,5,0.5694955465347703,-0.2445096677621187
956,956,956,20241021b,Adult,F,fa/+,vehicle,6,1.308615489867141,0.1168120566653932
957,957,957,20241021b,Adult,F,fa/+,vehicle,7,0.8871081092276507,-0.0520234507658032
958,958,958,20241021b,Adult,F,fa/+,vehicle,8,0.8920716508189023,-0.0496002618732433
959,959,959,20241021b,Adult,F,fa/+,vehicle,9,1.1803037204637097,0.0719937760764024
960,960,960,20241021b,Adult,F,fa/+,vehicle,10,0.5014912125627716,-0.2997366725517071
961,961,961,20241021b,Adult,F,fa/+,vehicle,11,0.2939105540028703,-0.531784818612952
962,962,962,20241021b,Adult,F,fa/+,vehicle,13,0.8354096790411231,-0.0781004973138967
963,963,963,20241021b,Adult,F,fa/+,vehicle,14,2.153522465090364,0.333149406590326
964,964,964,20241021b,Adult,F,fa/+,vehicle,15,1.684425515867635,0.2264518115398347
965,965,965,20241021b,Adult,F,fa/+,vehicle,16,2.5487305569588834,0.4063239257748474
966,966,966,20241021b,Adult,F,fa/+,vehicle,17,1.1196259952726832,0.0490729732814603
967,967,967,20241021b,Adult,F,fa/+,vehicle,18,2.184723989976265,0.3393965775984844
968,968,968,20241021b,Adult,F,fa/+,vehicle,19,2.143079921213768,0.3310383673530354
969,969,969,20241021b,Adult,F,fa/+,vehicle,20,0.904621998711724,-0.0435328552337624
970,970,970,20241021b,Adult,F,fa/+,vehicle,21,2.198957496462548,0.342216834985996
971,971,971,20241022a,Adult,F,fa/+,empa,0,71.97343195875756,1.8571722119443244
972,972,972,20241022a,Adult,F,fa/+,empa,2,24.602799981191914,1.39098453585064
973,973,973,20241022a,Adult,F,fa/+,empa,4,3.1924101950164805,0.5041186890654887
974,974,974,20241022a,Adult,F,fa/+,empa,5,11.596248716150908,1.0643175215237262
975,975,975,20241022a,Adult,F,fa/+,empa,6,12.61491289831209,1.1008842562080907
976,976,976,20241022a,Adult,F,fa/+,empa,7,8.791989144269241,0.9440871431794382
977,977,977,20241022a,Adult,F,fa/+,empa,8,27.84594458272056,1.4447619544974732
978,978,978,20241022a,Adult,F,fa/+,empa,9,29.80428816949248,1.4742787538201465
979,979,979,20241022a,Adult,F,fa/+,empa,10,31.02634780085189,1.4917306565610562
980,980,980,20241022a,Adult,F,fa/+,empa,11,15.084514578802034,1.1785313390957155
981,981,981,20241022a,Adult,F,fa/+,empa,12,39.73436201745879,1.599166244293354
982,982,982,20241022a,Adult,F,fa/+,empa,13,7.572735191453367,0.8792527703857742
983,983,983,20241022a,Adult,F,fa/+,empa,14,29.173941892348367,1.46499511360695
984,984,984,20241022a,Adult,F,fa/+,empa,15,10.238430974363828,1.010233406699737
985,985,985,20241022a,Adult,F,fa/+,empa,16,3.858357513490117,0.5864024666832676
986,986,986,20241022a,Adult,F,fa/+,empa,17,26.158445989286538,1.417611940022095
987,987,987,20241022a,Adult,F,fa/+,empa,18,12.648625585239715,1.1020433371185532
988,988,988,20241022a,Adult,F,fa/+,empa,19,15.648567053573002,1.194474575159251
989,989,989,20241022a,Adult,F,fa/+,empa,20,6.77553502412862,0.8309435945800271
990,990,990,20241022a,Adult,F,fa/+,empa,21,32.13203456017157,1.5069382254046415
991,991,991,20241022a,Adult,F,fa/+,vehicle,0,109.13991355952427,2.037983605479412
992,992,992,20241022a,Adult,F,fa/+,vehicle,4,11.13358866833214,1.0466351722095164
993,993,993,20241022a,Adult,F,fa/+,vehicle,6,14.414850735261291,1.158810149659503
994,994,994,20241022a,Adult,F,fa/+,vehicle,7,15.615494971296014,1.1935557548099336
995,995,995,20241022a,Adult,F,fa/+,vehicle,8,39.06923877445804,1.5918349495080453
996,996,996,20241022a,Adult,F,fa/+,vehicle,16,6.106254286918737,0.7857748859610261
997,997,997,20241022a,Adult,F,fa/+,vehicle,17,25.821648426494512,1.411983963711915
998,998,998,20241022a,Adult,F,fa/+,vehicle,18,12.47421666779706,1.096013283150375
999,999,999,20241022a,Adult,F,fa/+,vehicle,19,17.9925234233986,1.2550920767421143
1000,1000,1000,20241022a,Adult,F,fa/+,vehicle,20,5.065474247314908,0.7046201117595047
1001,1001,1001,20241022a,Adult,F,fa/+,vehicle,24,20.097085626503976,1.3031330828883794
1002,1002,1002,20241022a,Adult,F,fa/+,vehicle,27,7.647745043846385,0.8835334012481322
1003,1003,1003,20241022b,Adult,M,fa/fa,empa,0,0.7903466421638103,-0.1021823874943572
1004,1004,1004,20241022b,Adult,M,fa/fa,empa,1,3.9238491602231074,0.5937123039724677
1005,1005,1005,20241022b,Adult,M,fa/fa,empa,2,1.5630262864802171,0.1939662819074213
1006,1006,1006,20241022b,Adult,M,fa/fa,empa,3,9.166184634455965,0.96218860099057
1007,1007,1007,20241022b,Adult,M,fa/fa,empa,4,2.413671766406164,0.3826782103633268
1008,1008,1008,20241022b,Adult,M,fa/fa,empa,5,3.741755293017063,0.5730753816761686
1009,1009,1009,20241022b,Adult,M,fa/fa,empa,6,2.651290515517026,0.4234573182171337
1010,1010,1010,20241022b,Adult,M,fa/fa,empa,8,8.375636136970375,0.9230178020114737
1011,1011,1011,20241022b,Adult,M,fa/fa,empa,9,1.8980011556074368,0.2782964725137081
1012,1012,1012,20241022b,Adult,M,fa/fa,empa,10,2.5256034721838008,0.4023651659498991
1013,1013,1013,20241022b,Adult,M,fa/fa,empa,11,2.6622617549303564,0.4252507532923778
1014,1014,1014,20241022b,Adult,M,fa/fa,vehicle,0,6.096005593583745,0.7850453568324365
1015,1015,1015,20241022b,Adult,M,fa/fa,vehicle,1,18.12786778106769,1.2583467249243243
1016,1016,1016,20241022b,Adult,M,fa/fa,vehicle,2,66.54956647486081,1.8231452306868927
1017,1017,1017,20241022b,Adult,M,fa/fa,vehicle,3,13.981177664929495,1.1455437545169151
1018,1018,1018,20241022b,Adult,M,fa/fa,vehicle,4,9.631274946994507,0.9836837809765008
1019,1019,1019,20241022b,Adult,M,fa/fa,vehicle,5,9.532209574184936,0.9791935821334528
1020,1020,1020,20241022b,Adult,M,fa/fa,vehicle,6,45.51993807736953,1.6582016625988991
1021,1021,1021,20241022b,Adult,M,fa/fa,vehicle,8,13.37031944044406,1.1261417834448468
1022,1022,1022,20241022b,Adult,M,fa/fa,vehicle,9,4.265623066573373,0.6299824762095826
1023,1023,1023,20241023a,Adult,M,fa/+,empa,0,2.7813804233579504,0.4442603935624462
1024,1024,1024,20241023a,Adult,M,fa/+,empa,1,1.2652909985096883,0.1021904184076588
1025,1025,1025,20241023a,Adult,M,fa/+,empa,2,0.7596582123713418,-0.1193817628094566
1026,1026,1026,20241023a,Adult,M,fa/+,empa,3,2.247776040236204,0.3517530376199085
1027,1027,1027,20241023a,Adult,M,fa/+,empa,4,1.230039809968924,0.0899191675126044
1028,1028,1028,20241023a,Adult,M,fa/+,empa,5,3.479207765609652,0.5414803640058817
1029,1029,1029,20241023a,Adult,M,fa/+,empa,6,2.451840149863255,0.3894921525122463
1030,1030,1030,20241023a,Adult,M,fa/+,empa,7,1.257967981621742,0.0996695873875022
1031,1031,1031,20241023a,Adult,M,fa/+,empa,8,0.5994272064350302,-0.2222635494509978
1032,1032,1032,20241023a,Adult,M,fa/+,empa,9,1.0100334902489962,0.0043357741679908
1033,1033,1033,20241023a,Adult,M,fa/+,empa,10,2.336061418685341,0.3684842568673646
1034,1034,1034,20241023a,Adult,M,fa/+,empa,11,21.875666957842583,1.3399613029146962
1035,1035,1035,20241023a,Adult,M,fa/+,empa,15,2.533408360568129,0.4037051994420121
1036,1036,1036,20241023a,Adult,M,fa/+,empa,16,0.9090426199710948,-0.0414157546390316
1037,1037,1037,20241023a,Adult,M,fa/+,empa,17,0.9624709752591356,-0.0166123584167185
1038,1038,1038,20241023a,Adult,M,fa/+,empa,18,1.2414766542444895,0.0939385571341401
1039,1039,1039,20241023a,Adult,M,fa/+,empa,20,2.135647082980192,0.3295294868501754
1040,1040,1040,20241023a,Adult,M,fa/+,vehicle,0,3.873258237120927,0.5880764531487228
1041,1041,1041,20241023a,Adult,M,fa/+,vehicle,1,1.209490892798611,0.0826026025679276
1042,1042,1042,20241023a,Adult,M,fa/+,vehicle,2,1.5338360129102266,0.1857789303462347
1043,1043,1043,20241023a,Adult,M,fa/+,vehicle,3,1.8603848699091443,0.2696027988347008
1044,1044,1044,20241023a,Adult,M,fa/+,vehicle,4,6.288143476908651,0.7985224424650065
1045,1045,1045,20241023a,Adult,M,fa/+,vehicle,5,5.168622411171548,0.7133748063533449
1046,1046,1046,20241023a,Adult,M,fa/+,vehicle,6,4.077135197925313,0.6103551129089657
1047,1047,1047,20241023a,Adult,M,fa/+,vehicle,7,3.196903599317493,0.5047295405833288
1048,1048,1048,20241023a,Adult,M,fa/+,vehicle,8,3.0854492170801127,0.4893184028251488
1049,1049,1049,20241023a,Adult,M,fa/+,vehicle,9,1.3635084449723835,0.1346578321152344
1050,1050,1050,20241023a,Adult,M,fa/+,vehicle,10,5.855879395617626,0.7675921236587496
1051,1051,1051,20241023a,Adult,M,fa/+,vehicle,11,34.214279907154115,1.5342074040242668
1052,1052,1052,20241023a,Adult,M,fa/+,vehicle,12,34.19096741517667,1.533911389101041
1053,1053,1053,20241023a,Adult,M,fa/+,vehicle,13,22.47981710143627,1.351792773437944
1054,1054,1054,20241023a,Adult,M,fa/+,vehicle,14,27.39457274399996,1.437664531404415
1055,1055,1055,20241023a,Adult,M,fa/+,vehicle,15,2.0419973634142776,0.3100551769989965
1056,1056,1056,20241023a,Adult,M,fa/+,vehicle,16,1.0289081295271796,0.0123765986491071
1057,1057,1057,20241023a,Adult,M,fa/+,vehicle,17,1.9440766058684245,0.2887133741964497
1058,1058,1058,20241023a,Adult,M,fa/+,vehicle,18,2.129445794191809,0.328266589428313
1059,1059,1059,20241023a,Adult,M,fa/+,vehicle,19,22.620127774848697,1.3544950538058371
1060,1060,1060,20241023a,Adult,M,fa/+,vehicle,20,7.077183665494076,0.8498604664651651
1061,1061,1061,20241023b,Adult,F,fa/fa,empa,0,52.993011341211805,1.7242185991088272
1062,1062,1062,20241023b,Adult,F,fa/fa,empa,1,21.03933541095768,1.3230320172349173
1063,1063,1063,20241023b,Adult,F,fa/fa,empa,3,30.33566399214042,1.4819535052951212
1064,1064,1064,20241023b,Adult,F,fa/fa,empa,4,16.586338391232538,1.2197505215277848
1065,1065,1065,20241023b,Adult,F,fa/fa,empa,5,7.286719374497305,0.8625320443355416
1066,1066,1066,20241023b,Adult,F,fa/fa,empa,7,16.508407764639593,1.2177051875948728
1067,1067,1067,20241023b,Adult,F,fa/fa,empa,8,17.120432352247512,1.2335147279710643
1068,1068,1068,20241023b,Adult,F,fa/fa,empa,9,13.370901884696965,1.126160701976803
1069,1069,1069,20241023b,Adult,F,fa/fa,empa,10,14.727034019100236,1.168115290030671
1070,1070,1070,20241023b,Adult,F,fa/fa,empa,11,17.571838351941448,1.244817199420124
1071,1071,1071,20241023b,Adult,F,fa/fa,empa,12,22.15999553765789,1.3455696686028384
1072,1072,1072,20241023b,Adult,F,fa/fa,empa,13,49.63987790902623,1.6958307046659065
1073,1073,1073,20241023b,Adult,F,fa/fa,empa,14,29.5793100214844,1.4709880392566528
1074,1074,1074,20241023b,Adult,F,fa/fa,empa,15,39.35242071890873,1.5949714526424463
1075,1075,1075,20241023b,Adult,F,fa/fa,empa,16,21.355614999381928,1.3295120827631737
1076,1076,1076,20241023b,Adult,F,fa/fa,vehicle,0,58.519676556258005,1.7673019170735649
1077,1077,1077,20241023b,Adult,F,fa/fa,vehicle,3,37.01614075121354,1.5683911378685196
1078,1078,1078,20241023b,Adult,F,fa/fa,vehicle,4,25.171591788185346,1.4009106801080211
1079,1079,1079,20241023b,Adult,F,fa/fa,vehicle,5,21.769281498657072,1.3378440952644328
1080,1080,1080,20241023b,Adult,F,fa/fa,vehicle,6,23.22536271562142,1.3659625051915274
1081,1081,1081,20241023b,Adult,F,fa/fa,vehicle,8,37.203120184764416,1.5705793652098443
1082,1082,1082,20241023b,Adult,F,fa/fa,vehicle,9,58.77178673418623,1.7691688939984278
1083,1083,1083,20241023b,Adult,F,fa/fa,vehicle,10,24.92134147672468,1.3965714160071454
1084,1084,1084,20241023b,Adult,F,fa/fa,vehicle,11,37.93158583973764,1.5790010000202186
1085,1085,1085,20241023b,Adult,F,fa/fa,vehicle,12,69.42721286499098,1.8415297309824536
1086,1086,1086,20241023b,Adult,F,fa/fa,vehicle,13,102.12631818990508,2.009137675209086
1087,1087,1087,20241023b,Adult,F,fa/fa,vehicle,14,71.74137488565435,1.8557696954446488
1088,1088,1088,20241023b,Adult,F,fa/fa,vehicle,15,98.3313913938769,1.9926921844932333
1089,1089,1089,20241023b,Adult,F,fa/fa,vehicle,16,28.12336658868892,1.4490673079329583
1090,1090,1090,20241024a,Adult,F,fa/fa,empa,0,1.7800194152403566,0.2504247393233696
1091,1091,1091,20241024a,Adult,F,fa/fa,empa,2,6.298186331391448,0.7992155050617276
1092,1092,1092,20241024a,Adult,F,fa/fa,empa,3,12.902144640439811,1.1106619062754983
1093,1093,1093,20241024a,Adult,F,fa/fa,empa,4,6.719541551694383,0.827339643833412
1094,1094,1094,20241024a,Adult,F,fa/fa,empa,5,1.9665024195742309,0.2936944850997398
1095,1095,1095,20241024a,Adult,F,fa/fa,empa,7,54.43770614793882,1.73589981696699
1096,1096,1096,20241024a,Adult,F,fa/fa,empa,8,10.624277659611954,1.0262994122179916
1097,1097,1097,20241024a,Adult,F,fa/fa,empa,9,21.916227822923315,1.3407658063512915
1098,1098,1098,20241024a,Adult,F,fa/fa,empa,10,27.895121769462808,1.4455282615589111
1099,1099,1099,20241024a,Adult,F,fa/fa,empa,12,1.7933689811527385,0.2536696537519626
1100,1100,1100,20241024a,Adult,F,fa/fa,empa,13,6.005480233424866,0.7785477418617014
1101,1101,1101,20241024a,Adult,F,fa/fa,vehicle,0,6.789099531697631,0.8318121757019644
1102,1102,1102,20241024a,Adult,F,fa/fa,vehicle,1,19.534663091002788,1.2908059254671185
1103,1103,1103,20241024a,Adult,F,fa/fa,vehicle,4,13.509636148183969,1.1306436524295913
1104,1104,1104,20241024a,Adult,F,fa/fa,vehicle,5,3.7222839938236856,0.5708095048090871
1105,1105,1105,20241024a,Adult,F,fa/fa,vehicle,6,2.032503446972632,0.3080312907974337
1106,1106,1106,20241024a,Adult,F,fa/fa,vehicle,9,3.199222190213692,0.5050444034579035
1107,1107,1107,20241024a,Adult,F,fa/fa,vehicle,10,4.475924830535839,0.6508827843000972
1108,1108,1108,20241024a,Adult,F,fa/fa,vehicle,11,3.2344013832020404,0.5097939140530743
1109,1109,1109,20241024a,Adult,F,fa/fa,vehicle,12,4.175664045083754,0.6207255500431769
1110,1110,1110,20241024a,Adult,F,fa/fa,vehicle,13,13.39614602531414,1.1269798729408735
1111,1111,1111,20241024b,Adult,M,fa/+,empa,1,14.192010870248124,1.1520439351318852
1112,1112,1112,20241024b,Adult,M,fa/+,empa,2,35.747161691225394,1.5532415647168518
1113,1113,1113,20241024b,Adult,M,fa/+,empa,3,5.735507422021978,0.7585718460970474
1114,1114,1114,20241024b,Adult,M,fa/+,empa,4,59.78505219321969,1.7765926127261005
1115,1115,1115,20241024b,Adult,M,fa/+,empa,5,45.27327105339385,1.6558418739765337
1116,1116,1116,20241024b,Adult,M,fa/+,empa,6,172.41780302363577,2.2365821069396263
1117,1117,1117,20241024b,Adult,M,fa/+,empa,7,71.51003994225354,1.854367020618068
1118,1118,1118,20241024b,Adult,M,fa/+,empa,8,136.9063339887921,2.136423541287726
1119,1119,1119,20241024b,Adult,M,fa/+,empa,11,104.7154728172404,2.020010858017571
1120,1120,1120,20241024b,Adult,M,fa/+,empa,12,50.047057778506186,1.699378550783996
1121,1121,1121,20241024b,Adult,M,fa/+,empa,13,67.32236964792187,1.828159394096782
1122,1122,1122,20241024b,Adult,M,fa/+,empa,14,36.64830311835716,1.5640538708354106
1123,1123,1123,20241024b,Adult,M,fa/+,empa,15,48.31906736513968,1.6841185431196486
1124,1124,1124,20241024b,Adult,M,fa/+,empa,17,39.38479078819814,1.595328542841455
1125,1125,1125,20241024b,Adult,M,fa/+,empa,19,36.98943719915459,1.5680777234981185
1126,1126,1126,20241024b,Adult,M,fa/+,empa,20,66.97167034741469,1.8258911308552264
1127,1127,1127,20241025a,Adult,F,fa/fa,empa,2,17.128436515139587,1.233717722344574
1128,1128,1128,20241025a,Adult,F,fa/fa,empa,3,22.980819845192585,1.3613655181682771
1129,1129,1129,20241025a,Adult,F,fa/fa,empa,4,25.25103187526192,1.402279130121042
1130,1130,1130,20241025a,Adult,F,fa/fa,empa,5,14.335458966410528,1.1564116019486073
1131,1131,1131,20241025a,Adult,F,fa/fa,empa,6,3.199022579282264,0.5050173054242403
1132,1132,1132,20241025a,Adult,F,fa/fa,empa,7,10.494988306994832,1.0209819590489146
1133,1133,1133,20241025a,Adult,F,fa/fa,empa,9,24.653075361422577,1.3918711032962656
1134,1134,1134,20241025a,Adult,F,fa/fa,empa,10,4.167600404477906,0.6198860715079489
1135,1135,1135,20241025a,Adult,F,fa/fa,empa,11,20.02859668441306,1.301650521257326
1136,1136,1136,20241025a,Adult,F,fa/fa,empa,13,12.727287055406872,1.1047358394406346
1137,1137,1137,20241025a,Adult,F,fa/fa,empa,16,12.907419417951347,1.110839422392643
1138,1138,1138,20241025a,Adult,F,fa/fa,empa,18,6.236895213203889,0.7949684474807259
1139,1139,1139,20241025a,Adult,F,fa/fa,vehicle,1,14.532267984807646,1.1623333979472203
1140,1140,1140,20241025a,Adult,F,fa/fa,vehicle,2,49.33185363845303,1.693127434331532
1141,1141,1141,20241025a,Adult,F,fa/fa,vehicle,3,108.00454072242026,2.0334420144613645
1142,1142,1142,20241025a,Adult,F,fa/fa,vehicle,4,24.97261310968348,1.3974639888767302
1143,1143,1143,20241025a,Adult,F,fa/fa,vehicle,5,33.78461907740884,1.5287190266053183
1144,1144,1144,20241025a,Adult,F,fa/fa,vehicle,6,29.97398784088519,1.476744526798741
1145,1145,1145,20241025a,Adult,F,fa/fa,vehicle,7,10.740646935794546,1.0310304407847724
1146,1146,1146,20241025a,Adult,F,fa/fa,vehicle,9,56.70952609338568,1.753656018016249
1147,1147,1147,20241025a,Adult,F,fa/fa,vehicle,10,22.61375204010844,1.3543726258184332
1148,1148,1148,20241025a,Adult,F,fa/fa,vehicle,11,62.96808002217918,1.7991204513061094
1149,1149,1149,20241025a,Adult,F,fa/fa,vehicle,12,62.421792398438846,1.7953362349729416
1150,1150,1150,20241025a,Adult,F,fa/fa,vehicle,13,41.80806865407066,1.6212601055496196
1151,1151,1151,20241025a,Adult,F,fa/fa,vehicle,15,51.61100626740237,1.7127423266560755
1152,1152,1152,20241025a,Adult,F,fa/fa,vehicle,16,33.85544144590512,1.529628480997739
1153,1153,1153,20241025a,Adult,F,fa/fa,vehicle,18,40.45873324282344,1.607012280949267
1154,1154,1154,20241028a,Adult,M,fa/fa,empa,0,60.05631991916268,1.778558716345024
1155,1155,1155,20241028a,Adult,M,fa/fa,empa,2,3.542451607242707,0.5493039261457483
1156,1156,1156,20241028a,Adult,M,fa/fa,empa,3,0.4648120493216444,-0.3327226222569827
1157,1157,1157,20241028a,Adult,M,fa/fa,empa,4,1.5047044371049314,0.1774512016306579
1158,1158,1158,20241028a,Adult,M,fa/fa,empa,5,6.333720748559662,0.801658911572505
1159,1159,1159,20241028a,Adult,M,fa/fa,empa,6,3.986782431127153,0.6006225357529096
1160,1160,1160,20241028a,Adult,M,fa/fa,empa,7,0.8822210240149467,-0.0544225968581293
1161,1161,1161,20241028a,Adult,M,fa/fa,empa,8,4.24600732023322,0.6279807385662384
1162,1162,1162,20241028a,Adult,M,fa/fa,empa,9,1.058984279287226,0.0248895130163745
1163,1163,1163,20241028a,Adult,M,fa/fa,empa,10,15.923672431909436,1.2020432350714798
1164,1164,1164,20241028a,Adult,M,fa/fa,empa,11,39.32881875097672,1.594710902483058
1165,1165,1165,20241028a,Adult,M,fa/fa,empa,12,15.620928108913514,1.1937068336773466
1166,1166,1166,20241028a,Adult,M,fa/fa,empa,13,29.51375757835105,1.4700245057268464
1167,1167,1167,20241028a,Adult,M,fa/fa,empa,14,12.85880787024359,1.1092007073616406
1168,1168,1168,20241028a,Adult,M,fa/fa,vehicle,0,107.9745814143819,2.033321529091136
1169,1169,1169,20241028a,Adult,M,fa/fa,vehicle,3,5.027101750811164,0.7013176756336061
1170,1170,1170,20241028a,Adult,M,fa/fa,vehicle,4,6.510499397136112,0.8136143030231883
1171,1171,1171,20241028a,Adult,M,fa/fa,vehicle,6,5.277057230693492,0.7223918042092632
1172,1172,1172,20241028a,Adult,M,fa/fa,vehicle,7,1.4858079423963255,0.1719626755429489
1173,1173,1173,20241028a,Adult,M,fa/fa,vehicle,8,31.081976257976454,1.4925086243710854
1174,1174,1174,20241028a,Adult,M,fa/fa,vehicle,9,13.726862236082,1.1375712750887852
1175,1175,1175,20241028a,Adult,M,fa/fa,vehicle,10,33.956284807063334,1.5309201675538031
1176,1176,1176,20241028a,Adult,M,fa/fa,vehicle,11,100.6185346539421,2.002677988239769
1177,1177,1177,20241028a,Adult,M,fa/fa,vehicle,12,27.700409690709524,1.4424861923532086
1178,1178,1178,20241028a,Adult,M,fa/fa,vehicle,13,99.52458572412404,1.9979303784882243
1179,1179,1179,20241029a,Adult,M,fa/fa,empa,0,0.8504681059954474,-0.0703419685298426
1180,1180,1180,20241029a,Adult,M,fa/fa,empa,1,1.5097034812386492,0.1788916564935598
1181,1181,1181,20241029a,Adult,M,fa/fa,empa,2,0.6442384365785817,-0.1909533678491304
1182,1182,1182,20241029a,Adult,M,fa/fa,empa,4,0.9180078813282664,-0.0371535902555295
1183,1183,1183,20241029a,Adult,M,fa/fa,empa,5,0.7858074037495462,-0.1046838836529659
1184,1184,1184,20241029a,Adult,M,fa/fa,empa,6,1.7750389616002151,0.2492078901360564
1185,1185,1185,20241029a,Adult,M,fa/fa,empa,7,1.3612175246611908,0.1339275316775626
1186,1186,1186,20241029a,Adult,M,fa/fa,empa,8,0.6099670034781396,-0.214693657767855
1187,1187,1187,20241029a,Adult,M,fa/fa,empa,9,1.299143578396396,0.1136571509648408
1188,1188,1188,20241029a,Adult,M,fa/fa,empa,10,0.9781831054330546,-0.0095798423126919
1189,1189,1189,20241029a,Adult,M,fa/fa,empa,11,1.1895848279122918,0.0753954165125613
1190,1190,1190,20241029a,Adult,M,fa/fa,empa,12,1.6572247231742177,0.2193814036620073
1191,1191,1191,20241029a,Adult,M,fa/fa,empa,13,1.000820797671802,0.0003563216856142
1192,1192,1192,20241029a,Adult,M,fa/fa,empa,14,0.6328389154106654,-0.1987068224489699
1193,1193,1193,20241029a,Adult,M,fa/fa,empa,15,0.6745751785866448,-0.170969642988465
1194,1194,1194,20241029a,Adult,M,fa/fa,empa,16,1.050152251773592,0.0212522679382103
1195,1195,1195,20241029a,Adult,M,fa/fa,empa,17,0.7844455928002079,-0.1054371726201193
1196,1196,1196,20241029a,Adult,M,fa/fa,empa,18,1.071408351565726,0.0299550273502377
1197,1197,1197,20241029a,Adult,M,fa/fa,empa,19,1.0831310337788858,0.0346809993813171
1198,1198,1198,20241029a,Adult,M,fa/fa,vehicle,0,1.0519573162395297,0.0219981184320593
1199,1199,1199,20241029a,Adult,M,fa/fa,vehicle,1,0.6817498409979684,-0.1663749546752404
1200,1200,1200,20241029a,Adult,M,fa/fa,vehicle,2,0.9273691883898456,-0.0327473375264355
1201,1201,1201,20241029a,Adult,M,fa/fa,vehicle,3,1.108999031824595,0.0449311670027043
1202,1202,1202,20241029a,Adult,M,fa/fa,vehicle,4,0.7860042834837487,-0.1045750871816018
1203,1203,1203,20241029a,Adult,M,fa/fa,vehicle,5,1.0308486629044586,0.013194911947201
1204,1204,1204,20241029a,Adult,M,fa/fa,vehicle,6,1.7985423804291891,0.2549206758880208
1205,1205,1205,20241029a,Adult,M,fa/fa,vehicle,7,1.755953831013314,0.2445130928914115
1206,1206,1206,20241029a,Adult,M,fa/fa,vehicle,8,0.8482914684573308,-0.0714549008169563
1207,1207,1207,20241029a,Adult,M,fa/fa,vehicle,9,1.7773711256151348,0.2497781205335707
1208,1208,1208,20241029a,Adult,M,fa/fa,vehicle,10,0.8484543474038521,-0.0713715207051583
1209,1209,1209,20241029a,Adult,M,fa/fa,vehicle,11,1.8540546944863447,0.2681225416548878
1210,1210,1210,20241029a,Adult,M,fa/fa,vehicle,12,1.923605609330397,0.2841160348280988
1211,1211,1211,20241029a,Adult,M,fa/fa,vehicle,13,0.9540928919658072,-0.0204093396520927
1212,1212,1212,20241029a,Adult,M,fa/fa,vehicle,14,0.7396964908920199,-0.1309464415790803
1213,1213,1213,20241029a,Adult,M,fa/fa,vehicle,15,0.6297605076608996,-0.200824577492294
1214,1214,1214,20241029a,Adult,M,fa/fa,vehicle,16,1.2111890919062696,0.083211950872768
1215,1215,1215,20241029a,Adult,M,fa/fa,vehicle,17,1.439137796936225,0.1581023794709288
1216,1216,1216,20241029a,Adult,M,fa/fa,vehicle,18,0.4374374200830194,-0.3590840684852886
1217,1217,1217,20241029a,Adult,M,fa/fa,vehicle,19,0.9630229847199424,-0.0163633473324592
1218,1218,1218,20241029b,Adult,F,fa/+,empa,0,5.542961828692241,0.7437418878572264
1219,1219,1219,20241029b,Adult,F,fa/+,empa,2,10.544960295436676,1.0230449488450433
1220,1220,1220,20241029b,Adult,F,fa/+,empa,3,12.54667353997934,1.0985285979506163
1221,1221,1221,20241029b,Adult,F,fa/+,empa,6,11.966810330208162,1.077978407667192
1222,1222,1222,20241029b,Adult,F,fa/+,empa,7,14.866322621742144,1.172203553417961
1223,1223,1223,20241029b,Adult,F,fa/+,empa,8,7.776332531794207,0.8907748236305975
1224,1224,1224,20241029b,Adult,F,fa/+,empa,9,27.43568812119745,1.438315857314718
1225,1225,1225,20241029b,Adult,F,fa/+,empa,13,14.201958943761966,1.1523482528188946
1226,1226,1226,20241029b,Adult,F,fa/+,empa,14,24.53341044472055,1.3897579246584884
1227,1227,1227,20241029b,Adult,F,fa/+,empa,15,8.774443045913353,0.9432195593529016
1228,1228,1228,20241029b,Adult,F,fa/+,empa,17,27.90001241353917,1.4456043965040763
1229,1229,1229,20241029b,Adult,F,fa/+,empa,19,17.74906443162605,1.2491754659606569
1230,1230,1230,20241029b,Adult,F,fa/+,empa,23,8.524421203149197,0.9306649006484604
1231,1231,1231,20241029b,Adult,F,fa/+,vehicle,0,12.798788005607998,1.1071688456324016
1232,1232,1232,20241029b,Adult,F,fa/+,vehicle,2,16.77042271718494,1.2245440096202234
1233,1233,1233,20241029b,Adult,F,fa/+,vehicle,3,16.36631982682173,1.213951033804924
1234,1234,1234,20241029b,Adult,F,fa/+,vehicle,7,29.79319420841373,1.4741170675897095
1235,1235,1235,20241029b,Adult,F,fa/+,vehicle,8,15.572096574873578,1.1923470884576726
1236,1236,1236,20241029b,Adult,F,fa/+,vehicle,9,64.12927021289991,1.8070562977012103
1237,1237,1237,20241029b,Adult,F,fa/+,vehicle,10,15.724964005041542,1.1965896600041284
1238,1238,1238,20241029b,Adult,F,fa/+,vehicle,11,2.255550390401242,0.3532525339514611
1239,1239,1239,20241029b,Adult,F,fa/+,vehicle,13,10.489385387081926,1.020750041976333
1240,1240,1240,20241029b,Adult,F,fa/+,vehicle,14,33.88393907877012,1.529993892235186
1241,1241,1241,20241029b,Adult,F,fa/+,vehicle,15,15.02902170067859,1.176930711536683
1242,1242,1242,20241029b,Adult,F,fa/+,vehicle,17,41.04550423724103,1.613265595270727
1243,1243,1243,20241029b,Adult,F,fa/+,vehicle,19,24.971078909435143,1.397437307040636
1244,1244,1244,20241029b,Adult,F,fa/+,vehicle,21,9.816090464950596,0.9919385521891808
1245,1245,1245,20241029b,Adult,F,fa/+,vehicle,23,44.26311987237895,1.646042021782968
1246,1246,1246,20241029b,Adult,F,fa/+,vehicle,24,22.111884428269207,1.3446257557820152
1247,1247,1247,20241029c,Adult,F,fa/+,empa,0,13.15872787112805,1.119213905596013
1248,1248,1248,20241029c,Adult,F,fa/+,empa,1,11.554324920624762,1.0627445762268817
1249,1249,1249,20241029c,Adult,F,fa/+,empa,2,10.720350124299989,1.0302089695515613
1250,1250,1250,20241029c,Adult,F,fa/+,empa,3,3.867847047843734,0.5874692917835489
1251,1251,1251,20241029c,Adult,F,fa/+,empa,4,4.136638953735495,0.616647617283483
1252,1252,1252,20241029c,Adult,F,fa/+,empa,5,6.225612919523414,0.7941821147176835
1253,1253,1253,20241029c,Adult,F,fa/+,empa,7,5.994586201857053,0.7777592097113415
1254,1254,1254,20241029c,Adult,F,fa/+,empa,8,11.074478497181923,1.0443232842288526
1255,1255,1255,20241029c,Adult,F,fa/+,empa,9,12.756941667146323,1.1057465696608502
1256,1256,1256,20241029c,Adult,F,fa/+,empa,10,11.041189805045526,1.0430158757413213
1257,1257,1257,20241029c,Adult,F,fa/+,empa,11,8.226088441060377,0.9151933744240704
1258,1258,1258,20241029c,Adult,F,fa/+,empa,12,25.34990696851072,1.403976369857261
1259,1259,1259,20241029c,Adult,F,fa/+,empa,13,12.42079844419968,1.0941495144206286
1260,1260,1260,20241029c,Adult,F,fa/+,empa,14,8.053234396543461,0.9059703398032106
1261,1261,1261,20241029c,Adult,F,fa/+,empa,15,10.718891330990449,1.0301498680309342
1262,1262,1262,20241029c,Adult,F,fa/+,empa,16,7.210380288672855,0.8579581708105145
1263,1263,1263,20241029c,Adult,F,fa/+,empa,17,20.03392291804648,1.3017659984621
1264,1264,1264,20241029c,Adult,F,fa/+,empa,19,8.792079599361688,0.9440916113316142
1265,1265,1265,20241029c,Adult,F,fa/+,empa,20,8.243259913940888,0.9160989935730136
1266,1266,1266,20241029c,Adult,F,fa/+,empa,21,2.1796943475545616,0.3383955979729071
1267,1267,1267,20241029c,Adult,F,fa/+,empa,22,8.402999703211556,0.9244343482042344
1268,1268,1268,20241029c,Adult,F,fa/+,vehicle,0,13.832841009353364,1.1409113853134414
1269,1269,1269,20241029c,Adult,F,fa/+,vehicle,1,10.642107481249134,1.0270276408203978
1270,1270,1270,20241029c,Adult,F,fa/+,vehicle,2,10.091556028965844,1.0039581357801823
1271,1271,1271,20241029c,Adult,F,fa/+,vehicle,3,10.748913516565588,1.031364568660316
1272,1272,1272,20241029c,Adult,F,fa/+,vehicle,4,21.95828987046749,1.3415985138864517
1273,1273,1273,20241029c,Adult,F,fa/+,vehicle,5,21.4763636143304,1.3319607483532414
1274,1274,1274,20241029c,Adult,F,fa/+,vehicle,6,28.497260404286035,1.4548031109386883
1275,1275,1275,20241029c,Adult,F,fa/+,vehicle,7,10.400046329124208,1.0170352739562976
1276,1276,1276,20241029c,Adult,F,fa/+,vehicle,8,12.40957477981377,1.093756900439555
1277,1277,1277,20241029c,Adult,F,fa/+,vehicle,9,19.43781714993862,1.288647492433658
1278,1278,1278,20241029c,Adult,F,fa/+,vehicle,10,31.07774102730416,1.49244944336468
1279,1279,1279,20241029c,Adult,F,fa/+,vehicle,11,10.54995048269026,1.0232504212313562
1280,1280,1280,20241029c,Adult,F,fa/+,vehicle,12,31.41689514585168,1.497163262573716
1281,1281,1281,20241029c,Adult,F,fa/+,vehicle,13,22.54531797860201,1.3530563649643177
1282,1282,1282,20241029c,Adult,F,fa/+,vehicle,14,19.01684129854649,1.2791383821842752
1283,1283,1283,20241029c,Adult,F,fa/+,vehicle,15,21.029111346776865,1.322820920553866
1284,1284,1284,20241029c,Adult,F,fa/+,vehicle,16,22.25313102317769,1.347391124998888
1285,1285,1285,20241029c,Adult,F,fa/+,vehicle,17,26.791305072772875,1.4279938697149177
1286,1286,1286,20241029c,Adult,F,fa/+,vehicle,18,12.532402019222458,1.0980343178989067
1287,1287,1287,20241029c,Adult,F,fa/+,vehicle,19,17.767659545385023,1.2496302238960455
1288,1288,1288,20241029c,Adult,F,fa/+,vehicle,20,5.744049200147781,0.7592181511613296
1289,1289,1289,20241029c,Adult,F,fa/+,vehicle,21,10.336850010263172,1.014388214620479
1290,1290,1290,20241030a,Adult,F,fa/fa,empa,0,14.059719571940684,1.1479766585519924
1291,1291,1291,20241030a,Adult,F,fa/fa,empa,1,14.416612567750969,1.158863227376802
1292,1292,1292,20241030a,Adult,F,fa/fa,empa,3,17.212967025885995,1.235855736795182
1293,1293,1293,20241030a,Adult,F,fa/fa,empa,4,19.76650761387361,1.295929944073187
1294,1294,1294,20241030a,Adult,F,fa/fa,empa,5,39.00191321470753,1.5910859115959923
1295,1295,1295,20241030a,Adult,F,fa/fa,empa,6,29.80293600538876,1.4742590502551136
1296,1296,1296,20241030a,Adult,F,fa/fa,empa,7,36.42516962200936,1.5614015828368433
1297,1297,1297,20241030a,Adult,F,fa/fa,empa,8,39.75968968644804,1.5994429861883244
1298,1298,1298,20241030a,Adult,F,fa/fa,empa,9,28.96577822614485,1.4618852012203714
1299,1299,1299,20241030a,Adult,F,fa/fa,empa,10,39.22172628006589,1.5935267045129962
1300,1300,1300,20241030a,Adult,F,fa/fa,empa,14,53.69903176072015,1.7299664550707403
1301,1301,1301,20241030a,Adult,F,fa/fa,empa,15,152.1890930897642,2.182383529039928
1302,1302,1302,20241030a,Adult,F,fa/fa,empa,16,133.35019070220469,2.12499364110468
1303,1303,1303,20241030a,Adult,F,fa/fa,empa,17,158.61655156892914,2.200348503788609
1304,1304,1304,20241030a,Adult,F,fa/fa,empa,18,40.35470637694618,1.605894191706034
1305,1305,1305,20241030a,Adult,F,fa/fa,empa,19,13.46242075139192,1.1291231597723712
1306,1306,1306,20241030a,Adult,F,fa/fa,vehicle,0,2.723771506294119,0.4351706723605033
1307,1307,1307,20241030a,Adult,F,fa/fa,vehicle,1,10.180425310781306,1.0077659220348278
1308,1308,1308,20241030a,Adult,F,fa/fa,vehicle,7,18.58992891990206,1.2692777292149688
1309,1309,1309,20241030a,Adult,F,fa/fa,vehicle,8,40.69319615509467,1.6095218018711763
1310,1310,1310,20241030a,Adult,F,fa/fa,vehicle,9,13.468503984174738,1.129319359086029
1311,1311,1311,20241030a,Adult,F,fa/fa,vehicle,14,30.461951178200867,1.48375771773891
1312,1312,1312,20241030a,Adult,F,fa/fa,vehicle,15,31.07257796659422,1.4923772864130338
1313,1313,1313,20241030a,Adult,F,fa/fa,vehicle,16,48.16156737146206,1.6827006121721222
1314,1314,1314,20241030b,Adult,F,fa/fa,empa,1,26.2982214972427,1.419926378906078
1315,1315,1315,20241030b,Adult,F,fa/fa,empa,2,8.374821088734972,0.9229755379769304
1316,1316,1316,20241030b,Adult,F,fa/fa,empa,3,1.448935740793543,0.1610491252657894
1317,1317,1317,20241030b,Adult,F,fa/fa,empa,4,5.663133084443738,0.7530567677293737
1318,1318,1318,20241030b,Adult,F,fa/fa,empa,5,1.4520511999667405,0.1619819300493374
1319,1319,1319,20241030b,Adult,F,fa/fa,empa,6,2.8438803606373755,0.453911322083074
1320,1320,1320,20241030b,Adult,F,fa/fa,empa,9,1.3469263541637924,0.129343850470827
1321,1321,1321,20241030b,Adult,F,fa/fa,empa,11,23.786136074485704,1.3763238990435938
1322,1322,1322,20241030b,Adult,F,fa/fa,empa,12,5.263543370368582,0.721278205770974
1323,1323,1323,20241030b,Adult,F,fa/fa,vehicle,2,3.097068413357269,0.4909507989038931
1324,1324,1324,20241030b,Adult,F,fa/fa,vehicle,4,3.544886163216087,0.5496022932621336
1325,1325,1325,20241030b,Adult,F,fa/fa,vehicle,5,2.9351215501584207,0.4676260910930075
1326,1326,1326,20241030b,Adult,F,fa/fa,vehicle,6,2.124041826536732,0.3271630646011668
1327,1327,1327,20241030b,Adult,F,fa/fa,vehicle,8,19.46653207824912,1.2892885897621311
1328,1328,1328,20241030b,Adult,F,fa/fa,vehicle,10,28.88324928494399,1.4606460485632284
1329,1329,1329,20241030b,Adult,F,fa/fa,vehicle,11,11.009296348137584,1.0417595622154685
1330,1330,1330,20241030b,Adult,F,fa/fa,vehicle,13,3.7052519613486288,0.5688177458383568
1331,1331,1331,20241030b,Adult,F,fa/fa,vehicle,14,5.997509360733114,0.7779709344742267
